good sum 111
16 17 18 19 20 21 
15 17 18 19 20 22 
15 16 18 19 21 22 
14 17 18 19 21 22 
15 16 17 20 21 22 
14 16 18 20 21 22 
13 17 18 20 21 22 
14 15 19 20 21 22 
13 16 19 20 21 22 
12 17 19 20 21 22 
11 18 19 20 21 22 
15 16 18 19 20 23 
14 17 18 19 20 23 
15 16 17 19 21 23 
14 16 18 19 21 23 
13 17 18 19 21 23 
14 16 17 20 21 23 
14 15 18 20 21 23 
13 16 18 20 21 23 
12 17 18 20 21 23 
13 15 19 20 21 23 
12 16 19 20 21 23 
11 17 19 20 21 23 
10 18 19 20 21 23 
15 16 17 18 22 23 
14 16 17 19 22 23 
14 15 18 19 22 23 
13 16 18 19 22 23 
12 17 18 19 22 23 
14 15 17 20 22 23 
13 16 17 20 22 23 
13 15 18 20 22 23 
12 16 18 20 22 23 
11 17 18 20 22 23 
13 14 19 20 22 23 
12 15 19 20 22 23 
11 16 19 20 22 23 
10 17 19 20 22 23 
 9 18 19 20 22 23 
14 15 16 21 22 23 
13 15 17 21 22 23 
12 16 17 21 22 23 
13 14 18 21 22 23 
12 15 18 21 22 23 
11 16 18 21 22 23 
10 17 18 21 22 23 
12 14 19 21 22 23 
11 15 19 21 22 23 
10 16 19 21 22 23 
 9 17 19 21 22 23 
 8 18 19 21 22 23 
12 13 20 21 22 23 
11 14 20 21 22 23 
10 15 20 21 22 23 
 9 16 20 21 22 23 
 8 17 20 21 22 23 
 7 18 20 21 22 23 
 6 19 20 21 22 23 
15 16 17 19 20 24 
14 16 18 19 20 24 
13 17 18 19 20 24 
15 16 17 18 21 24 
14 16 17 19 21 24 
14 15 18 19 21 24 
13 16 18 19 21 24 
12 17 18 19 21 24 
14 15 17 20 21 24 
13 16 17 20 21 24 
13 15 18 20 21 24 
12 16 18 20 21 24 
11 17 18 20 21 24 
13 14 19 20 21 24 
12 15 19 20 21 24 
11 16 19 20 21 24 
10 17 19 20 21 24 
 9 18 19 20 21 24 
14 16 17 18 22 24 
14 15 17 19 22 24 
13 16 17 19 22 24 
13 15 18 19 22 24 
12 16 18 19 22 24 
11 17 18 19 22 24 
14 15 16 20 22 24 
13 15 17 20 22 24 
12 16 17 20 22 24 
13 14 18 20 22 24 
12 15 18 20 22 24 
11 16 18 20 22 24 
10 17 18 20 22 24 
12 14 19 20 22 24 
11 15 19 20 22 24 
10 16 19 20 22 24 
 9 17 19 20 22 24 
 8 18 19 20 22 24 
13 15 16 21 22 24 
13 14 17 21 22 24 
12 15 17 21 22 24 
11 16 17 21 22 24 
12 14 18 21 22 24 
11 15 18 21 22 24 
10 16 18 21 22 24 
 9 17 18 21 22 24 
12 13 19 21 22 24 
11 14 19 21 22 24 
10 15 19 21 22 24 
 9 16 19 21 22 24 
 8 17 19 21 22 24 
 7 18 19 21 22 24 
11 13 20 21 22 24 
10 14 20 21 22 24 
 9 15 20 21 22 24 
 8 16 20 21 22 24 
 7 17 20 21 22 24 
 6 18 20 21 22 24 
 5 19 20 21 22 24 
14 15 17 18 23 24 
13 16 17 18 23 24 
14 15 16 19 23 24 
13 15 17 19 23 24 
12 16 17 19 23 24 
13 14 18 19 23 24 
12 15 18 19 23 24 
11 16 18 19 23 24 
10 17 18 19 23 24 
13 15 16 20 23 24 
13 14 17 20 23 24 
12 15 17 20 23 24 
11 16 17 20 23 24 
12 14 18 20 23 24 
11 15 18 20 23 24 
10 16 18 20 23 24 
 9 17 18 20 23 24 
12 13 19 20 23 24 
11 14 19 20 23 24 
10 15 19 20 23 24 
 9 16 19 20 23 24 
 8 17 19 20 23 24 
 7 18 19 20 23 24 
13 14 16 21 23 24 
12 15 16 21 23 24 
12 14 17 21 23 24 
11 15 17 21 23 24 
10 16 17 21 23 24 
12 13 18 21 23 24 
11 14 18 21 23 24 
10 15 18 21 23 24 
 9 16 18 21 23 24 
 8 17 18 21 23 24 
11 13 19 21 23 24 
10 14 19 21 23 24 
 9 15 19 21 23 24 
 8 16 19 21 23 24 
 7 17 19 21 23 24 
 6 18 19 21 23 24 
11 12 20 21 23 24 
10 13 20 21 23 24 
 9 14 20 21 23 24 
 8 15 20 21 23 24 
 7 16 20 21 23 24 
 6 17 20 21 23 24 
 5 18 20 21 23 24 
 4 19 20 21 23 24 
13 14 15 22 23 24 
12 14 16 22 23 24 
11 15 16 22 23 24 
12 13 17 22 23 24 
11 14 17 22 23 24 
10 15 17 22 23 24 
 9 16 17 22 23 24 
11 13 18 22 23 24 
10 14 18 22 23 24 
 9 15 18 22 23 24 
 8 16 18 22 23 24 
 7 17 18 22 23 24 
11 12 19 22 23 24 
10 13 19 22 23 24 
 9 14 19 22 23 24 
 8 15 19 22 23 24 
 7 16 19 22 23 24 
 6 17 19 22 23 24 
 5 18 19 22 23 24 
10 12 20 22 23 24 
 9 13 20 22 23 24 
 8 14 20 22 23 24 
 7 15 20 22 23 24 
 6 16 20 22 23 24 
 5 17 20 22 23 24 
 4 18 20 22 23 24 
 3 19 20 22 23 24 
10 11 21 22 23 24 
 9 12 21 22 23 24 
 8 13 21 22 23 24 
 7 14 21 22 23 24 
 6 15 21 22 23 24 
 5 16 21 22 23 24 
 4 17 21 22 23 24 
 3 18 21 22 23 24 
 2 19 21 22 23 24 
 1 20 21 22 23 24 
15 16 17 18 20 25 
14 16 17 19 20 25 
14 15 18 19 20 25 
13 16 18 19 20 25 
12 17 18 19 20 25 
14 16 17 18 21 25 
14 15 17 19 21 25 
13 16 17 19 21 25 
13 15 18 19 21 25 
12 16 18 19 21 25 
11 17 18 19 21 25 
14 15 16 20 21 25 
13 15 17 20 21 25 
12 16 17 20 21 25 
13 14 18 20 21 25 
12 15 18 20 21 25 
11 16 18 20 21 25 
10 17 18 20 21 25 
12 14 19 20 21 25 
11 15 19 20 21 25 
10 16 19 20 21 25 
 9 17 19 20 21 25 
 8 18 19 20 21 25 
14 15 17 18 22 25 
13 16 17 18 22 25 
14 15 16 19 22 25 
13 15 17 19 22 25 
12 16 17 19 22 25 
13 14 18 19 22 25 
12 15 18 19 22 25 
11 16 18 19 22 25 
10 17 18 19 22 25 
13 15 16 20 22 25 
13 14 17 20 22 25 
12 15 17 20 22 25 
11 16 17 20 22 25 
12 14 18 20 22 25 
11 15 18 20 22 25 
10 16 18 20 22 25 
 9 17 18 20 22 25 
12 13 19 20 22 25 
11 14 19 20 22 25 
10 15 19 20 22 25 
 9 16 19 20 22 25 
 8 17 19 20 22 25 
 7 18 19 20 22 25 
13 14 16 21 22 25 
12 15 16 21 22 25 
12 14 17 21 22 25 
11 15 17 21 22 25 
10 16 17 21 22 25 
12 13 18 21 22 25 
11 14 18 21 22 25 
10 15 18 21 22 25 
 9 16 18 21 22 25 
 8 17 18 21 22 25 
11 13 19 21 22 25 
10 14 19 21 22 25 
 9 15 19 21 22 25 
 8 16 19 21 22 25 
 7 17 19 21 22 25 
 6 18 19 21 22 25 
11 12 20 21 22 25 
10 13 20 21 22 25 
 9 14 20 21 22 25 
 8 15 20 21 22 25 
 7 16 20 21 22 25 
 6 17 20 21 22 25 
 5 18 20 21 22 25 
 4 19 20 21 22 25 
14 15 16 18 23 25 
13 15 17 18 23 25 
12 16 17 18 23 25 
13 15 16 19 23 25 
13 14 17 19 23 25 
12 15 17 19 23 25 
11 16 17 19 23 25 
12 14 18 19 23 25 
11 15 18 19 23 25 
10 16 18 19 23 25 
 9 17 18 19 23 25 
13 14 16 20 23 25 
12 15 16 20 23 25 
12 14 17 20 23 25 
11 15 17 20 23 25 
10 16 17 20 23 25 
12 13 18 20 23 25 
11 14 18 20 23 25 
10 15 18 20 23 25 
 9 16 18 20 23 25 
 8 17 18 20 23 25 
11 13 19 20 23 25 
10 14 19 20 23 25 
 9 15 19 20 23 25 
 8 16 19 20 23 25 
 7 17 19 20 23 25 
 6 18 19 20 23 25 
13 14 15 21 23 25 
12 14 16 21 23 25 
11 15 16 21 23 25 
12 13 17 21 23 25 
11 14 17 21 23 25 
10 15 17 21 23 25 
 9 16 17 21 23 25 
11 13 18 21 23 25 
10 14 18 21 23 25 
 9 15 18 21 23 25 
 8 16 18 21 23 25 
 7 17 18 21 23 25 
11 12 19 21 23 25 
10 13 19 21 23 25 
 9 14 19 21 23 25 
 8 15 19 21 23 25 
 7 16 19 21 23 25 
 6 17 19 21 23 25 
 5 18 19 21 23 25 
10 12 20 21 23 25 
 9 13 20 21 23 25 
 8 14 20 21 23 25 
 7 15 20 21 23 25 
 6 16 20 21 23 25 
 5 17 20 21 23 25 
 4 18 20 21 23 25 
 3 19 20 21 23 25 
12 14 15 22 23 25 
12 13 16 22 23 25 
11 14 16 22 23 25 
10 15 16 22 23 25 
11 13 17 22 23 25 
10 14 17 22 23 25 
 9 15 17 22 23 25 
 8 16 17 22 23 25 
11 12 18 22 23 25 
10 13 18 22 23 25 
 9 14 18 22 23 25 
 8 15 18 22 23 25 
 7 16 18 22 23 25 
 6 17 18 22 23 25 
10 12 19 22 23 25 
 9 13 19 22 23 25 
 8 14 19 22 23 25 
 7 15 19 22 23 25 
 6 16 19 22 23 25 
 5 17 19 22 23 25 
 4 18 19 22 23 25 
10 11 20 22 23 25 
 9 12 20 22 23 25 
 8 13 20 22 23 25 
 7 14 20 22 23 25 
 6 15 20 22 23 25 
 5 16 20 22 23 25 
 4 17 20 22 23 25 
 3 18 20 22 23 25 
 2 19 20 22 23 25 
 9 11 21 22 23 25 
 8 12 21 22 23 25 
 7 13 21 22 23 25 
 6 14 21 22 23 25 
 5 15 21 22 23 25 
 4 16 21 22 23 25 
 3 17 21 22 23 25 
 2 18 21 22 23 25 
 1 19 21 22 23 25 
14 15 16 17 24 25 
13 15 16 18 24 25 
13 14 17 18 24 25 
12 15 17 18 24 25 
11 16 17 18 24 25 
13 14 16 19 24 25 
12 15 16 19 24 25 
12 14 17 19 24 25 
11 15 17 19 24 25 
10 16 17 19 24 25 
12 13 18 19 24 25 
11 14 18 19 24 25 
10 15 18 19 24 25 
 9 16 18 19 24 25 
 8 17 18 19 24 25 
13 14 15 20 24 25 
12 14 16 20 24 25 
11 15 16 20 24 25 
12 13 17 20 24 25 
11 14 17 20 24 25 
10 15 17 20 24 25 
 9 16 17 20 24 25 
11 13 18 20 24 25 
10 14 18 20 24 25 
 9 15 18 20 24 25 
 8 16 18 20 24 25 
 7 17 18 20 24 25 
11 12 19 20 24 25 
10 13 19 20 24 25 
 9 14 19 20 24 25 
 8 15 19 20 24 25 
 7 16 19 20 24 25 
 6 17 19 20 24 25 
 5 18 19 20 24 25 
12 14 15 21 24 25 
12 13 16 21 24 25 
11 14 16 21 24 25 
10 15 16 21 24 25 
11 13 17 21 24 25 
10 14 17 21 24 25 
 9 15 17 21 24 25 
 8 16 17 21 24 25 
11 12 18 21 24 25 
10 13 18 21 24 25 
 9 14 18 21 24 25 
 8 15 18 21 24 25 
 7 16 18 21 24 25 
 6 17 18 21 24 25 
10 12 19 21 24 25 
 9 13 19 21 24 25 
 8 14 19 21 24 25 
 7 15 19 21 24 25 
 6 16 19 21 24 25 
 5 17 19 21 24 25 
 4 18 19 21 24 25 
10 11 20 21 24 25 
 9 12 20 21 24 25 
 8 13 20 21 24 25 
 7 14 20 21 24 25 
 6 15 20 21 24 25 
 5 16 20 21 24 25 
 4 17 20 21 24 25 
 3 18 20 21 24 25 
 2 19 20 21 24 25 
12 13 15 22 24 25 
11 14 15 22 24 25 
11 13 16 22 24 25 
10 14 16 22 24 25 
 9 15 16 22 24 25 
11 12 17 22 24 25 
10 13 17 22 24 25 
 9 14 17 22 24 25 
 8 15 17 22 24 25 
 7 16 17 22 24 25 
10 12 18 22 24 25 
 9 13 18 22 24 25 
 8 14 18 22 24 25 
 7 15 18 22 24 25 
 6 16 18 22 24 25 
 5 17 18 22 24 25 
10 11 19 22 24 25 
 9 12 19 22 24 25 
 8 13 19 22 24 25 
 7 14 19 22 24 25 
 6 15 19 22 24 25 
 5 16 19 22 24 25 
 4 17 19 22 24 25 
 3 18 19 22 24 25 
 9 11 20 22 24 25 
 8 12 20 22 24 25 
 7 13 20 22 24 25 
 6 14 20 22 24 25 
 5 15 20 22 24 25 
 4 16 20 22 24 25 
 3 17 20 22 24 25 
 2 18 20 22 24 25 
 1 19 20 22 24 25 
 9 10 21 22 24 25 
 8 11 21 22 24 25 
 7 12 21 22 24 25 
 6 13 21 22 24 25 
 5 14 21 22 24 25 
 4 15 21 22 24 25 
 3 16 21 22 24 25 
 2 17 21 22 24 25 
 1 18 21 22 24 25 
12 13 14 23 24 25 
11 13 15 23 24 25 
10 14 15 23 24 25 
11 12 16 23 24 25 
10 13 16 23 24 25 
 9 14 16 23 24 25 
 8 15 16 23 24 25 
10 12 17 23 24 25 
 9 13 17 23 24 25 
 8 14 17 23 24 25 
 7 15 17 23 24 25 
 6 16 17 23 24 25 
10 11 18 23 24 25 
 9 12 18 23 24 25 
 8 13 18 23 24 25 
 7 14 18 23 24 25 
 6 15 18 23 24 25 
 5 16 18 23 24 25 
 4 17 18 23 24 25 
 9 11 19 23 24 25 
 8 12 19 23 24 25 
 7 13 19 23 24 25 
 6 14 19 23 24 25 
 5 15 19 23 24 25 
 4 16 19 23 24 25 
 3 17 19 23 24 25 
 2 18 19 23 24 25 
 9 10 20 23 24 25 
 8 11 20 23 24 25 
 7 12 20 23 24 25 
 6 13 20 23 24 25 
 5 14 20 23 24 25 
 4 15 20 23 24 25 
 3 16 20 23 24 25 
 2 17 20 23 24 25 
 1 18 20 23 24 25 
 8 10 21 23 24 25 
 7 11 21 23 24 25 
 6 12 21 23 24 25 
 5 13 21 23 24 25 
 4 14 21 23 24 25 
 3 15 21 23 24 25 
 2 16 21 23 24 25 
 1 17 21 23 24 25 
 8  9 22 23 24 25 
 7 10 22 23 24 25 
 6 11 22 23 24 25 
 5 12 22 23 24 25 
 4 13 22 23 24 25 
 3 14 22 23 24 25 
 2 15 22 23 24 25 
 1 16 22 23 24 25 
15 16 17 18 19 26 
14 16 17 18 20 26 
14 15 17 19 20 26 
13 16 17 19 20 26 
13 15 18 19 20 26 
12 16 18 19 20 26 
11 17 18 19 20 26 
14 15 17 18 21 26 
13 16 17 18 21 26 
14 15 16 19 21 26 
13 15 17 19 21 26 
12 16 17 19 21 26 
13 14 18 19 21 26 
12 15 18 19 21 26 
11 16 18 19 21 26 
10 17 18 19 21 26 
13 15 16 20 21 26 
13 14 17 20 21 26 
12 15 17 20 21 26 
11 16 17 20 21 26 
12 14 18 20 21 26 
11 15 18 20 21 26 
10 16 18 20 21 26 
 9 17 18 20 21 26 
12 13 19 20 21 26 
11 14 19 20 21 26 
10 15 19 20 21 26 
 9 16 19 20 21 26 
 8 17 19 20 21 26 
 7 18 19 20 21 26 
14 15 16 18 22 26 
13 15 17 18 22 26 
12 16 17 18 22 26 
13 15 16 19 22 26 
13 14 17 19 22 26 
12 15 17 19 22 26 
11 16 17 19 22 26 
12 14 18 19 22 26 
11 15 18 19 22 26 
10 16 18 19 22 26 
 9 17 18 19 22 26 
13 14 16 20 22 26 
12 15 16 20 22 26 
12 14 17 20 22 26 
11 15 17 20 22 26 
10 16 17 20 22 26 
12 13 18 20 22 26 
11 14 18 20 22 26 
10 15 18 20 22 26 
 9 16 18 20 22 26 
 8 17 18 20 22 26 
11 13 19 20 22 26 
10 14 19 20 22 26 
 9 15 19 20 22 26 
 8 16 19 20 22 26 
 7 17 19 20 22 26 
 6 18 19 20 22 26 
13 14 15 21 22 26 
12 14 16 21 22 26 
11 15 16 21 22 26 
12 13 17 21 22 26 
11 14 17 21 22 26 
10 15 17 21 22 26 
 9 16 17 21 22 26 
11 13 18 21 22 26 
10 14 18 21 22 26 
 9 15 18 21 22 26 
 8 16 18 21 22 26 
 7 17 18 21 22 26 
11 12 19 21 22 26 
10 13 19 21 22 26 
 9 14 19 21 22 26 
 8 15 19 21 22 26 
 7 16 19 21 22 26 
 6 17 19 21 22 26 
 5 18 19 21 22 26 
10 12 20 21 22 26 
 9 13 20 21 22 26 
 8 14 20 21 22 26 
 7 15 20 21 22 26 
 6 16 20 21 22 26 
 5 17 20 21 22 26 
 4 18 20 21 22 26 
 3 19 20 21 22 26 
14 15 16 17 23 26 
13 15 16 18 23 26 
13 14 17 18 23 26 
12 15 17 18 23 26 
11 16 17 18 23 26 
13 14 16 19 23 26 
12 15 16 19 23 26 
12 14 17 19 23 26 
11 15 17 19 23 26 
10 16 17 19 23 26 
12 13 18 19 23 26 
11 14 18 19 23 26 
10 15 18 19 23 26 
 9 16 18 19 23 26 
 8 17 18 19 23 26 
13 14 15 20 23 26 
12 14 16 20 23 26 
11 15 16 20 23 26 
12 13 17 20 23 26 
11 14 17 20 23 26 
10 15 17 20 23 26 
 9 16 17 20 23 26 
11 13 18 20 23 26 
10 14 18 20 23 26 
 9 15 18 20 23 26 
 8 16 18 20 23 26 
 7 17 18 20 23 26 
11 12 19 20 23 26 
10 13 19 20 23 26 
 9 14 19 20 23 26 
 8 15 19 20 23 26 
 7 16 19 20 23 26 
 6 17 19 20 23 26 
 5 18 19 20 23 26 
12 14 15 21 23 26 
12 13 16 21 23 26 
11 14 16 21 23 26 
10 15 16 21 23 26 
11 13 17 21 23 26 
10 14 17 21 23 26 
 9 15 17 21 23 26 
 8 16 17 21 23 26 
11 12 18 21 23 26 
10 13 18 21 23 26 
 9 14 18 21 23 26 
 8 15 18 21 23 26 
 7 16 18 21 23 26 
 6 17 18 21 23 26 
10 12 19 21 23 26 
 9 13 19 21 23 26 
 8 14 19 21 23 26 
 7 15 19 21 23 26 
 6 16 19 21 23 26 
 5 17 19 21 23 26 
 4 18 19 21 23 26 
10 11 20 21 23 26 
 9 12 20 21 23 26 
 8 13 20 21 23 26 
 7 14 20 21 23 26 
 6 15 20 21 23 26 
 5 16 20 21 23 26 
 4 17 20 21 23 26 
 3 18 20 21 23 26 
 2 19 20 21 23 26 
12 13 15 22 23 26 
11 14 15 22 23 26 
11 13 16 22 23 26 
10 14 16 22 23 26 
 9 15 16 22 23 26 
11 12 17 22 23 26 
10 13 17 22 23 26 
 9 14 17 22 23 26 
 8 15 17 22 23 26 
 7 16 17 22 23 26 
10 12 18 22 23 26 
 9 13 18 22 23 26 
 8 14 18 22 23 26 
 7 15 18 22 23 26 
 6 16 18 22 23 26 
 5 17 18 22 23 26 
10 11 19 22 23 26 
 9 12 19 22 23 26 
 8 13 19 22 23 26 
 7 14 19 22 23 26 
 6 15 19 22 23 26 
 5 16 19 22 23 26 
 4 17 19 22 23 26 
 3 18 19 22 23 26 
 9 11 20 22 23 26 
 8 12 20 22 23 26 
 7 13 20 22 23 26 
 6 14 20 22 23 26 
 5 15 20 22 23 26 
 4 16 20 22 23 26 
 3 17 20 22 23 26 
 2 18 20 22 23 26 
 1 19 20 22 23 26 
 9 10 21 22 23 26 
 8 11 21 22 23 26 
 7 12 21 22 23 26 
 6 13 21 22 23 26 
 5 14 21 22 23 26 
 4 15 21 22 23 26 
 3 16 21 22 23 26 
 2 17 21 22 23 26 
 1 18 21 22 23 26 
13 15 16 17 24 26 
13 14 16 18 24 26 
12 15 16 18 24 26 
12 14 17 18 24 26 
11 15 17 18 24 26 
10 16 17 18 24 26 
13 14 15 19 24 26 
12 14 16 19 24 26 
11 15 16 19 24 26 
12 13 17 19 24 26 
11 14 17 19 24 26 
10 15 17 19 24 26 
 9 16 17 19 24 26 
11 13 18 19 24 26 
10 14 18 19 24 26 
 9 15 18 19 24 26 
 8 16 18 19 24 26 
 7 17 18 19 24 26 
12 14 15 20 24 26 
12 13 16 20 24 26 
11 14 16 20 24 26 
10 15 16 20 24 26 
11 13 17 20 24 26 
10 14 17 20 24 26 
 9 15 17 20 24 26 
 8 16 17 20 24 26 
11 12 18 20 24 26 
10 13 18 20 24 26 
 9 14 18 20 24 26 
 8 15 18 20 24 26 
 7 16 18 20 24 26 
 6 17 18 20 24 26 
10 12 19 20 24 26 
 9 13 19 20 24 26 
 8 14 19 20 24 26 
 7 15 19 20 24 26 
 6 16 19 20 24 26 
 5 17 19 20 24 26 
 4 18 19 20 24 26 
12 13 15 21 24 26 
11 14 15 21 24 26 
11 13 16 21 24 26 
10 14 16 21 24 26 
 9 15 16 21 24 26 
11 12 17 21 24 26 
10 13 17 21 24 26 
 9 14 17 21 24 26 
 8 15 17 21 24 26 
 7 16 17 21 24 26 
10 12 18 21 24 26 
 9 13 18 21 24 26 
 8 14 18 21 24 26 
 7 15 18 21 24 26 
 6 16 18 21 24 26 
 5 17 18 21 24 26 
10 11 19 21 24 26 
 9 12 19 21 24 26 
 8 13 19 21 24 26 
 7 14 19 21 24 26 
 6 15 19 21 24 26 
 5 16 19 21 24 26 
 4 17 19 21 24 26 
 3 18 19 21 24 26 
 9 11 20 21 24 26 
 8 12 20 21 24 26 
 7 13 20 21 24 26 
 6 14 20 21 24 26 
 5 15 20 21 24 26 
 4 16 20 21 24 26 
 3 17 20 21 24 26 
 2 18 20 21 24 26 
 1 19 20 21 24 26 
12 13 14 22 24 26 
11 13 15 22 24 26 
10 14 15 22 24 26 
11 12 16 22 24 26 
10 13 16 22 24 26 
 9 14 16 22 24 26 
 8 15 16 22 24 26 
10 12 17 22 24 26 
 9 13 17 22 24 26 
 8 14 17 22 24 26 
 7 15 17 22 24 26 
 6 16 17 22 24 26 
10 11 18 22 24 26 
 9 12 18 22 24 26 
 8 13 18 22 24 26 
 7 14 18 22 24 26 
 6 15 18 22 24 26 
 5 16 18 22 24 26 
 4 17 18 22 24 26 
 9 11 19 22 24 26 
 8 12 19 22 24 26 
 7 13 19 22 24 26 
 6 14 19 22 24 26 
 5 15 19 22 24 26 
 4 16 19 22 24 26 
 3 17 19 22 24 26 
 2 18 19 22 24 26 
 9 10 20 22 24 26 
 8 11 20 22 24 26 
 7 12 20 22 24 26 
 6 13 20 22 24 26 
 5 14 20 22 24 26 
 4 15 20 22 24 26 
 3 16 20 22 24 26 
 2 17 20 22 24 26 
 1 18 20 22 24 26 
 8 10 21 22 24 26 
 7 11 21 22 24 26 
 6 12 21 22 24 26 
 5 13 21 22 24 26 
 4 14 21 22 24 26 
 3 15 21 22 24 26 
 2 16 21 22 24 26 
 1 17 21 22 24 26 
11 13 14 23 24 26 
11 12 15 23 24 26 
10 13 15 23 24 26 
 9 14 15 23 24 26 
10 12 16 23 24 26 
 9 13 16 23 24 26 
 8 14 16 23 24 26 
 7 15 16 23 24 26 
10 11 17 23 24 26 
 9 12 17 23 24 26 
 8 13 17 23 24 26 
 7 14 17 23 24 26 
 6 15 17 23 24 26 
 5 16 17 23 24 26 
 9 11 18 23 24 26 
 8 12 18 23 24 26 
 7 13 18 23 24 26 
 6 14 18 23 24 26 
 5 15 18 23 24 26 
 4 16 18 23 24 26 
 3 17 18 23 24 26 
 9 10 19 23 24 26 
 8 11 19 23 24 26 
 7 12 19 23 24 26 
 6 13 19 23 24 26 
 5 14 19 23 24 26 
 4 15 19 23 24 26 
 3 16 19 23 24 26 
 2 17 19 23 24 26 
 1 18 19 23 24 26 
 8 10 20 23 24 26 
 7 11 20 23 24 26 
 6 12 20 23 24 26 
 5 13 20 23 24 26 
 4 14 20 23 24 26 
 3 15 20 23 24 26 
 2 16 20 23 24 26 
 1 17 20 23 24 26 
 8  9 21 23 24 26 
 7 10 21 23 24 26 
 6 11 21 23 24 26 
 5 12 21 23 24 26 
 4 13 21 23 24 26 
 3 14 21 23 24 26 
 2 15 21 23 24 26 
 1 16 21 23 24 26 
 7  9 22 23 24 26 
 6 10 22 23 24 26 
 5 11 22 23 24 26 
 4 12 22 23 24 26 
 3 13 22 23 24 26 
 2 14 22 23 24 26 
 1 15 22 23 24 26 
13 14 16 17 25 26 
12 15 16 17 25 26 
13 14 15 18 25 26 
12 14 16 18 25 26 
11 15 16 18 25 26 
12 13 17 18 25 26 
11 14 17 18 25 26 
10 15 17 18 25 26 
 9 16 17 18 25 26 
12 14 15 19 25 26 
12 13 16 19 25 26 
11 14 16 19 25 26 
10 15 16 19 25 26 
11 13 17 19 25 26 
10 14 17 19 25 26 
 9 15 17 19 25 26 
 8 16 17 19 25 26 
11 12 18 19 25 26 
10 13 18 19 25 26 
 9 14 18 19 25 26 
 8 15 18 19 25 26 
 7 16 18 19 25 26 
 6 17 18 19 25 26 
12 13 15 20 25 26 
11 14 15 20 25 26 
11 13 16 20 25 26 
10 14 16 20 25 26 
 9 15 16 20 25 26 
11 12 17 20 25 26 
10 13 17 20 25 26 
 9 14 17 20 25 26 
 8 15 17 20 25 26 
 7 16 17 20 25 26 
10 12 18 20 25 26 
 9 13 18 20 25 26 
 8 14 18 20 25 26 
 7 15 18 20 25 26 
 6 16 18 20 25 26 
 5 17 18 20 25 26 
10 11 19 20 25 26 
 9 12 19 20 25 26 
 8 13 19 20 25 26 
 7 14 19 20 25 26 
 6 15 19 20 25 26 
 5 16 19 20 25 26 
 4 17 19 20 25 26 
 3 18 19 20 25 26 
12 13 14 21 25 26 
11 13 15 21 25 26 
10 14 15 21 25 26 
11 12 16 21 25 26 
10 13 16 21 25 26 
 9 14 16 21 25 26 
 8 15 16 21 25 26 
10 12 17 21 25 26 
 9 13 17 21 25 26 
 8 14 17 21 25 26 
 7 15 17 21 25 26 
 6 16 17 21 25 26 
10 11 18 21 25 26 
 9 12 18 21 25 26 
 8 13 18 21 25 26 
 7 14 18 21 25 26 
 6 15 18 21 25 26 
 5 16 18 21 25 26 
 4 17 18 21 25 26 
 9 11 19 21 25 26 
 8 12 19 21 25 26 
 7 13 19 21 25 26 
 6 14 19 21 25 26 
 5 15 19 21 25 26 
 4 16 19 21 25 26 
 3 17 19 21 25 26 
 2 18 19 21 25 26 
 9 10 20 21 25 26 
 8 11 20 21 25 26 
 7 12 20 21 25 26 
 6 13 20 21 25 26 
 5 14 20 21 25 26 
 4 15 20 21 25 26 
 3 16 20 21 25 26 
 2 17 20 21 25 26 
 1 18 20 21 25 26 
11 13 14 22 25 26 
11 12 15 22 25 26 
10 13 15 22 25 26 
 9 14 15 22 25 26 
10 12 16 22 25 26 
 9 13 16 22 25 26 
 8 14 16 22 25 26 
 7 15 16 22 25 26 
10 11 17 22 25 26 
 9 12 17 22 25 26 
 8 13 17 22 25 26 
 7 14 17 22 25 26 
 6 15 17 22 25 26 
 5 16 17 22 25 26 
 9 11 18 22 25 26 
 8 12 18 22 25 26 
 7 13 18 22 25 26 
 6 14 18 22 25 26 
 5 15 18 22 25 26 
 4 16 18 22 25 26 
 3 17 18 22 25 26 
 9 10 19 22 25 26 
 8 11 19 22 25 26 
 7 12 19 22 25 26 
 6 13 19 22 25 26 
 5 14 19 22 25 26 
 4 15 19 22 25 26 
 3 16 19 22 25 26 
 2 17 19 22 25 26 
 1 18 19 22 25 26 
 8 10 20 22 25 26 
 7 11 20 22 25 26 
 6 12 20 22 25 26 
 5 13 20 22 25 26 
 4 14 20 22 25 26 
 3 15 20 22 25 26 
 2 16 20 22 25 26 
 1 17 20 22 25 26 
 8  9 21 22 25 26 
 7 10 21 22 25 26 
 6 11 21 22 25 26 
 5 12 21 22 25 26 
 4 13 21 22 25 26 
 3 14 21 22 25 26 
 2 15 21 22 25 26 
 1 16 21 22 25 26 
11 12 14 23 25 26 
10 13 14 23 25 26 
10 12 15 23 25 26 
 9 13 15 23 25 26 
 8 14 15 23 25 26 
10 11 16 23 25 26 
 9 12 16 23 25 26 
 8 13 16 23 25 26 
 7 14 16 23 25 26 
 6 15 16 23 25 26 
 9 11 17 23 25 26 
 8 12 17 23 25 26 
 7 13 17 23 25 26 
 6 14 17 23 25 26 
 5 15 17 23 25 26 
 4 16 17 23 25 26 
 9 10 18 23 25 26 
 8 11 18 23 25 26 
 7 12 18 23 25 26 
 6 13 18 23 25 26 
 5 14 18 23 25 26 
 4 15 18 23 25 26 
 3 16 18 23 25 26 
 2 17 18 23 25 26 
 8 10 19 23 25 26 
 7 11 19 23 25 26 
 6 12 19 23 25 26 
 5 13 19 23 25 26 
 4 14 19 23 25 26 
 3 15 19 23 25 26 
 2 16 19 23 25 26 
 1 17 19 23 25 26 
 8  9 20 23 25 26 
 7 10 20 23 25 26 
 6 11 20 23 25 26 
 5 12 20 23 25 26 
 4 13 20 23 25 26 
 3 14 20 23 25 26 
 2 15 20 23 25 26 
 1 16 20 23 25 26 
 7  9 21 23 25 26 
 6 10 21 23 25 26 
 5 11 21 23 25 26 
 4 12 21 23 25 26 
 3 13 21 23 25 26 
 2 14 21 23 25 26 
 1 15 21 23 25 26 
 7  8 22 23 25 26 
 6  9 22 23 25 26 
 5 10 22 23 25 26 
 4 11 22 23 25 26 
 3 12 22 23 25 26 
 2 13 22 23 25 26 
 1 14 22 23 25 26 
11 12 13 24 25 26 
10 12 14 24 25 26 
 9 13 14 24 25 26 
10 11 15 24 25 26 
 9 12 15 24 25 26 
 8 13 15 24 25 26 
 7 14 15 24 25 26 
 9 11 16 24 25 26 
 8 12 16 24 25 26 
 7 13 16 24 25 26 
 6 14 16 24 25 26 
 5 15 16 24 25 26 
 9 10 17 24 25 26 
 8 11 17 24 25 26 
 7 12 17 24 25 26 
 6 13 17 24 25 26 
 5 14 17 24 25 26 
 4 15 17 24 25 26 
 3 16 17 24 25 26 
 8 10 18 24 25 26 
 7 11 18 24 25 26 
 6 12 18 24 25 26 
 5 13 18 24 25 26 
 4 14 18 24 25 26 
 3 15 18 24 25 26 
 2 16 18 24 25 26 
 1 17 18 24 25 26 
 8  9 19 24 25 26 
 7 10 19 24 25 26 
 6 11 19 24 25 26 
 5 12 19 24 25 26 
 4 13 19 24 25 26 
 3 14 19 24 25 26 
 2 15 19 24 25 26 
 1 16 19 24 25 26 
 7  9 20 24 25 26 
 6 10 20 24 25 26 
 5 11 20 24 25 26 
 4 12 20 24 25 26 
 3 13 20 24 25 26 
 2 14 20 24 25 26 
 1 15 20 24 25 26 
 7  8 21 24 25 26 
 6  9 21 24 25 26 
 5 10 21 24 25 26 
 4 11 21 24 25 26 
 3 12 21 24 25 26 
 2 13 21 24 25 26 
 1 14 21 24 25 26 
 6  8 22 24 25 26 
 5  9 22 24 25 26 
 4 10 22 24 25 26 
 3 11 22 24 25 26 
 2 12 22 24 25 26 
 1 13 22 24 25 26 
 6  7 23 24 25 26 
 5  8 23 24 25 26 
 4  9 23 24 25 26 
 3 10 23 24 25 26 
 2 11 23 24 25 26 
 1 12 23 24 25 26 
14 16 17 18 19 27 
14 15 17 18 20 27 
13 16 17 18 20 27 
14 15 16 19 20 27 
13 15 17 19 20 27 
12 16 17 19 20 27 
13 14 18 19 20 27 
12 15 18 19 20 27 
11 16 18 19 20 27 
10 17 18 19 20 27 
14 15 16 18 21 27 
13 15 17 18 21 27 
12 16 17 18 21 27 
13 15 16 19 21 27 
13 14 17 19 21 27 
12 15 17 19 21 27 
11 16 17 19 21 27 
12 14 18 19 21 27 
11 15 18 19 21 27 
10 16 18 19 21 27 
 9 17 18 19 21 27 
13 14 16 20 21 27 
12 15 16 20 21 27 
12 14 17 20 21 27 
11 15 17 20 21 27 
10 16 17 20 21 27 
12 13 18 20 21 27 
11 14 18 20 21 27 
10 15 18 20 21 27 
 9 16 18 20 21 27 
 8 17 18 20 21 27 
11 13 19 20 21 27 
10 14 19 20 21 27 
 9 15 19 20 21 27 
 8 16 19 20 21 27 
 7 17 19 20 21 27 
 6 18 19 20 21 27 
14 15 16 17 22 27 
13 15 16 18 22 27 
13 14 17 18 22 27 
12 15 17 18 22 27 
11 16 17 18 22 27 
13 14 16 19 22 27 
12 15 16 19 22 27 
12 14 17 19 22 27 
11 15 17 19 22 27 
10 16 17 19 22 27 
12 13 18 19 22 27 
11 14 18 19 22 27 
10 15 18 19 22 27 
 9 16 18 19 22 27 
 8 17 18 19 22 27 
13 14 15 20 22 27 
12 14 16 20 22 27 
11 15 16 20 22 27 
12 13 17 20 22 27 
11 14 17 20 22 27 
10 15 17 20 22 27 
 9 16 17 20 22 27 
11 13 18 20 22 27 
10 14 18 20 22 27 
 9 15 18 20 22 27 
 8 16 18 20 22 27 
 7 17 18 20 22 27 
11 12 19 20 22 27 
10 13 19 20 22 27 
 9 14 19 20 22 27 
 8 15 19 20 22 27 
 7 16 19 20 22 27 
 6 17 19 20 22 27 
 5 18 19 20 22 27 
12 14 15 21 22 27 
12 13 16 21 22 27 
11 14 16 21 22 27 
10 15 16 21 22 27 
11 13 17 21 22 27 
10 14 17 21 22 27 
 9 15 17 21 22 27 
 8 16 17 21 22 27 
11 12 18 21 22 27 
10 13 18 21 22 27 
 9 14 18 21 22 27 
 8 15 18 21 22 27 
 7 16 18 21 22 27 
 6 17 18 21 22 27 
10 12 19 21 22 27 
 9 13 19 21 22 27 
 8 14 19 21 22 27 
 7 15 19 21 22 27 
 6 16 19 21 22 27 
 5 17 19 21 22 27 
 4 18 19 21 22 27 
10 11 20 21 22 27 
 9 12 20 21 22 27 
 8 13 20 21 22 27 
 7 14 20 21 22 27 
 6 15 20 21 22 27 
 5 16 20 21 22 27 
 4 17 20 21 22 27 
 3 18 20 21 22 27 
 2 19 20 21 22 27 
13 15 16 17 23 27 
13 14 16 18 23 27 
12 15 16 18 23 27 
12 14 17 18 23 27 
11 15 17 18 23 27 
10 16 17 18 23 27 
13 14 15 19 23 27 
12 14 16 19 23 27 
11 15 16 19 23 27 
12 13 17 19 23 27 
11 14 17 19 23 27 
10 15 17 19 23 27 
 9 16 17 19 23 27 
11 13 18 19 23 27 
10 14 18 19 23 27 
 9 15 18 19 23 27 
 8 16 18 19 23 27 
 7 17 18 19 23 27 
12 14 15 20 23 27 
12 13 16 20 23 27 
11 14 16 20 23 27 
10 15 16 20 23 27 
11 13 17 20 23 27 
10 14 17 20 23 27 
 9 15 17 20 23 27 
 8 16 17 20 23 27 
11 12 18 20 23 27 
10 13 18 20 23 27 
 9 14 18 20 23 27 
 8 15 18 20 23 27 
 7 16 18 20 23 27 
 6 17 18 20 23 27 
10 12 19 20 23 27 
 9 13 19 20 23 27 
 8 14 19 20 23 27 
 7 15 19 20 23 27 
 6 16 19 20 23 27 
 5 17 19 20 23 27 
 4 18 19 20 23 27 
12 13 15 21 23 27 
11 14 15 21 23 27 
11 13 16 21 23 27 
10 14 16 21 23 27 
 9 15 16 21 23 27 
11 12 17 21 23 27 
10 13 17 21 23 27 
 9 14 17 21 23 27 
 8 15 17 21 23 27 
 7 16 17 21 23 27 
10 12 18 21 23 27 
 9 13 18 21 23 27 
 8 14 18 21 23 27 
 7 15 18 21 23 27 
 6 16 18 21 23 27 
 5 17 18 21 23 27 
10 11 19 21 23 27 
 9 12 19 21 23 27 
 8 13 19 21 23 27 
 7 14 19 21 23 27 
 6 15 19 21 23 27 
 5 16 19 21 23 27 
 4 17 19 21 23 27 
 3 18 19 21 23 27 
 9 11 20 21 23 27 
 8 12 20 21 23 27 
 7 13 20 21 23 27 
 6 14 20 21 23 27 
 5 15 20 21 23 27 
 4 16 20 21 23 27 
 3 17 20 21 23 27 
 2 18 20 21 23 27 
 1 19 20 21 23 27 
12 13 14 22 23 27 
11 13 15 22 23 27 
10 14 15 22 23 27 
11 12 16 22 23 27 
10 13 16 22 23 27 
 9 14 16 22 23 27 
 8 15 16 22 23 27 
10 12 17 22 23 27 
 9 13 17 22 23 27 
 8 14 17 22 23 27 
 7 15 17 22 23 27 
 6 16 17 22 23 27 
10 11 18 22 23 27 
 9 12 18 22 23 27 
 8 13 18 22 23 27 
 7 14 18 22 23 27 
 6 15 18 22 23 27 
 5 16 18 22 23 27 
 4 17 18 22 23 27 
 9 11 19 22 23 27 
 8 12 19 22 23 27 
 7 13 19 22 23 27 
 6 14 19 22 23 27 
 5 15 19 22 23 27 
 4 16 19 22 23 27 
 3 17 19 22 23 27 
 2 18 19 22 23 27 
 9 10 20 22 23 27 
 8 11 20 22 23 27 
 7 12 20 22 23 27 
 6 13 20 22 23 27 
 5 14 20 22 23 27 
 4 15 20 22 23 27 
 3 16 20 22 23 27 
 2 17 20 22 23 27 
 1 18 20 22 23 27 
 8 10 21 22 23 27 
 7 11 21 22 23 27 
 6 12 21 22 23 27 
 5 13 21 22 23 27 
 4 14 21 22 23 27 
 3 15 21 22 23 27 
 2 16 21 22 23 27 
 1 17 21 22 23 27 
13 14 16 17 24 27 
12 15 16 17 24 27 
13 14 15 18 24 27 
12 14 16 18 24 27 
11 15 16 18 24 27 
12 13 17 18 24 27 
11 14 17 18 24 27 
10 15 17 18 24 27 
 9 16 17 18 24 27 
12 14 15 19 24 27 
12 13 16 19 24 27 
11 14 16 19 24 27 
10 15 16 19 24 27 
11 13 17 19 24 27 
10 14 17 19 24 27 
 9 15 17 19 24 27 
 8 16 17 19 24 27 
11 12 18 19 24 27 
10 13 18 19 24 27 
 9 14 18 19 24 27 
 8 15 18 19 24 27 
 7 16 18 19 24 27 
 6 17 18 19 24 27 
12 13 15 20 24 27 
11 14 15 20 24 27 
11 13 16 20 24 27 
10 14 16 20 24 27 
 9 15 16 20 24 27 
11 12 17 20 24 27 
10 13 17 20 24 27 
 9 14 17 20 24 27 
 8 15 17 20 24 27 
 7 16 17 20 24 27 
10 12 18 20 24 27 
 9 13 18 20 24 27 
 8 14 18 20 24 27 
 7 15 18 20 24 27 
 6 16 18 20 24 27 
 5 17 18 20 24 27 
10 11 19 20 24 27 
 9 12 19 20 24 27 
 8 13 19 20 24 27 
 7 14 19 20 24 27 
 6 15 19 20 24 27 
 5 16 19 20 24 27 
 4 17 19 20 24 27 
 3 18 19 20 24 27 
12 13 14 21 24 27 
11 13 15 21 24 27 
10 14 15 21 24 27 
11 12 16 21 24 27 
10 13 16 21 24 27 
 9 14 16 21 24 27 
 8 15 16 21 24 27 
10 12 17 21 24 27 
 9 13 17 21 24 27 
 8 14 17 21 24 27 
 7 15 17 21 24 27 
 6 16 17 21 24 27 
10 11 18 21 24 27 
 9 12 18 21 24 27 
 8 13 18 21 24 27 
 7 14 18 21 24 27 
 6 15 18 21 24 27 
 5 16 18 21 24 27 
 4 17 18 21 24 27 
 9 11 19 21 24 27 
 8 12 19 21 24 27 
 7 13 19 21 24 27 
 6 14 19 21 24 27 
 5 15 19 21 24 27 
 4 16 19 21 24 27 
 3 17 19 21 24 27 
 2 18 19 21 24 27 
 9 10 20 21 24 27 
 8 11 20 21 24 27 
 7 12 20 21 24 27 
 6 13 20 21 24 27 
 5 14 20 21 24 27 
 4 15 20 21 24 27 
 3 16 20 21 24 27 
 2 17 20 21 24 27 
 1 18 20 21 24 27 
11 13 14 22 24 27 
11 12 15 22 24 27 
10 13 15 22 24 27 
 9 14 15 22 24 27 
10 12 16 22 24 27 
 9 13 16 22 24 27 
 8 14 16 22 24 27 
 7 15 16 22 24 27 
10 11 17 22 24 27 
 9 12 17 22 24 27 
 8 13 17 22 24 27 
 7 14 17 22 24 27 
 6 15 17 22 24 27 
 5 16 17 22 24 27 
 9 11 18 22 24 27 
 8 12 18 22 24 27 
 7 13 18 22 24 27 
 6 14 18 22 24 27 
 5 15 18 22 24 27 
 4 16 18 22 24 27 
 3 17 18 22 24 27 
 9 10 19 22 24 27 
 8 11 19 22 24 27 
 7 12 19 22 24 27 
 6 13 19 22 24 27 
 5 14 19 22 24 27 
 4 15 19 22 24 27 
 3 16 19 22 24 27 
 2 17 19 22 24 27 
 1 18 19 22 24 27 
 8 10 20 22 24 27 
 7 11 20 22 24 27 
 6 12 20 22 24 27 
 5 13 20 22 24 27 
 4 14 20 22 24 27 
 3 15 20 22 24 27 
 2 16 20 22 24 27 
 1 17 20 22 24 27 
 8  9 21 22 24 27 
 7 10 21 22 24 27 
 6 11 21 22 24 27 
 5 12 21 22 24 27 
 4 13 21 22 24 27 
 3 14 21 22 24 27 
 2 15 21 22 24 27 
 1 16 21 22 24 27 
11 12 14 23 24 27 
10 13 14 23 24 27 
10 12 15 23 24 27 
 9 13 15 23 24 27 
 8 14 15 23 24 27 
10 11 16 23 24 27 
 9 12 16 23 24 27 
 8 13 16 23 24 27 
 7 14 16 23 24 27 
 6 15 16 23 24 27 
 9 11 17 23 24 27 
 8 12 17 23 24 27 
 7 13 17 23 24 27 
 6 14 17 23 24 27 
 5 15 17 23 24 27 
 4 16 17 23 24 27 
 9 10 18 23 24 27 
 8 11 18 23 24 27 
 7 12 18 23 24 27 
 6 13 18 23 24 27 
 5 14 18 23 24 27 
 4 15 18 23 24 27 
 3 16 18 23 24 27 
 2 17 18 23 24 27 
 8 10 19 23 24 27 
 7 11 19 23 24 27 
 6 12 19 23 24 27 
 5 13 19 23 24 27 
 4 14 19 23 24 27 
 3 15 19 23 24 27 
 2 16 19 23 24 27 
 1 17 19 23 24 27 
 8  9 20 23 24 27 
 7 10 20 23 24 27 
 6 11 20 23 24 27 
 5 12 20 23 24 27 
 4 13 20 23 24 27 
 3 14 20 23 24 27 
 2 15 20 23 24 27 
 1 16 20 23 24 27 
 7  9 21 23 24 27 
 6 10 21 23 24 27 
 5 11 21 23 24 27 
 4 12 21 23 24 27 
 3 13 21 23 24 27 
 2 14 21 23 24 27 
 1 15 21 23 24 27 
 7  8 22 23 24 27 
 6  9 22 23 24 27 
 5 10 22 23 24 27 
 4 11 22 23 24 27 
 3 12 22 23 24 27 
 2 13 22 23 24 27 
 1 14 22 23 24 27 
13 14 15 17 25 27 
12 14 16 17 25 27 
11 15 16 17 25 27 
12 14 15 18 25 27 
12 13 16 18 25 27 
11 14 16 18 25 27 
10 15 16 18 25 27 
11 13 17 18 25 27 
10 14 17 18 25 27 
 9 15 17 18 25 27 
 8 16 17 18 25 27 
12 13 15 19 25 27 
11 14 15 19 25 27 
11 13 16 19 25 27 
10 14 16 19 25 27 
 9 15 16 19 25 27 
11 12 17 19 25 27 
10 13 17 19 25 27 
 9 14 17 19 25 27 
 8 15 17 19 25 27 
 7 16 17 19 25 27 
10 12 18 19 25 27 
 9 13 18 19 25 27 
 8 14 18 19 25 27 
 7 15 18 19 25 27 
 6 16 18 19 25 27 
 5 17 18 19 25 27 
12 13 14 20 25 27 
11 13 15 20 25 27 
10 14 15 20 25 27 
11 12 16 20 25 27 
10 13 16 20 25 27 
 9 14 16 20 25 27 
 8 15 16 20 25 27 
10 12 17 20 25 27 
 9 13 17 20 25 27 
 8 14 17 20 25 27 
 7 15 17 20 25 27 
 6 16 17 20 25 27 
10 11 18 20 25 27 
 9 12 18 20 25 27 
 8 13 18 20 25 27 
 7 14 18 20 25 27 
 6 15 18 20 25 27 
 5 16 18 20 25 27 
 4 17 18 20 25 27 
 9 11 19 20 25 27 
 8 12 19 20 25 27 
 7 13 19 20 25 27 
 6 14 19 20 25 27 
 5 15 19 20 25 27 
 4 16 19 20 25 27 
 3 17 19 20 25 27 
 2 18 19 20 25 27 
11 13 14 21 25 27 
11 12 15 21 25 27 
10 13 15 21 25 27 
 9 14 15 21 25 27 
10 12 16 21 25 27 
 9 13 16 21 25 27 
 8 14 16 21 25 27 
 7 15 16 21 25 27 
10 11 17 21 25 27 
 9 12 17 21 25 27 
 8 13 17 21 25 27 
 7 14 17 21 25 27 
 6 15 17 21 25 27 
 5 16 17 21 25 27 
 9 11 18 21 25 27 
 8 12 18 21 25 27 
 7 13 18 21 25 27 
 6 14 18 21 25 27 
 5 15 18 21 25 27 
 4 16 18 21 25 27 
 3 17 18 21 25 27 
 9 10 19 21 25 27 
 8 11 19 21 25 27 
 7 12 19 21 25 27 
 6 13 19 21 25 27 
 5 14 19 21 25 27 
 4 15 19 21 25 27 
 3 16 19 21 25 27 
 2 17 19 21 25 27 
 1 18 19 21 25 27 
 8 10 20 21 25 27 
 7 11 20 21 25 27 
 6 12 20 21 25 27 
 5 13 20 21 25 27 
 4 14 20 21 25 27 
 3 15 20 21 25 27 
 2 16 20 21 25 27 
 1 17 20 21 25 27 
11 12 14 22 25 27 
10 13 14 22 25 27 
10 12 15 22 25 27 
 9 13 15 22 25 27 
 8 14 15 22 25 27 
10 11 16 22 25 27 
 9 12 16 22 25 27 
 8 13 16 22 25 27 
 7 14 16 22 25 27 
 6 15 16 22 25 27 
 9 11 17 22 25 27 
 8 12 17 22 25 27 
 7 13 17 22 25 27 
 6 14 17 22 25 27 
 5 15 17 22 25 27 
 4 16 17 22 25 27 
 9 10 18 22 25 27 
 8 11 18 22 25 27 
 7 12 18 22 25 27 
 6 13 18 22 25 27 
 5 14 18 22 25 27 
 4 15 18 22 25 27 
 3 16 18 22 25 27 
 2 17 18 22 25 27 
 8 10 19 22 25 27 
 7 11 19 22 25 27 
 6 12 19 22 25 27 
 5 13 19 22 25 27 
 4 14 19 22 25 27 
 3 15 19 22 25 27 
 2 16 19 22 25 27 
 1 17 19 22 25 27 
 8  9 20 22 25 27 
 7 10 20 22 25 27 
 6 11 20 22 25 27 
 5 12 20 22 25 27 
 4 13 20 22 25 27 
 3 14 20 22 25 27 
 2 15 20 22 25 27 
 1 16 20 22 25 27 
 7  9 21 22 25 27 
 6 10 21 22 25 27 
 5 11 21 22 25 27 
 4 12 21 22 25 27 
 3 13 21 22 25 27 
 2 14 21 22 25 27 
 1 15 21 22 25 27 
11 12 13 23 25 27 
10 12 14 23 25 27 
 9 13 14 23 25 27 
10 11 15 23 25 27 
 9 12 15 23 25 27 
 8 13 15 23 25 27 
 7 14 15 23 25 27 
 9 11 16 23 25 27 
 8 12 16 23 25 27 
 7 13 16 23 25 27 
 6 14 16 23 25 27 
 5 15 16 23 25 27 
 9 10 17 23 25 27 
 8 11 17 23 25 27 
 7 12 17 23 25 27 
 6 13 17 23 25 27 
 5 14 17 23 25 27 
 4 15 17 23 25 27 
 3 16 17 23 25 27 
 8 10 18 23 25 27 
 7 11 18 23 25 27 
 6 12 18 23 25 27 
 5 13 18 23 25 27 
 4 14 18 23 25 27 
 3 15 18 23 25 27 
 2 16 18 23 25 27 
 1 17 18 23 25 27 
 8  9 19 23 25 27 
 7 10 19 23 25 27 
 6 11 19 23 25 27 
 5 12 19 23 25 27 
 4 13 19 23 25 27 
 3 14 19 23 25 27 
 2 15 19 23 25 27 
 1 16 19 23 25 27 
 7  9 20 23 25 27 
 6 10 20 23 25 27 
 5 11 20 23 25 27 
 4 12 20 23 25 27 
 3 13 20 23 25 27 
 2 14 20 23 25 27 
 1 15 20 23 25 27 
 7  8 21 23 25 27 
 6  9 21 23 25 27 
 5 10 21 23 25 27 
 4 11 21 23 25 27 
 3 12 21 23 25 27 
 2 13 21 23 25 27 
 1 14 21 23 25 27 
 6  8 22 23 25 27 
 5  9 22 23 25 27 
 4 10 22 23 25 27 
 3 11 22 23 25 27 
 2 12 22 23 25 27 
 1 13 22 23 25 27 
10 12 13 24 25 27 
10 11 14 24 25 27 
 9 12 14 24 25 27 
 8 13 14 24 25 27 
 9 11 15 24 25 27 
 8 12 15 24 25 27 
 7 13 15 24 25 27 
 6 14 15 24 25 27 
 9 10 16 24 25 27 
 8 11 16 24 25 27 
 7 12 16 24 25 27 
 6 13 16 24 25 27 
 5 14 16 24 25 27 
 4 15 16 24 25 27 
 8 10 17 24 25 27 
 7 11 17 24 25 27 
 6 12 17 24 25 27 
 5 13 17 24 25 27 
 4 14 17 24 25 27 
 3 15 17 24 25 27 
 2 16 17 24 25 27 
 8  9 18 24 25 27 
 7 10 18 24 25 27 
 6 11 18 24 25 27 
 5 12 18 24 25 27 
 4 13 18 24 25 27 
 3 14 18 24 25 27 
 2 15 18 24 25 27 
 1 16 18 24 25 27 
 7  9 19 24 25 27 
 6 10 19 24 25 27 
 5 11 19 24 25 27 
 4 12 19 24 25 27 
 3 13 19 24 25 27 
 2 14 19 24 25 27 
 1 15 19 24 25 27 
 7  8 20 24 25 27 
 6  9 20 24 25 27 
 5 10 20 24 25 27 
 4 11 20 24 25 27 
 3 12 20 24 25 27 
 2 13 20 24 25 27 
 1 14 20 24 25 27 
 6  8 21 24 25 27 
 5  9 21 24 25 27 
 4 10 21 24 25 27 
 3 11 21 24 25 27 
 2 12 21 24 25 27 
 1 13 21 24 25 27 
 6  7 22 24 25 27 
 5  8 22 24 25 27 
 4  9 22 24 25 27 
 3 10 22 24 25 27 
 2 11 22 24 25 27 
 1 12 22 24 25 27 
 5  7 23 24 25 27 
 4  8 23 24 25 27 
 3  9 23 24 25 27 
 2 10 23 24 25 27 
 1 11 23 24 25 27 
13 14 15 16 26 27 
12 14 15 17 26 27 
12 13 16 17 26 27 
11 14 16 17 26 27 
10 15 16 17 26 27 
12 13 15 18 26 27 
11 14 15 18 26 27 
11 13 16 18 26 27 
10 14 16 18 26 27 
 9 15 16 18 26 27 
11 12 17 18 26 27 
10 13 17 18 26 27 
 9 14 17 18 26 27 
 8 15 17 18 26 27 
 7 16 17 18 26 27 
12 13 14 19 26 27 
11 13 15 19 26 27 
10 14 15 19 26 27 
11 12 16 19 26 27 
10 13 16 19 26 27 
 9 14 16 19 26 27 
 8 15 16 19 26 27 
10 12 17 19 26 27 
 9 13 17 19 26 27 
 8 14 17 19 26 27 
 7 15 17 19 26 27 
 6 16 17 19 26 27 
10 11 18 19 26 27 
 9 12 18 19 26 27 
 8 13 18 19 26 27 
 7 14 18 19 26 27 
 6 15 18 19 26 27 
 5 16 18 19 26 27 
 4 17 18 19 26 27 
11 13 14 20 26 27 
11 12 15 20 26 27 
10 13 15 20 26 27 
 9 14 15 20 26 27 
10 12 16 20 26 27 
 9 13 16 20 26 27 
 8 14 16 20 26 27 
 7 15 16 20 26 27 
10 11 17 20 26 27 
 9 12 17 20 26 27 
 8 13 17 20 26 27 
 7 14 17 20 26 27 
 6 15 17 20 26 27 
 5 16 17 20 26 27 
 9 11 18 20 26 27 
 8 12 18 20 26 27 
 7 13 18 20 26 27 
 6 14 18 20 26 27 
 5 15 18 20 26 27 
 4 16 18 20 26 27 
 3 17 18 20 26 27 
 9 10 19 20 26 27 
 8 11 19 20 26 27 
 7 12 19 20 26 27 
 6 13 19 20 26 27 
 5 14 19 20 26 27 
 4 15 19 20 26 27 
 3 16 19 20 26 27 
 2 17 19 20 26 27 
 1 18 19 20 26 27 
11 12 14 21 26 27 
10 13 14 21 26 27 
10 12 15 21 26 27 
 9 13 15 21 26 27 
 8 14 15 21 26 27 
10 11 16 21 26 27 
 9 12 16 21 26 27 
 8 13 16 21 26 27 
 7 14 16 21 26 27 
 6 15 16 21 26 27 
 9 11 17 21 26 27 
 8 12 17 21 26 27 
 7 13 17 21 26 27 
 6 14 17 21 26 27 
 5 15 17 21 26 27 
 4 16 17 21 26 27 
 9 10 18 21 26 27 
 8 11 18 21 26 27 
 7 12 18 21 26 27 
 6 13 18 21 26 27 
 5 14 18 21 26 27 
 4 15 18 21 26 27 
 3 16 18 21 26 27 
 2 17 18 21 26 27 
 8 10 19 21 26 27 
 7 11 19 21 26 27 
 6 12 19 21 26 27 
 5 13 19 21 26 27 
 4 14 19 21 26 27 
 3 15 19 21 26 27 
 2 16 19 21 26 27 
 1 17 19 21 26 27 
 8  9 20 21 26 27 
 7 10 20 21 26 27 
 6 11 20 21 26 27 
 5 12 20 21 26 27 
 4 13 20 21 26 27 
 3 14 20 21 26 27 
 2 15 20 21 26 27 
 1 16 20 21 26 27 
11 12 13 22 26 27 
10 12 14 22 26 27 
 9 13 14 22 26 27 
10 11 15 22 26 27 
 9 12 15 22 26 27 
 8 13 15 22 26 27 
 7 14 15 22 26 27 
 9 11 16 22 26 27 
 8 12 16 22 26 27 
 7 13 16 22 26 27 
 6 14 16 22 26 27 
 5 15 16 22 26 27 
 9 10 17 22 26 27 
 8 11 17 22 26 27 
 7 12 17 22 26 27 
 6 13 17 22 26 27 
 5 14 17 22 26 27 
 4 15 17 22 26 27 
 3 16 17 22 26 27 
 8 10 18 22 26 27 
 7 11 18 22 26 27 
 6 12 18 22 26 27 
 5 13 18 22 26 27 
 4 14 18 22 26 27 
 3 15 18 22 26 27 
 2 16 18 22 26 27 
 1 17 18 22 26 27 
 8  9 19 22 26 27 
 7 10 19 22 26 27 
 6 11 19 22 26 27 
 5 12 19 22 26 27 
 4 13 19 22 26 27 
 3 14 19 22 26 27 
 2 15 19 22 26 27 
 1 16 19 22 26 27 
 7  9 20 22 26 27 
 6 10 20 22 26 27 
 5 11 20 22 26 27 
 4 12 20 22 26 27 
 3 13 20 22 26 27 
 2 14 20 22 26 27 
 1 15 20 22 26 27 
 7  8 21 22 26 27 
 6  9 21 22 26 27 
 5 10 21 22 26 27 
 4 11 21 22 26 27 
 3 12 21 22 26 27 
 2 13 21 22 26 27 
 1 14 21 22 26 27 
10 12 13 23 26 27 
10 11 14 23 26 27 
 9 12 14 23 26 27 
 8 13 14 23 26 27 
 9 11 15 23 26 27 
 8 12 15 23 26 27 
 7 13 15 23 26 27 
 6 14 15 23 26 27 
 9 10 16 23 26 27 
 8 11 16 23 26 27 
 7 12 16 23 26 27 
 6 13 16 23 26 27 
 5 14 16 23 26 27 
 4 15 16 23 26 27 
 8 10 17 23 26 27 
 7 11 17 23 26 27 
 6 12 17 23 26 27 
 5 13 17 23 26 27 
 4 14 17 23 26 27 
 3 15 17 23 26 27 
 2 16 17 23 26 27 
 8  9 18 23 26 27 
 7 10 18 23 26 27 
 6 11 18 23 26 27 
 5 12 18 23 26 27 
 4 13 18 23 26 27 
 3 14 18 23 26 27 
 2 15 18 23 26 27 
 1 16 18 23 26 27 
 7  9 19 23 26 27 
 6 10 19 23 26 27 
 5 11 19 23 26 27 
 4 12 19 23 26 27 
 3 13 19 23 26 27 
 2 14 19 23 26 27 
 1 15 19 23 26 27 
 7  8 20 23 26 27 
 6  9 20 23 26 27 
 5 10 20 23 26 27 
 4 11 20 23 26 27 
 3 12 20 23 26 27 
 2 13 20 23 26 27 
 1 14 20 23 26 27 
 6  8 21 23 26 27 
 5  9 21 23 26 27 
 4 10 21 23 26 27 
 3 11 21 23 26 27 
 2 12 21 23 26 27 
 1 13 21 23 26 27 
 6  7 22 23 26 27 
 5  8 22 23 26 27 
 4  9 22 23 26 27 
 3 10 22 23 26 27 
 2 11 22 23 26 27 
 1 12 22 23 26 27 
10 11 13 24 26 27 
 9 12 13 24 26 27 
 9 11 14 24 26 27 
 8 12 14 24 26 27 
 7 13 14 24 26 27 
 9 10 15 24 26 27 
 8 11 15 24 26 27 
 7 12 15 24 26 27 
 6 13 15 24 26 27 
 5 14 15 24 26 27 
 8 10 16 24 26 27 
 7 11 16 24 26 27 
 6 12 16 24 26 27 
 5 13 16 24 26 27 
 4 14 16 24 26 27 
 3 15 16 24 26 27 
 8  9 17 24 26 27 
 7 10 17 24 26 27 
 6 11 17 24 26 27 
 5 12 17 24 26 27 
 4 13 17 24 26 27 
 3 14 17 24 26 27 
 2 15 17 24 26 27 
 1 16 17 24 26 27 
 7  9 18 24 26 27 
 6 10 18 24 26 27 
 5 11 18 24 26 27 
 4 12 18 24 26 27 
 3 13 18 24 26 27 
 2 14 18 24 26 27 
 1 15 18 24 26 27 
 7  8 19 24 26 27 
 6  9 19 24 26 27 
 5 10 19 24 26 27 
 4 11 19 24 26 27 
 3 12 19 24 26 27 
 2 13 19 24 26 27 
 1 14 19 24 26 27 
 6  8 20 24 26 27 
 5  9 20 24 26 27 
 4 10 20 24 26 27 
 3 11 20 24 26 27 
 2 12 20 24 26 27 
 1 13 20 24 26 27 
 6  7 21 24 26 27 
 5  8 21 24 26 27 
 4  9 21 24 26 27 
 3 10 21 24 26 27 
 2 11 21 24 26 27 
 1 12 21 24 26 27 
 5  7 22 24 26 27 
 4  8 22 24 26 27 
 3  9 22 24 26 27 
 2 10 22 24 26 27 
 1 11 22 24 26 27 
 5  6 23 24 26 27 
 4  7 23 24 26 27 
 3  8 23 24 26 27 
 2  9 23 24 26 27 
 1 10 23 24 26 27 
10 11 12 25 26 27 
 9 11 13 25 26 27 
 8 12 13 25 26 27 
 9 10 14 25 26 27 
 8 11 14 25 26 27 
 7 12 14 25 26 27 
 6 13 14 25 26 27 
 8 10 15 25 26 27 
 7 11 15 25 26 27 
 6 12 15 25 26 27 
 5 13 15 25 26 27 
 4 14 15 25 26 27 
 8  9 16 25 26 27 
 7 10 16 25 26 27 
 6 11 16 25 26 27 
 5 12 16 25 26 27 
 4 13 16 25 26 27 
 3 14 16 25 26 27 
 2 15 16 25 26 27 
 7  9 17 25 26 27 
 6 10 17 25 26 27 
 5 11 17 25 26 27 
 4 12 17 25 26 27 
 3 13 17 25 26 27 
 2 14 17 25 26 27 
 1 15 17 25 26 27 
 7  8 18 25 26 27 
 6  9 18 25 26 27 
 5 10 18 25 26 27 
 4 11 18 25 26 27 
 3 12 18 25 26 27 
 2 13 18 25 26 27 
 1 14 18 25 26 27 
 6  8 19 25 26 27 
 5  9 19 25 26 27 
 4 10 19 25 26 27 
 3 11 19 25 26 27 
 2 12 19 25 26 27 
 1 13 19 25 26 27 
 6  7 20 25 26 27 
 5  8 20 25 26 27 
 4  9 20 25 26 27 
 3 10 20 25 26 27 
 2 11 20 25 26 27 
 1 12 20 25 26 27 
 5  7 21 25 26 27 
 4  8 21 25 26 27 
 3  9 21 25 26 27 
 2 10 21 25 26 27 
 1 11 21 25 26 27 
 5  6 22 25 26 27 
 4  7 22 25 26 27 
 3  8 22 25 26 27 
 2  9 22 25 26 27 
 1 10 22 25 26 27 
 4  6 23 25 26 27 
 3  7 23 25 26 27 
 2  8 23 25 26 27 
 1  9 23 25 26 27 
 4  5 24 25 26 27 
 3  6 24 25 26 27 
 2  7 24 25 26 27 
 1  8 24 25 26 27 
14 15 17 18 19 28 
13 16 17 18 19 28 
14 15 16 18 20 28 
13 15 17 18 20 28 
12 16 17 18 20 28 
13 15 16 19 20 28 
13 14 17 19 20 28 
12 15 17 19 20 28 
11 16 17 19 20 28 
12 14 18 19 20 28 
11 15 18 19 20 28 
10 16 18 19 20 28 
 9 17 18 19 20 28 
14 15 16 17 21 28 
13 15 16 18 21 28 
13 14 17 18 21 28 
12 15 17 18 21 28 
11 16 17 18 21 28 
13 14 16 19 21 28 
12 15 16 19 21 28 
12 14 17 19 21 28 
11 15 17 19 21 28 
10 16 17 19 21 28 
12 13 18 19 21 28 
11 14 18 19 21 28 
10 15 18 19 21 28 
 9 16 18 19 21 28 
 8 17 18 19 21 28 
13 14 15 20 21 28 
12 14 16 20 21 28 
11 15 16 20 21 28 
12 13 17 20 21 28 
11 14 17 20 21 28 
10 15 17 20 21 28 
 9 16 17 20 21 28 
11 13 18 20 21 28 
10 14 18 20 21 28 
 9 15 18 20 21 28 
 8 16 18 20 21 28 
 7 17 18 20 21 28 
11 12 19 20 21 28 
10 13 19 20 21 28 
 9 14 19 20 21 28 
 8 15 19 20 21 28 
 7 16 19 20 21 28 
 6 17 19 20 21 28 
 5 18 19 20 21 28 
13 15 16 17 22 28 
13 14 16 18 22 28 
12 15 16 18 22 28 
12 14 17 18 22 28 
11 15 17 18 22 28 
10 16 17 18 22 28 
13 14 15 19 22 28 
12 14 16 19 22 28 
11 15 16 19 22 28 
12 13 17 19 22 28 
11 14 17 19 22 28 
10 15 17 19 22 28 
 9 16 17 19 22 28 
11 13 18 19 22 28 
10 14 18 19 22 28 
 9 15 18 19 22 28 
 8 16 18 19 22 28 
 7 17 18 19 22 28 
12 14 15 20 22 28 
12 13 16 20 22 28 
11 14 16 20 22 28 
10 15 16 20 22 28 
11 13 17 20 22 28 
10 14 17 20 22 28 
 9 15 17 20 22 28 
 8 16 17 20 22 28 
11 12 18 20 22 28 
10 13 18 20 22 28 
 9 14 18 20 22 28 
 8 15 18 20 22 28 
 7 16 18 20 22 28 
 6 17 18 20 22 28 
10 12 19 20 22 28 
 9 13 19 20 22 28 
 8 14 19 20 22 28 
 7 15 19 20 22 28 
 6 16 19 20 22 28 
 5 17 19 20 22 28 
 4 18 19 20 22 28 
12 13 15 21 22 28 
11 14 15 21 22 28 
11 13 16 21 22 28 
10 14 16 21 22 28 
 9 15 16 21 22 28 
11 12 17 21 22 28 
10 13 17 21 22 28 
 9 14 17 21 22 28 
 8 15 17 21 22 28 
 7 16 17 21 22 28 
10 12 18 21 22 28 
 9 13 18 21 22 28 
 8 14 18 21 22 28 
 7 15 18 21 22 28 
 6 16 18 21 22 28 
 5 17 18 21 22 28 
10 11 19 21 22 28 
 9 12 19 21 22 28 
 8 13 19 21 22 28 
 7 14 19 21 22 28 
 6 15 19 21 22 28 
 5 16 19 21 22 28 
 4 17 19 21 22 28 
 3 18 19 21 22 28 
 9 11 20 21 22 28 
 8 12 20 21 22 28 
 7 13 20 21 22 28 
 6 14 20 21 22 28 
 5 15 20 21 22 28 
 4 16 20 21 22 28 
 3 17 20 21 22 28 
 2 18 20 21 22 28 
 1 19 20 21 22 28 
13 14 16 17 23 28 
12 15 16 17 23 28 
13 14 15 18 23 28 
12 14 16 18 23 28 
11 15 16 18 23 28 
12 13 17 18 23 28 
11 14 17 18 23 28 
10 15 17 18 23 28 
 9 16 17 18 23 28 
12 14 15 19 23 28 
12 13 16 19 23 28 
11 14 16 19 23 28 
10 15 16 19 23 28 
11 13 17 19 23 28 
10 14 17 19 23 28 
 9 15 17 19 23 28 
 8 16 17 19 23 28 
11 12 18 19 23 28 
10 13 18 19 23 28 
 9 14 18 19 23 28 
 8 15 18 19 23 28 
 7 16 18 19 23 28 
 6 17 18 19 23 28 
12 13 15 20 23 28 
11 14 15 20 23 28 
11 13 16 20 23 28 
10 14 16 20 23 28 
 9 15 16 20 23 28 
11 12 17 20 23 28 
10 13 17 20 23 28 
 9 14 17 20 23 28 
 8 15 17 20 23 28 
 7 16 17 20 23 28 
10 12 18 20 23 28 
 9 13 18 20 23 28 
 8 14 18 20 23 28 
 7 15 18 20 23 28 
 6 16 18 20 23 28 
 5 17 18 20 23 28 
10 11 19 20 23 28 
 9 12 19 20 23 28 
 8 13 19 20 23 28 
 7 14 19 20 23 28 
 6 15 19 20 23 28 
 5 16 19 20 23 28 
 4 17 19 20 23 28 
 3 18 19 20 23 28 
12 13 14 21 23 28 
11 13 15 21 23 28 
10 14 15 21 23 28 
11 12 16 21 23 28 
10 13 16 21 23 28 
 9 14 16 21 23 28 
 8 15 16 21 23 28 
10 12 17 21 23 28 
 9 13 17 21 23 28 
 8 14 17 21 23 28 
 7 15 17 21 23 28 
 6 16 17 21 23 28 
10 11 18 21 23 28 
 9 12 18 21 23 28 
 8 13 18 21 23 28 
 7 14 18 21 23 28 
 6 15 18 21 23 28 
 5 16 18 21 23 28 
 4 17 18 21 23 28 
 9 11 19 21 23 28 
 8 12 19 21 23 28 
 7 13 19 21 23 28 
 6 14 19 21 23 28 
 5 15 19 21 23 28 
 4 16 19 21 23 28 
 3 17 19 21 23 28 
 2 18 19 21 23 28 
 9 10 20 21 23 28 
 8 11 20 21 23 28 
 7 12 20 21 23 28 
 6 13 20 21 23 28 
 5 14 20 21 23 28 
 4 15 20 21 23 28 
 3 16 20 21 23 28 
 2 17 20 21 23 28 
 1 18 20 21 23 28 
11 13 14 22 23 28 
11 12 15 22 23 28 
10 13 15 22 23 28 
 9 14 15 22 23 28 
10 12 16 22 23 28 
 9 13 16 22 23 28 
 8 14 16 22 23 28 
 7 15 16 22 23 28 
10 11 17 22 23 28 
 9 12 17 22 23 28 
 8 13 17 22 23 28 
 7 14 17 22 23 28 
 6 15 17 22 23 28 
 5 16 17 22 23 28 
 9 11 18 22 23 28 
 8 12 18 22 23 28 
 7 13 18 22 23 28 
 6 14 18 22 23 28 
 5 15 18 22 23 28 
 4 16 18 22 23 28 
 3 17 18 22 23 28 
 9 10 19 22 23 28 
 8 11 19 22 23 28 
 7 12 19 22 23 28 
 6 13 19 22 23 28 
 5 14 19 22 23 28 
 4 15 19 22 23 28 
 3 16 19 22 23 28 
 2 17 19 22 23 28 
 1 18 19 22 23 28 
 8 10 20 22 23 28 
 7 11 20 22 23 28 
 6 12 20 22 23 28 
 5 13 20 22 23 28 
 4 14 20 22 23 28 
 3 15 20 22 23 28 
 2 16 20 22 23 28 
 1 17 20 22 23 28 
 8  9 21 22 23 28 
 7 10 21 22 23 28 
 6 11 21 22 23 28 
 5 12 21 22 23 28 
 4 13 21 22 23 28 
 3 14 21 22 23 28 
 2 15 21 22 23 28 
 1 16 21 22 23 28 
13 14 15 17 24 28 
12 14 16 17 24 28 
11 15 16 17 24 28 
12 14 15 18 24 28 
12 13 16 18 24 28 
11 14 16 18 24 28 
10 15 16 18 24 28 
11 13 17 18 24 28 
10 14 17 18 24 28 
 9 15 17 18 24 28 
 8 16 17 18 24 28 
12 13 15 19 24 28 
11 14 15 19 24 28 
11 13 16 19 24 28 
10 14 16 19 24 28 
 9 15 16 19 24 28 
11 12 17 19 24 28 
10 13 17 19 24 28 
 9 14 17 19 24 28 
 8 15 17 19 24 28 
 7 16 17 19 24 28 
10 12 18 19 24 28 
 9 13 18 19 24 28 
 8 14 18 19 24 28 
 7 15 18 19 24 28 
 6 16 18 19 24 28 
 5 17 18 19 24 28 
12 13 14 20 24 28 
11 13 15 20 24 28 
10 14 15 20 24 28 
11 12 16 20 24 28 
10 13 16 20 24 28 
 9 14 16 20 24 28 
 8 15 16 20 24 28 
10 12 17 20 24 28 
 9 13 17 20 24 28 
 8 14 17 20 24 28 
 7 15 17 20 24 28 
 6 16 17 20 24 28 
10 11 18 20 24 28 
 9 12 18 20 24 28 
 8 13 18 20 24 28 
 7 14 18 20 24 28 
 6 15 18 20 24 28 
 5 16 18 20 24 28 
 4 17 18 20 24 28 
 9 11 19 20 24 28 
 8 12 19 20 24 28 
 7 13 19 20 24 28 
 6 14 19 20 24 28 
 5 15 19 20 24 28 
 4 16 19 20 24 28 
 3 17 19 20 24 28 
 2 18 19 20 24 28 
11 13 14 21 24 28 
11 12 15 21 24 28 
10 13 15 21 24 28 
 9 14 15 21 24 28 
10 12 16 21 24 28 
 9 13 16 21 24 28 
 8 14 16 21 24 28 
 7 15 16 21 24 28 
10 11 17 21 24 28 
 9 12 17 21 24 28 
 8 13 17 21 24 28 
 7 14 17 21 24 28 
 6 15 17 21 24 28 
 5 16 17 21 24 28 
 9 11 18 21 24 28 
 8 12 18 21 24 28 
 7 13 18 21 24 28 
 6 14 18 21 24 28 
 5 15 18 21 24 28 
 4 16 18 21 24 28 
 3 17 18 21 24 28 
 9 10 19 21 24 28 
 8 11 19 21 24 28 
 7 12 19 21 24 28 
 6 13 19 21 24 28 
 5 14 19 21 24 28 
 4 15 19 21 24 28 
 3 16 19 21 24 28 
 2 17 19 21 24 28 
 1 18 19 21 24 28 
 8 10 20 21 24 28 
 7 11 20 21 24 28 
 6 12 20 21 24 28 
 5 13 20 21 24 28 
 4 14 20 21 24 28 
 3 15 20 21 24 28 
 2 16 20 21 24 28 
 1 17 20 21 24 28 
11 12 14 22 24 28 
10 13 14 22 24 28 
10 12 15 22 24 28 
 9 13 15 22 24 28 
 8 14 15 22 24 28 
10 11 16 22 24 28 
 9 12 16 22 24 28 
 8 13 16 22 24 28 
 7 14 16 22 24 28 
 6 15 16 22 24 28 
 9 11 17 22 24 28 
 8 12 17 22 24 28 
 7 13 17 22 24 28 
 6 14 17 22 24 28 
 5 15 17 22 24 28 
 4 16 17 22 24 28 
 9 10 18 22 24 28 
 8 11 18 22 24 28 
 7 12 18 22 24 28 
 6 13 18 22 24 28 
 5 14 18 22 24 28 
 4 15 18 22 24 28 
 3 16 18 22 24 28 
 2 17 18 22 24 28 
 8 10 19 22 24 28 
 7 11 19 22 24 28 
 6 12 19 22 24 28 
 5 13 19 22 24 28 
 4 14 19 22 24 28 
 3 15 19 22 24 28 
 2 16 19 22 24 28 
 1 17 19 22 24 28 
 8  9 20 22 24 28 
 7 10 20 22 24 28 
 6 11 20 22 24 28 
 5 12 20 22 24 28 
 4 13 20 22 24 28 
 3 14 20 22 24 28 
 2 15 20 22 24 28 
 1 16 20 22 24 28 
 7  9 21 22 24 28 
 6 10 21 22 24 28 
 5 11 21 22 24 28 
 4 12 21 22 24 28 
 3 13 21 22 24 28 
 2 14 21 22 24 28 
 1 15 21 22 24 28 
11 12 13 23 24 28 
10 12 14 23 24 28 
 9 13 14 23 24 28 
10 11 15 23 24 28 
 9 12 15 23 24 28 
 8 13 15 23 24 28 
 7 14 15 23 24 28 
 9 11 16 23 24 28 
 8 12 16 23 24 28 
 7 13 16 23 24 28 
 6 14 16 23 24 28 
 5 15 16 23 24 28 
 9 10 17 23 24 28 
 8 11 17 23 24 28 
 7 12 17 23 24 28 
 6 13 17 23 24 28 
 5 14 17 23 24 28 
 4 15 17 23 24 28 
 3 16 17 23 24 28 
 8 10 18 23 24 28 
 7 11 18 23 24 28 
 6 12 18 23 24 28 
 5 13 18 23 24 28 
 4 14 18 23 24 28 
 3 15 18 23 24 28 
 2 16 18 23 24 28 
 1 17 18 23 24 28 
 8  9 19 23 24 28 
 7 10 19 23 24 28 
 6 11 19 23 24 28 
 5 12 19 23 24 28 
 4 13 19 23 24 28 
 3 14 19 23 24 28 
 2 15 19 23 24 28 
 1 16 19 23 24 28 
 7  9 20 23 24 28 
 6 10 20 23 24 28 
 5 11 20 23 24 28 
 4 12 20 23 24 28 
 3 13 20 23 24 28 
 2 14 20 23 24 28 
 1 15 20 23 24 28 
 7  8 21 23 24 28 
 6  9 21 23 24 28 
 5 10 21 23 24 28 
 4 11 21 23 24 28 
 3 12 21 23 24 28 
 2 13 21 23 24 28 
 1 14 21 23 24 28 
 6  8 22 23 24 28 
 5  9 22 23 24 28 
 4 10 22 23 24 28 
 3 11 22 23 24 28 
 2 12 22 23 24 28 
 1 13 22 23 24 28 
13 14 15 16 25 28 
12 14 15 17 25 28 
12 13 16 17 25 28 
11 14 16 17 25 28 
10 15 16 17 25 28 
12 13 15 18 25 28 
11 14 15 18 25 28 
11 13 16 18 25 28 
10 14 16 18 25 28 
 9 15 16 18 25 28 
11 12 17 18 25 28 
10 13 17 18 25 28 
 9 14 17 18 25 28 
 8 15 17 18 25 28 
 7 16 17 18 25 28 
12 13 14 19 25 28 
11 13 15 19 25 28 
10 14 15 19 25 28 
11 12 16 19 25 28 
10 13 16 19 25 28 
 9 14 16 19 25 28 
 8 15 16 19 25 28 
10 12 17 19 25 28 
 9 13 17 19 25 28 
 8 14 17 19 25 28 
 7 15 17 19 25 28 
 6 16 17 19 25 28 
10 11 18 19 25 28 
 9 12 18 19 25 28 
 8 13 18 19 25 28 
 7 14 18 19 25 28 
 6 15 18 19 25 28 
 5 16 18 19 25 28 
 4 17 18 19 25 28 
11 13 14 20 25 28 
11 12 15 20 25 28 
10 13 15 20 25 28 
 9 14 15 20 25 28 
10 12 16 20 25 28 
 9 13 16 20 25 28 
 8 14 16 20 25 28 
 7 15 16 20 25 28 
10 11 17 20 25 28 
 9 12 17 20 25 28 
 8 13 17 20 25 28 
 7 14 17 20 25 28 
 6 15 17 20 25 28 
 5 16 17 20 25 28 
 9 11 18 20 25 28 
 8 12 18 20 25 28 
 7 13 18 20 25 28 
 6 14 18 20 25 28 
 5 15 18 20 25 28 
 4 16 18 20 25 28 
 3 17 18 20 25 28 
 9 10 19 20 25 28 
 8 11 19 20 25 28 
 7 12 19 20 25 28 
 6 13 19 20 25 28 
 5 14 19 20 25 28 
 4 15 19 20 25 28 
 3 16 19 20 25 28 
 2 17 19 20 25 28 
 1 18 19 20 25 28 
11 12 14 21 25 28 
10 13 14 21 25 28 
10 12 15 21 25 28 
 9 13 15 21 25 28 
 8 14 15 21 25 28 
10 11 16 21 25 28 
 9 12 16 21 25 28 
 8 13 16 21 25 28 
 7 14 16 21 25 28 
 6 15 16 21 25 28 
 9 11 17 21 25 28 
 8 12 17 21 25 28 
 7 13 17 21 25 28 
 6 14 17 21 25 28 
 5 15 17 21 25 28 
 4 16 17 21 25 28 
 9 10 18 21 25 28 
 8 11 18 21 25 28 
 7 12 18 21 25 28 
 6 13 18 21 25 28 
 5 14 18 21 25 28 
 4 15 18 21 25 28 
 3 16 18 21 25 28 
 2 17 18 21 25 28 
 8 10 19 21 25 28 
 7 11 19 21 25 28 
 6 12 19 21 25 28 
 5 13 19 21 25 28 
 4 14 19 21 25 28 
 3 15 19 21 25 28 
 2 16 19 21 25 28 
 1 17 19 21 25 28 
 8  9 20 21 25 28 
 7 10 20 21 25 28 
 6 11 20 21 25 28 
 5 12 20 21 25 28 
 4 13 20 21 25 28 
 3 14 20 21 25 28 
 2 15 20 21 25 28 
 1 16 20 21 25 28 
11 12 13 22 25 28 
10 12 14 22 25 28 
 9 13 14 22 25 28 
10 11 15 22 25 28 
 9 12 15 22 25 28 
 8 13 15 22 25 28 
 7 14 15 22 25 28 
 9 11 16 22 25 28 
 8 12 16 22 25 28 
 7 13 16 22 25 28 
 6 14 16 22 25 28 
 5 15 16 22 25 28 
 9 10 17 22 25 28 
 8 11 17 22 25 28 
 7 12 17 22 25 28 
 6 13 17 22 25 28 
 5 14 17 22 25 28 
 4 15 17 22 25 28 
 3 16 17 22 25 28 
 8 10 18 22 25 28 
 7 11 18 22 25 28 
 6 12 18 22 25 28 
 5 13 18 22 25 28 
 4 14 18 22 25 28 
 3 15 18 22 25 28 
 2 16 18 22 25 28 
 1 17 18 22 25 28 
 8  9 19 22 25 28 
 7 10 19 22 25 28 
 6 11 19 22 25 28 
 5 12 19 22 25 28 
 4 13 19 22 25 28 
 3 14 19 22 25 28 
 2 15 19 22 25 28 
 1 16 19 22 25 28 
 7  9 20 22 25 28 
 6 10 20 22 25 28 
 5 11 20 22 25 28 
 4 12 20 22 25 28 
 3 13 20 22 25 28 
 2 14 20 22 25 28 
 1 15 20 22 25 28 
 7  8 21 22 25 28 
 6  9 21 22 25 28 
 5 10 21 22 25 28 
 4 11 21 22 25 28 
 3 12 21 22 25 28 
 2 13 21 22 25 28 
 1 14 21 22 25 28 
10 12 13 23 25 28 
10 11 14 23 25 28 
 9 12 14 23 25 28 
 8 13 14 23 25 28 
 9 11 15 23 25 28 
 8 12 15 23 25 28 
 7 13 15 23 25 28 
 6 14 15 23 25 28 
 9 10 16 23 25 28 
 8 11 16 23 25 28 
 7 12 16 23 25 28 
 6 13 16 23 25 28 
 5 14 16 23 25 28 
 4 15 16 23 25 28 
 8 10 17 23 25 28 
 7 11 17 23 25 28 
 6 12 17 23 25 28 
 5 13 17 23 25 28 
 4 14 17 23 25 28 
 3 15 17 23 25 28 
 2 16 17 23 25 28 
 8  9 18 23 25 28 
 7 10 18 23 25 28 
 6 11 18 23 25 28 
 5 12 18 23 25 28 
 4 13 18 23 25 28 
 3 14 18 23 25 28 
 2 15 18 23 25 28 
 1 16 18 23 25 28 
 7  9 19 23 25 28 
 6 10 19 23 25 28 
 5 11 19 23 25 28 
 4 12 19 23 25 28 
 3 13 19 23 25 28 
 2 14 19 23 25 28 
 1 15 19 23 25 28 
 7  8 20 23 25 28 
 6  9 20 23 25 28 
 5 10 20 23 25 28 
 4 11 20 23 25 28 
 3 12 20 23 25 28 
 2 13 20 23 25 28 
 1 14 20 23 25 28 
 6  8 21 23 25 28 
 5  9 21 23 25 28 
 4 10 21 23 25 28 
 3 11 21 23 25 28 
 2 12 21 23 25 28 
 1 13 21 23 25 28 
 6  7 22 23 25 28 
 5  8 22 23 25 28 
 4  9 22 23 25 28 
 3 10 22 23 25 28 
 2 11 22 23 25 28 
 1 12 22 23 25 28 
10 11 13 24 25 28 
 9 12 13 24 25 28 
 9 11 14 24 25 28 
 8 12 14 24 25 28 
 7 13 14 24 25 28 
 9 10 15 24 25 28 
 8 11 15 24 25 28 
 7 12 15 24 25 28 
 6 13 15 24 25 28 
 5 14 15 24 25 28 
 8 10 16 24 25 28 
 7 11 16 24 25 28 
 6 12 16 24 25 28 
 5 13 16 24 25 28 
 4 14 16 24 25 28 
 3 15 16 24 25 28 
 8  9 17 24 25 28 
 7 10 17 24 25 28 
 6 11 17 24 25 28 
 5 12 17 24 25 28 
 4 13 17 24 25 28 
 3 14 17 24 25 28 
 2 15 17 24 25 28 
 1 16 17 24 25 28 
 7  9 18 24 25 28 
 6 10 18 24 25 28 
 5 11 18 24 25 28 
 4 12 18 24 25 28 
 3 13 18 24 25 28 
 2 14 18 24 25 28 
 1 15 18 24 25 28 
 7  8 19 24 25 28 
 6  9 19 24 25 28 
 5 10 19 24 25 28 
 4 11 19 24 25 28 
 3 12 19 24 25 28 
 2 13 19 24 25 28 
 1 14 19 24 25 28 
 6  8 20 24 25 28 
 5  9 20 24 25 28 
 4 10 20 24 25 28 
 3 11 20 24 25 28 
 2 12 20 24 25 28 
 1 13 20 24 25 28 
 6  7 21 24 25 28 
 5  8 21 24 25 28 
 4  9 21 24 25 28 
 3 10 21 24 25 28 
 2 11 21 24 25 28 
 1 12 21 24 25 28 
 5  7 22 24 25 28 
 4  8 22 24 25 28 
 3  9 22 24 25 28 
 2 10 22 24 25 28 
 1 11 22 24 25 28 
 5  6 23 24 25 28 
 4  7 23 24 25 28 
 3  8 23 24 25 28 
 2  9 23 24 25 28 
 1 10 23 24 25 28 
12 14 15 16 26 28 
12 13 15 17 26 28 
11 14 15 17 26 28 
11 13 16 17 26 28 
10 14 16 17 26 28 
 9 15 16 17 26 28 
12 13 14 18 26 28 
11 13 15 18 26 28 
10 14 15 18 26 28 
11 12 16 18 26 28 
10 13 16 18 26 28 
 9 14 16 18 26 28 
 8 15 16 18 26 28 
10 12 17 18 26 28 
 9 13 17 18 26 28 
 8 14 17 18 26 28 
 7 15 17 18 26 28 
 6 16 17 18 26 28 
11 13 14 19 26 28 
11 12 15 19 26 28 
10 13 15 19 26 28 
 9 14 15 19 26 28 
10 12 16 19 26 28 
 9 13 16 19 26 28 
 8 14 16 19 26 28 
 7 15 16 19 26 28 
10 11 17 19 26 28 
 9 12 17 19 26 28 
 8 13 17 19 26 28 
 7 14 17 19 26 28 
 6 15 17 19 26 28 
 5 16 17 19 26 28 
 9 11 18 19 26 28 
 8 12 18 19 26 28 
 7 13 18 19 26 28 
 6 14 18 19 26 28 
 5 15 18 19 26 28 
 4 16 18 19 26 28 
 3 17 18 19 26 28 
11 12 14 20 26 28 
10 13 14 20 26 28 
10 12 15 20 26 28 
 9 13 15 20 26 28 
 8 14 15 20 26 28 
10 11 16 20 26 28 
 9 12 16 20 26 28 
 8 13 16 20 26 28 
 7 14 16 20 26 28 
 6 15 16 20 26 28 
 9 11 17 20 26 28 
 8 12 17 20 26 28 
 7 13 17 20 26 28 
 6 14 17 20 26 28 
 5 15 17 20 26 28 
 4 16 17 20 26 28 
 9 10 18 20 26 28 
 8 11 18 20 26 28 
 7 12 18 20 26 28 
 6 13 18 20 26 28 
 5 14 18 20 26 28 
 4 15 18 20 26 28 
 3 16 18 20 26 28 
 2 17 18 20 26 28 
 8 10 19 20 26 28 
 7 11 19 20 26 28 
 6 12 19 20 26 28 
 5 13 19 20 26 28 
 4 14 19 20 26 28 
 3 15 19 20 26 28 
 2 16 19 20 26 28 
 1 17 19 20 26 28 
11 12 13 21 26 28 
10 12 14 21 26 28 
 9 13 14 21 26 28 
10 11 15 21 26 28 
 9 12 15 21 26 28 
 8 13 15 21 26 28 
 7 14 15 21 26 28 
 9 11 16 21 26 28 
 8 12 16 21 26 28 
 7 13 16 21 26 28 
 6 14 16 21 26 28 
 5 15 16 21 26 28 
 9 10 17 21 26 28 
 8 11 17 21 26 28 
 7 12 17 21 26 28 
 6 13 17 21 26 28 
 5 14 17 21 26 28 
 4 15 17 21 26 28 
 3 16 17 21 26 28 
 8 10 18 21 26 28 
 7 11 18 21 26 28 
 6 12 18 21 26 28 
 5 13 18 21 26 28 
 4 14 18 21 26 28 
 3 15 18 21 26 28 
 2 16 18 21 26 28 
 1 17 18 21 26 28 
 8  9 19 21 26 28 
 7 10 19 21 26 28 
 6 11 19 21 26 28 
 5 12 19 21 26 28 
 4 13 19 21 26 28 
 3 14 19 21 26 28 
 2 15 19 21 26 28 
 1 16 19 21 26 28 
 7  9 20 21 26 28 
 6 10 20 21 26 28 
 5 11 20 21 26 28 
 4 12 20 21 26 28 
 3 13 20 21 26 28 
 2 14 20 21 26 28 
 1 15 20 21 26 28 
10 12 13 22 26 28 
10 11 14 22 26 28 
 9 12 14 22 26 28 
 8 13 14 22 26 28 
 9 11 15 22 26 28 
 8 12 15 22 26 28 
 7 13 15 22 26 28 
 6 14 15 22 26 28 
 9 10 16 22 26 28 
 8 11 16 22 26 28 
 7 12 16 22 26 28 
 6 13 16 22 26 28 
 5 14 16 22 26 28 
 4 15 16 22 26 28 
 8 10 17 22 26 28 
 7 11 17 22 26 28 
 6 12 17 22 26 28 
 5 13 17 22 26 28 
 4 14 17 22 26 28 
 3 15 17 22 26 28 
 2 16 17 22 26 28 
 8  9 18 22 26 28 
 7 10 18 22 26 28 
 6 11 18 22 26 28 
 5 12 18 22 26 28 
 4 13 18 22 26 28 
 3 14 18 22 26 28 
 2 15 18 22 26 28 
 1 16 18 22 26 28 
 7  9 19 22 26 28 
 6 10 19 22 26 28 
 5 11 19 22 26 28 
 4 12 19 22 26 28 
 3 13 19 22 26 28 
 2 14 19 22 26 28 
 1 15 19 22 26 28 
 7  8 20 22 26 28 
 6  9 20 22 26 28 
 5 10 20 22 26 28 
 4 11 20 22 26 28 
 3 12 20 22 26 28 
 2 13 20 22 26 28 
 1 14 20 22 26 28 
 6  8 21 22 26 28 
 5  9 21 22 26 28 
 4 10 21 22 26 28 
 3 11 21 22 26 28 
 2 12 21 22 26 28 
 1 13 21 22 26 28 
10 11 13 23 26 28 
 9 12 13 23 26 28 
 9 11 14 23 26 28 
 8 12 14 23 26 28 
 7 13 14 23 26 28 
 9 10 15 23 26 28 
 8 11 15 23 26 28 
 7 12 15 23 26 28 
 6 13 15 23 26 28 
 5 14 15 23 26 28 
 8 10 16 23 26 28 
 7 11 16 23 26 28 
 6 12 16 23 26 28 
 5 13 16 23 26 28 
 4 14 16 23 26 28 
 3 15 16 23 26 28 
 8  9 17 23 26 28 
 7 10 17 23 26 28 
 6 11 17 23 26 28 
 5 12 17 23 26 28 
 4 13 17 23 26 28 
 3 14 17 23 26 28 
 2 15 17 23 26 28 
 1 16 17 23 26 28 
 7  9 18 23 26 28 
 6 10 18 23 26 28 
 5 11 18 23 26 28 
 4 12 18 23 26 28 
 3 13 18 23 26 28 
 2 14 18 23 26 28 
 1 15 18 23 26 28 
 7  8 19 23 26 28 
 6  9 19 23 26 28 
 5 10 19 23 26 28 
 4 11 19 23 26 28 
 3 12 19 23 26 28 
 2 13 19 23 26 28 
 1 14 19 23 26 28 
 6  8 20 23 26 28 
 5  9 20 23 26 28 
 4 10 20 23 26 28 
 3 11 20 23 26 28 
 2 12 20 23 26 28 
 1 13 20 23 26 28 
 6  7 21 23 26 28 
 5  8 21 23 26 28 
 4  9 21 23 26 28 
 3 10 21 23 26 28 
 2 11 21 23 26 28 
 1 12 21 23 26 28 
 5  7 22 23 26 28 
 4  8 22 23 26 28 
 3  9 22 23 26 28 
 2 10 22 23 26 28 
 1 11 22 23 26 28 
10 11 12 24 26 28 
 9 11 13 24 26 28 
 8 12 13 24 26 28 
 9 10 14 24 26 28 
 8 11 14 24 26 28 
 7 12 14 24 26 28 
 6 13 14 24 26 28 
 8 10 15 24 26 28 
 7 11 15 24 26 28 
 6 12 15 24 26 28 
 5 13 15 24 26 28 
 4 14 15 24 26 28 
 8  9 16 24 26 28 
 7 10 16 24 26 28 
 6 11 16 24 26 28 
 5 12 16 24 26 28 
 4 13 16 24 26 28 
 3 14 16 24 26 28 
 2 15 16 24 26 28 
 7  9 17 24 26 28 
 6 10 17 24 26 28 
 5 11 17 24 26 28 
 4 12 17 24 26 28 
 3 13 17 24 26 28 
 2 14 17 24 26 28 
 1 15 17 24 26 28 
 7  8 18 24 26 28 
 6  9 18 24 26 28 
 5 10 18 24 26 28 
 4 11 18 24 26 28 
 3 12 18 24 26 28 
 2 13 18 24 26 28 
 1 14 18 24 26 28 
 6  8 19 24 26 28 
 5  9 19 24 26 28 
 4 10 19 24 26 28 
 3 11 19 24 26 28 
 2 12 19 24 26 28 
 1 13 19 24 26 28 
 6  7 20 24 26 28 
 5  8 20 24 26 28 
 4  9 20 24 26 28 
 3 10 20 24 26 28 
 2 11 20 24 26 28 
 1 12 20 24 26 28 
 5  7 21 24 26 28 
 4  8 21 24 26 28 
 3  9 21 24 26 28 
 2 10 21 24 26 28 
 1 11 21 24 26 28 
 5  6 22 24 26 28 
 4  7 22 24 26 28 
 3  8 22 24 26 28 
 2  9 22 24 26 28 
 1 10 22 24 26 28 
 4  6 23 24 26 28 
 3  7 23 24 26 28 
 2  8 23 24 26 28 
 1  9 23 24 26 28 
 9 11 12 25 26 28 
 9 10 13 25 26 28 
 8 11 13 25 26 28 
 7 12 13 25 26 28 
 8 10 14 25 26 28 
 7 11 14 25 26 28 
 6 12 14 25 26 28 
 5 13 14 25 26 28 
 8  9 15 25 26 28 
 7 10 15 25 26 28 
 6 11 15 25 26 28 
 5 12 15 25 26 28 
 4 13 15 25 26 28 
 3 14 15 25 26 28 
 7  9 16 25 26 28 
 6 10 16 25 26 28 
 5 11 16 25 26 28 
 4 12 16 25 26 28 
 3 13 16 25 26 28 
 2 14 16 25 26 28 
 1 15 16 25 26 28 
 7  8 17 25 26 28 
 6  9 17 25 26 28 
 5 10 17 25 26 28 
 4 11 17 25 26 28 
 3 12 17 25 26 28 
 2 13 17 25 26 28 
 1 14 17 25 26 28 
 6  8 18 25 26 28 
 5  9 18 25 26 28 
 4 10 18 25 26 28 
 3 11 18 25 26 28 
 2 12 18 25 26 28 
 1 13 18 25 26 28 
 6  7 19 25 26 28 
 5  8 19 25 26 28 
 4  9 19 25 26 28 
 3 10 19 25 26 28 
 2 11 19 25 26 28 
 1 12 19 25 26 28 
 5  7 20 25 26 28 
 4  8 20 25 26 28 
 3  9 20 25 26 28 
 2 10 20 25 26 28 
 1 11 20 25 26 28 
 5  6 21 25 26 28 
 4  7 21 25 26 28 
 3  8 21 25 26 28 
 2  9 21 25 26 28 
 1 10 21 25 26 28 
 4  6 22 25 26 28 
 3  7 22 25 26 28 
 2  8 22 25 26 28 
 1  9 22 25 26 28 
 4  5 23 25 26 28 
 3  6 23 25 26 28 
 2  7 23 25 26 28 
 1  8 23 25 26 28 
 3  5 24 25 26 28 
 2  6 24 25 26 28 
 1  7 24 25 26 28 
12 13 15 16 27 28 
11 14 15 16 27 28 
12 13 14 17 27 28 
11 13 15 17 27 28 
10 14 15 17 27 28 
11 12 16 17 27 28 
10 13 16 17 27 28 
 9 14 16 17 27 28 
 8 15 16 17 27 28 
11 13 14 18 27 28 
11 12 15 18 27 28 
10 13 15 18 27 28 
 9 14 15 18 27 28 
10 12 16 18 27 28 
 9 13 16 18 27 28 
 8 14 16 18 27 28 
 7 15 16 18 27 28 
10 11 17 18 27 28 
 9 12 17 18 27 28 
 8 13 17 18 27 28 
 7 14 17 18 27 28 
 6 15 17 18 27 28 
 5 16 17 18 27 28 
11 12 14 19 27 28 
10 13 14 19 27 28 
10 12 15 19 27 28 
 9 13 15 19 27 28 
 8 14 15 19 27 28 
10 11 16 19 27 28 
 9 12 16 19 27 28 
 8 13 16 19 27 28 
 7 14 16 19 27 28 
 6 15 16 19 27 28 
 9 11 17 19 27 28 
 8 12 17 19 27 28 
 7 13 17 19 27 28 
 6 14 17 19 27 28 
 5 15 17 19 27 28 
 4 16 17 19 27 28 
 9 10 18 19 27 28 
 8 11 18 19 27 28 
 7 12 18 19 27 28 
 6 13 18 19 27 28 
 5 14 18 19 27 28 
 4 15 18 19 27 28 
 3 16 18 19 27 28 
 2 17 18 19 27 28 
11 12 13 20 27 28 
10 12 14 20 27 28 
 9 13 14 20 27 28 
10 11 15 20 27 28 
 9 12 15 20 27 28 
 8 13 15 20 27 28 
 7 14 15 20 27 28 
 9 11 16 20 27 28 
 8 12 16 20 27 28 
 7 13 16 20 27 28 
 6 14 16 20 27 28 
 5 15 16 20 27 28 
 9 10 17 20 27 28 
 8 11 17 20 27 28 
 7 12 17 20 27 28 
 6 13 17 20 27 28 
 5 14 17 20 27 28 
 4 15 17 20 27 28 
 3 16 17 20 27 28 
 8 10 18 20 27 28 
 7 11 18 20 27 28 
 6 12 18 20 27 28 
 5 13 18 20 27 28 
 4 14 18 20 27 28 
 3 15 18 20 27 28 
 2 16 18 20 27 28 
 1 17 18 20 27 28 
 8  9 19 20 27 28 
 7 10 19 20 27 28 
 6 11 19 20 27 28 
 5 12 19 20 27 28 
 4 13 19 20 27 28 
 3 14 19 20 27 28 
 2 15 19 20 27 28 
 1 16 19 20 27 28 
10 12 13 21 27 28 
10 11 14 21 27 28 
 9 12 14 21 27 28 
 8 13 14 21 27 28 
 9 11 15 21 27 28 
 8 12 15 21 27 28 
 7 13 15 21 27 28 
 6 14 15 21 27 28 
 9 10 16 21 27 28 
 8 11 16 21 27 28 
 7 12 16 21 27 28 
 6 13 16 21 27 28 
 5 14 16 21 27 28 
 4 15 16 21 27 28 
 8 10 17 21 27 28 
 7 11 17 21 27 28 
 6 12 17 21 27 28 
 5 13 17 21 27 28 
 4 14 17 21 27 28 
 3 15 17 21 27 28 
 2 16 17 21 27 28 
 8  9 18 21 27 28 
 7 10 18 21 27 28 
 6 11 18 21 27 28 
 5 12 18 21 27 28 
 4 13 18 21 27 28 
 3 14 18 21 27 28 
 2 15 18 21 27 28 
 1 16 18 21 27 28 
 7  9 19 21 27 28 
 6 10 19 21 27 28 
 5 11 19 21 27 28 
 4 12 19 21 27 28 
 3 13 19 21 27 28 
 2 14 19 21 27 28 
 1 15 19 21 27 28 
 7  8 20 21 27 28 
 6  9 20 21 27 28 
 5 10 20 21 27 28 
 4 11 20 21 27 28 
 3 12 20 21 27 28 
 2 13 20 21 27 28 
 1 14 20 21 27 28 
10 11 13 22 27 28 
 9 12 13 22 27 28 
 9 11 14 22 27 28 
 8 12 14 22 27 28 
 7 13 14 22 27 28 
 9 10 15 22 27 28 
 8 11 15 22 27 28 
 7 12 15 22 27 28 
 6 13 15 22 27 28 
 5 14 15 22 27 28 
 8 10 16 22 27 28 
 7 11 16 22 27 28 
 6 12 16 22 27 28 
 5 13 16 22 27 28 
 4 14 16 22 27 28 
 3 15 16 22 27 28 
 8  9 17 22 27 28 
 7 10 17 22 27 28 
 6 11 17 22 27 28 
 5 12 17 22 27 28 
 4 13 17 22 27 28 
 3 14 17 22 27 28 
 2 15 17 22 27 28 
 1 16 17 22 27 28 
 7  9 18 22 27 28 
 6 10 18 22 27 28 
 5 11 18 22 27 28 
 4 12 18 22 27 28 
 3 13 18 22 27 28 
 2 14 18 22 27 28 
 1 15 18 22 27 28 
 7  8 19 22 27 28 
 6  9 19 22 27 28 
 5 10 19 22 27 28 
 4 11 19 22 27 28 
 3 12 19 22 27 28 
 2 13 19 22 27 28 
 1 14 19 22 27 28 
 6  8 20 22 27 28 
 5  9 20 22 27 28 
 4 10 20 22 27 28 
 3 11 20 22 27 28 
 2 12 20 22 27 28 
 1 13 20 22 27 28 
 6  7 21 22 27 28 
 5  8 21 22 27 28 
 4  9 21 22 27 28 
 3 10 21 22 27 28 
 2 11 21 22 27 28 
 1 12 21 22 27 28 
10 11 12 23 27 28 
 9 11 13 23 27 28 
 8 12 13 23 27 28 
 9 10 14 23 27 28 
 8 11 14 23 27 28 
 7 12 14 23 27 28 
 6 13 14 23 27 28 
 8 10 15 23 27 28 
 7 11 15 23 27 28 
 6 12 15 23 27 28 
 5 13 15 23 27 28 
 4 14 15 23 27 28 
 8  9 16 23 27 28 
 7 10 16 23 27 28 
 6 11 16 23 27 28 
 5 12 16 23 27 28 
 4 13 16 23 27 28 
 3 14 16 23 27 28 
 2 15 16 23 27 28 
 7  9 17 23 27 28 
 6 10 17 23 27 28 
 5 11 17 23 27 28 
 4 12 17 23 27 28 
 3 13 17 23 27 28 
 2 14 17 23 27 28 
 1 15 17 23 27 28 
 7  8 18 23 27 28 
 6  9 18 23 27 28 
 5 10 18 23 27 28 
 4 11 18 23 27 28 
 3 12 18 23 27 28 
 2 13 18 23 27 28 
 1 14 18 23 27 28 
 6  8 19 23 27 28 
 5  9 19 23 27 28 
 4 10 19 23 27 28 
 3 11 19 23 27 28 
 2 12 19 23 27 28 
 1 13 19 23 27 28 
 6  7 20 23 27 28 
 5  8 20 23 27 28 
 4  9 20 23 27 28 
 3 10 20 23 27 28 
 2 11 20 23 27 28 
 1 12 20 23 27 28 
 5  7 21 23 27 28 
 4  8 21 23 27 28 
 3  9 21 23 27 28 
 2 10 21 23 27 28 
 1 11 21 23 27 28 
 5  6 22 23 27 28 
 4  7 22 23 27 28 
 3  8 22 23 27 28 
 2  9 22 23 27 28 
 1 10 22 23 27 28 
 9 11 12 24 27 28 
 9 10 13 24 27 28 
 8 11 13 24 27 28 
 7 12 13 24 27 28 
 8 10 14 24 27 28 
 7 11 14 24 27 28 
 6 12 14 24 27 28 
 5 13 14 24 27 28 
 8  9 15 24 27 28 
 7 10 15 24 27 28 
 6 11 15 24 27 28 
 5 12 15 24 27 28 
 4 13 15 24 27 28 
 3 14 15 24 27 28 
 7  9 16 24 27 28 
 6 10 16 24 27 28 
 5 11 16 24 27 28 
 4 12 16 24 27 28 
 3 13 16 24 27 28 
 2 14 16 24 27 28 
 1 15 16 24 27 28 
 7  8 17 24 27 28 
 6  9 17 24 27 28 
 5 10 17 24 27 28 
 4 11 17 24 27 28 
 3 12 17 24 27 28 
 2 13 17 24 27 28 
 1 14 17 24 27 28 
 6  8 18 24 27 28 
 5  9 18 24 27 28 
 4 10 18 24 27 28 
 3 11 18 24 27 28 
 2 12 18 24 27 28 
 1 13 18 24 27 28 
 6  7 19 24 27 28 
 5  8 19 24 27 28 
 4  9 19 24 27 28 
 3 10 19 24 27 28 
 2 11 19 24 27 28 
 1 12 19 24 27 28 
 5  7 20 24 27 28 
 4  8 20 24 27 28 
 3  9 20 24 27 28 
 2 10 20 24 27 28 
 1 11 20 24 27 28 
 5  6 21 24 27 28 
 4  7 21 24 27 28 
 3  8 21 24 27 28 
 2  9 21 24 27 28 
 1 10 21 24 27 28 
 4  6 22 24 27 28 
 3  7 22 24 27 28 
 2  8 22 24 27 28 
 1  9 22 24 27 28 
 4  5 23 24 27 28 
 3  6 23 24 27 28 
 2  7 23 24 27 28 
 1  8 23 24 27 28 
 9 10 12 25 27 28 
 8 11 12 25 27 28 
 8 10 13 25 27 28 
 7 11 13 25 27 28 
 6 12 13 25 27 28 
 8  9 14 25 27 28 
 7 10 14 25 27 28 
 6 11 14 25 27 28 
 5 12 14 25 27 28 
 4 13 14 25 27 28 
 7  9 15 25 27 28 
 6 10 15 25 27 28 
 5 11 15 25 27 28 
 4 12 15 25 27 28 
 3 13 15 25 27 28 
 2 14 15 25 27 28 
 7  8 16 25 27 28 
 6  9 16 25 27 28 
 5 10 16 25 27 28 
 4 11 16 25 27 28 
 3 12 16 25 27 28 
 2 13 16 25 27 28 
 1 14 16 25 27 28 
 6  8 17 25 27 28 
 5  9 17 25 27 28 
 4 10 17 25 27 28 
 3 11 17 25 27 28 
 2 12 17 25 27 28 
 1 13 17 25 27 28 
 6  7 18 25 27 28 
 5  8 18 25 27 28 
 4  9 18 25 27 28 
 3 10 18 25 27 28 
 2 11 18 25 27 28 
 1 12 18 25 27 28 
 5  7 19 25 27 28 
 4  8 19 25 27 28 
 3  9 19 25 27 28 
 2 10 19 25 27 28 
 1 11 19 25 27 28 
 5  6 20 25 27 28 
 4  7 20 25 27 28 
 3  8 20 25 27 28 
 2  9 20 25 27 28 
 1 10 20 25 27 28 
 4  6 21 25 27 28 
 3  7 21 25 27 28 
 2  8 21 25 27 28 
 1  9 21 25 27 28 
 4  5 22 25 27 28 
 3  6 22 25 27 28 
 2  7 22 25 27 28 
 1  8 22 25 27 28 
 3  5 23 25 27 28 
 2  6 23 25 27 28 
 1  7 23 25 27 28 
 3  4 24 25 27 28 
 2  5 24 25 27 28 
 1  6 24 25 27 28 
 9 10 11 26 27 28 
 8 10 12 26 27 28 
 7 11 12 26 27 28 
 8  9 13 26 27 28 
 7 10 13 26 27 28 
 6 11 13 26 27 28 
 5 12 13 26 27 28 
 7  9 14 26 27 28 
 6 10 14 26 27 28 
 5 11 14 26 27 28 
 4 12 14 26 27 28 
 3 13 14 26 27 28 
 7  8 15 26 27 28 
 6  9 15 26 27 28 
 5 10 15 26 27 28 
 4 11 15 26 27 28 
 3 12 15 26 27 28 
 2 13 15 26 27 28 
 1 14 15 26 27 28 
 6  8 16 26 27 28 
 5  9 16 26 27 28 
 4 10 16 26 27 28 
 3 11 16 26 27 28 
 2 12 16 26 27 28 
 1 13 16 26 27 28 
 6  7 17 26 27 28 
 5  8 17 26 27 28 
 4  9 17 26 27 28 
 3 10 17 26 27 28 
 2 11 17 26 27 28 
 1 12 17 26 27 28 
 5  7 18 26 27 28 
 4  8 18 26 27 28 
 3  9 18 26 27 28 
 2 10 18 26 27 28 
 1 11 18 26 27 28 
 5  6 19 26 27 28 
 4  7 19 26 27 28 
 3  8 19 26 27 28 
 2  9 19 26 27 28 
 1 10 19 26 27 28 
 4  6 20 26 27 28 
 3  7 20 26 27 28 
 2  8 20 26 27 28 
 1  9 20 26 27 28 
 4  5 21 26 27 28 
 3  6 21 26 27 28 
 2  7 21 26 27 28 
 1  8 21 26 27 28 
 3  5 22 26 27 28 
 2  6 22 26 27 28 
 1  7 22 26 27 28 
 3  4 23 26 27 28 
 2  5 23 26 27 28 
 1  6 23 26 27 28 
 2  4 24 26 27 28 
 1  5 24 26 27 28 
 2  3 25 26 27 28 
 1  4 25 26 27 28 
14 15 16 18 19 29 
13 15 17 18 19 29 
12 16 17 18 19 29 
14 15 16 17 20 29 
13 15 16 18 20 29 
13 14 17 18 20 29 
12 15 17 18 20 29 
11 16 17 18 20 29 
13 14 16 19 20 29 
12 15 16 19 20 29 
12 14 17 19 20 29 
11 15 17 19 20 29 
10 16 17 19 20 29 
12 13 18 19 20 29 
11 14 18 19 20 29 
10 15 18 19 20 29 
 9 16 18 19 20 29 
 8 17 18 19 20 29 
13 15 16 17 21 29 
13 14 16 18 21 29 
12 15 16 18 21 29 
12 14 17 18 21 29 
11 15 17 18 21 29 
10 16 17 18 21 29 
13 14 15 19 21 29 
12 14 16 19 21 29 
11 15 16 19 21 29 
12 13 17 19 21 29 
11 14 17 19 21 29 
10 15 17 19 21 29 
 9 16 17 19 21 29 
11 13 18 19 21 29 
10 14 18 19 21 29 
 9 15 18 19 21 29 
 8 16 18 19 21 29 
 7 17 18 19 21 29 
12 14 15 20 21 29 
12 13 16 20 21 29 
11 14 16 20 21 29 
10 15 16 20 21 29 
11 13 17 20 21 29 
10 14 17 20 21 29 
 9 15 17 20 21 29 
 8 16 17 20 21 29 
11 12 18 20 21 29 
10 13 18 20 21 29 
 9 14 18 20 21 29 
 8 15 18 20 21 29 
 7 16 18 20 21 29 
 6 17 18 20 21 29 
10 12 19 20 21 29 
 9 13 19 20 21 29 
 8 14 19 20 21 29 
 7 15 19 20 21 29 
 6 16 19 20 21 29 
 5 17 19 20 21 29 
 4 18 19 20 21 29 
13 14 16 17 22 29 
12 15 16 17 22 29 
13 14 15 18 22 29 
12 14 16 18 22 29 
11 15 16 18 22 29 
12 13 17 18 22 29 
11 14 17 18 22 29 
10 15 17 18 22 29 
 9 16 17 18 22 29 
12 14 15 19 22 29 
12 13 16 19 22 29 
11 14 16 19 22 29 
10 15 16 19 22 29 
11 13 17 19 22 29 
10 14 17 19 22 29 
 9 15 17 19 22 29 
 8 16 17 19 22 29 
11 12 18 19 22 29 
10 13 18 19 22 29 
 9 14 18 19 22 29 
 8 15 18 19 22 29 
 7 16 18 19 22 29 
 6 17 18 19 22 29 
12 13 15 20 22 29 
11 14 15 20 22 29 
11 13 16 20 22 29 
10 14 16 20 22 29 
 9 15 16 20 22 29 
11 12 17 20 22 29 
10 13 17 20 22 29 
 9 14 17 20 22 29 
 8 15 17 20 22 29 
 7 16 17 20 22 29 
10 12 18 20 22 29 
 9 13 18 20 22 29 
 8 14 18 20 22 29 
 7 15 18 20 22 29 
 6 16 18 20 22 29 
 5 17 18 20 22 29 
10 11 19 20 22 29 
 9 12 19 20 22 29 
 8 13 19 20 22 29 
 7 14 19 20 22 29 
 6 15 19 20 22 29 
 5 16 19 20 22 29 
 4 17 19 20 22 29 
 3 18 19 20 22 29 
12 13 14 21 22 29 
11 13 15 21 22 29 
10 14 15 21 22 29 
11 12 16 21 22 29 
10 13 16 21 22 29 
 9 14 16 21 22 29 
 8 15 16 21 22 29 
10 12 17 21 22 29 
 9 13 17 21 22 29 
 8 14 17 21 22 29 
 7 15 17 21 22 29 
 6 16 17 21 22 29 
10 11 18 21 22 29 
 9 12 18 21 22 29 
 8 13 18 21 22 29 
 7 14 18 21 22 29 
 6 15 18 21 22 29 
 5 16 18 21 22 29 
 4 17 18 21 22 29 
 9 11 19 21 22 29 
 8 12 19 21 22 29 
 7 13 19 21 22 29 
 6 14 19 21 22 29 
 5 15 19 21 22 29 
 4 16 19 21 22 29 
 3 17 19 21 22 29 
 2 18 19 21 22 29 
 9 10 20 21 22 29 
 8 11 20 21 22 29 
 7 12 20 21 22 29 
 6 13 20 21 22 29 
 5 14 20 21 22 29 
 4 15 20 21 22 29 
 3 16 20 21 22 29 
 2 17 20 21 22 29 
 1 18 20 21 22 29 
13 14 15 17 23 29 
12 14 16 17 23 29 
11 15 16 17 23 29 
12 14 15 18 23 29 
12 13 16 18 23 29 
11 14 16 18 23 29 
10 15 16 18 23 29 
11 13 17 18 23 29 
10 14 17 18 23 29 
 9 15 17 18 23 29 
 8 16 17 18 23 29 
12 13 15 19 23 29 
11 14 15 19 23 29 
11 13 16 19 23 29 
10 14 16 19 23 29 
 9 15 16 19 23 29 
11 12 17 19 23 29 
10 13 17 19 23 29 
 9 14 17 19 23 29 
 8 15 17 19 23 29 
 7 16 17 19 23 29 
10 12 18 19 23 29 
 9 13 18 19 23 29 
 8 14 18 19 23 29 
 7 15 18 19 23 29 
 6 16 18 19 23 29 
 5 17 18 19 23 29 
12 13 14 20 23 29 
11 13 15 20 23 29 
10 14 15 20 23 29 
11 12 16 20 23 29 
10 13 16 20 23 29 
 9 14 16 20 23 29 
 8 15 16 20 23 29 
10 12 17 20 23 29 
 9 13 17 20 23 29 
 8 14 17 20 23 29 
 7 15 17 20 23 29 
 6 16 17 20 23 29 
10 11 18 20 23 29 
 9 12 18 20 23 29 
 8 13 18 20 23 29 
 7 14 18 20 23 29 
 6 15 18 20 23 29 
 5 16 18 20 23 29 
 4 17 18 20 23 29 
 9 11 19 20 23 29 
 8 12 19 20 23 29 
 7 13 19 20 23 29 
 6 14 19 20 23 29 
 5 15 19 20 23 29 
 4 16 19 20 23 29 
 3 17 19 20 23 29 
 2 18 19 20 23 29 
11 13 14 21 23 29 
11 12 15 21 23 29 
10 13 15 21 23 29 
 9 14 15 21 23 29 
10 12 16 21 23 29 
 9 13 16 21 23 29 
 8 14 16 21 23 29 
 7 15 16 21 23 29 
10 11 17 21 23 29 
 9 12 17 21 23 29 
 8 13 17 21 23 29 
 7 14 17 21 23 29 
 6 15 17 21 23 29 
 5 16 17 21 23 29 
 9 11 18 21 23 29 
 8 12 18 21 23 29 
 7 13 18 21 23 29 
 6 14 18 21 23 29 
 5 15 18 21 23 29 
 4 16 18 21 23 29 
 3 17 18 21 23 29 
 9 10 19 21 23 29 
 8 11 19 21 23 29 
 7 12 19 21 23 29 
 6 13 19 21 23 29 
 5 14 19 21 23 29 
 4 15 19 21 23 29 
 3 16 19 21 23 29 
 2 17 19 21 23 29 
 1 18 19 21 23 29 
 8 10 20 21 23 29 
 7 11 20 21 23 29 
 6 12 20 21 23 29 
 5 13 20 21 23 29 
 4 14 20 21 23 29 
 3 15 20 21 23 29 
 2 16 20 21 23 29 
 1 17 20 21 23 29 
11 12 14 22 23 29 
10 13 14 22 23 29 
10 12 15 22 23 29 
 9 13 15 22 23 29 
 8 14 15 22 23 29 
10 11 16 22 23 29 
 9 12 16 22 23 29 
 8 13 16 22 23 29 
 7 14 16 22 23 29 
 6 15 16 22 23 29 
 9 11 17 22 23 29 
 8 12 17 22 23 29 
 7 13 17 22 23 29 
 6 14 17 22 23 29 
 5 15 17 22 23 29 
 4 16 17 22 23 29 
 9 10 18 22 23 29 
 8 11 18 22 23 29 
 7 12 18 22 23 29 
 6 13 18 22 23 29 
 5 14 18 22 23 29 
 4 15 18 22 23 29 
 3 16 18 22 23 29 
 2 17 18 22 23 29 
 8 10 19 22 23 29 
 7 11 19 22 23 29 
 6 12 19 22 23 29 
 5 13 19 22 23 29 
 4 14 19 22 23 29 
 3 15 19 22 23 29 
 2 16 19 22 23 29 
 1 17 19 22 23 29 
 8  9 20 22 23 29 
 7 10 20 22 23 29 
 6 11 20 22 23 29 
 5 12 20 22 23 29 
 4 13 20 22 23 29 
 3 14 20 22 23 29 
 2 15 20 22 23 29 
 1 16 20 22 23 29 
 7  9 21 22 23 29 
 6 10 21 22 23 29 
 5 11 21 22 23 29 
 4 12 21 22 23 29 
 3 13 21 22 23 29 
 2 14 21 22 23 29 
 1 15 21 22 23 29 
13 14 15 16 24 29 
12 14 15 17 24 29 
12 13 16 17 24 29 
11 14 16 17 24 29 
10 15 16 17 24 29 
12 13 15 18 24 29 
11 14 15 18 24 29 
11 13 16 18 24 29 
10 14 16 18 24 29 
 9 15 16 18 24 29 
11 12 17 18 24 29 
10 13 17 18 24 29 
 9 14 17 18 24 29 
 8 15 17 18 24 29 
 7 16 17 18 24 29 
12 13 14 19 24 29 
11 13 15 19 24 29 
10 14 15 19 24 29 
11 12 16 19 24 29 
10 13 16 19 24 29 
 9 14 16 19 24 29 
 8 15 16 19 24 29 
10 12 17 19 24 29 
 9 13 17 19 24 29 
 8 14 17 19 24 29 
 7 15 17 19 24 29 
 6 16 17 19 24 29 
10 11 18 19 24 29 
 9 12 18 19 24 29 
 8 13 18 19 24 29 
 7 14 18 19 24 29 
 6 15 18 19 24 29 
 5 16 18 19 24 29 
 4 17 18 19 24 29 
11 13 14 20 24 29 
11 12 15 20 24 29 
10 13 15 20 24 29 
 9 14 15 20 24 29 
10 12 16 20 24 29 
 9 13 16 20 24 29 
 8 14 16 20 24 29 
 7 15 16 20 24 29 
10 11 17 20 24 29 
 9 12 17 20 24 29 
 8 13 17 20 24 29 
 7 14 17 20 24 29 
 6 15 17 20 24 29 
 5 16 17 20 24 29 
 9 11 18 20 24 29 
 8 12 18 20 24 29 
 7 13 18 20 24 29 
 6 14 18 20 24 29 
 5 15 18 20 24 29 
 4 16 18 20 24 29 
 3 17 18 20 24 29 
 9 10 19 20 24 29 
 8 11 19 20 24 29 
 7 12 19 20 24 29 
 6 13 19 20 24 29 
 5 14 19 20 24 29 
 4 15 19 20 24 29 
 3 16 19 20 24 29 
 2 17 19 20 24 29 
 1 18 19 20 24 29 
11 12 14 21 24 29 
10 13 14 21 24 29 
10 12 15 21 24 29 
 9 13 15 21 24 29 
 8 14 15 21 24 29 
10 11 16 21 24 29 
 9 12 16 21 24 29 
 8 13 16 21 24 29 
 7 14 16 21 24 29 
 6 15 16 21 24 29 
 9 11 17 21 24 29 
 8 12 17 21 24 29 
 7 13 17 21 24 29 
 6 14 17 21 24 29 
 5 15 17 21 24 29 
 4 16 17 21 24 29 
 9 10 18 21 24 29 
 8 11 18 21 24 29 
 7 12 18 21 24 29 
 6 13 18 21 24 29 
 5 14 18 21 24 29 
 4 15 18 21 24 29 
 3 16 18 21 24 29 
 2 17 18 21 24 29 
 8 10 19 21 24 29 
 7 11 19 21 24 29 
 6 12 19 21 24 29 
 5 13 19 21 24 29 
 4 14 19 21 24 29 
 3 15 19 21 24 29 
 2 16 19 21 24 29 
 1 17 19 21 24 29 
 8  9 20 21 24 29 
 7 10 20 21 24 29 
 6 11 20 21 24 29 
 5 12 20 21 24 29 
 4 13 20 21 24 29 
 3 14 20 21 24 29 
 2 15 20 21 24 29 
 1 16 20 21 24 29 
11 12 13 22 24 29 
10 12 14 22 24 29 
 9 13 14 22 24 29 
10 11 15 22 24 29 
 9 12 15 22 24 29 
 8 13 15 22 24 29 
 7 14 15 22 24 29 
 9 11 16 22 24 29 
 8 12 16 22 24 29 
 7 13 16 22 24 29 
 6 14 16 22 24 29 
 5 15 16 22 24 29 
 9 10 17 22 24 29 
 8 11 17 22 24 29 
 7 12 17 22 24 29 
 6 13 17 22 24 29 
 5 14 17 22 24 29 
 4 15 17 22 24 29 
 3 16 17 22 24 29 
 8 10 18 22 24 29 
 7 11 18 22 24 29 
 6 12 18 22 24 29 
 5 13 18 22 24 29 
 4 14 18 22 24 29 
 3 15 18 22 24 29 
 2 16 18 22 24 29 
 1 17 18 22 24 29 
 8  9 19 22 24 29 
 7 10 19 22 24 29 
 6 11 19 22 24 29 
 5 12 19 22 24 29 
 4 13 19 22 24 29 
 3 14 19 22 24 29 
 2 15 19 22 24 29 
 1 16 19 22 24 29 
 7  9 20 22 24 29 
 6 10 20 22 24 29 
 5 11 20 22 24 29 
 4 12 20 22 24 29 
 3 13 20 22 24 29 
 2 14 20 22 24 29 
 1 15 20 22 24 29 
 7  8 21 22 24 29 
 6  9 21 22 24 29 
 5 10 21 22 24 29 
 4 11 21 22 24 29 
 3 12 21 22 24 29 
 2 13 21 22 24 29 
 1 14 21 22 24 29 
10 12 13 23 24 29 
10 11 14 23 24 29 
 9 12 14 23 24 29 
 8 13 14 23 24 29 
 9 11 15 23 24 29 
 8 12 15 23 24 29 
 7 13 15 23 24 29 
 6 14 15 23 24 29 
 9 10 16 23 24 29 
 8 11 16 23 24 29 
 7 12 16 23 24 29 
 6 13 16 23 24 29 
 5 14 16 23 24 29 
 4 15 16 23 24 29 
 8 10 17 23 24 29 
 7 11 17 23 24 29 
 6 12 17 23 24 29 
 5 13 17 23 24 29 
 4 14 17 23 24 29 
 3 15 17 23 24 29 
 2 16 17 23 24 29 
 8  9 18 23 24 29 
 7 10 18 23 24 29 
 6 11 18 23 24 29 
 5 12 18 23 24 29 
 4 13 18 23 24 29 
 3 14 18 23 24 29 
 2 15 18 23 24 29 
 1 16 18 23 24 29 
 7  9 19 23 24 29 
 6 10 19 23 24 29 
 5 11 19 23 24 29 
 4 12 19 23 24 29 
 3 13 19 23 24 29 
 2 14 19 23 24 29 
 1 15 19 23 24 29 
 7  8 20 23 24 29 
 6  9 20 23 24 29 
 5 10 20 23 24 29 
 4 11 20 23 24 29 
 3 12 20 23 24 29 
 2 13 20 23 24 29 
 1 14 20 23 24 29 
 6  8 21 23 24 29 
 5  9 21 23 24 29 
 4 10 21 23 24 29 
 3 11 21 23 24 29 
 2 12 21 23 24 29 
 1 13 21 23 24 29 
 6  7 22 23 24 29 
 5  8 22 23 24 29 
 4  9 22 23 24 29 
 3 10 22 23 24 29 
 2 11 22 23 24 29 
 1 12 22 23 24 29 
12 14 15 16 25 29 
12 13 15 17 25 29 
11 14 15 17 25 29 
11 13 16 17 25 29 
10 14 16 17 25 29 
 9 15 16 17 25 29 
12 13 14 18 25 29 
11 13 15 18 25 29 
10 14 15 18 25 29 
11 12 16 18 25 29 
10 13 16 18 25 29 
 9 14 16 18 25 29 
 8 15 16 18 25 29 
10 12 17 18 25 29 
 9 13 17 18 25 29 
 8 14 17 18 25 29 
 7 15 17 18 25 29 
 6 16 17 18 25 29 
11 13 14 19 25 29 
11 12 15 19 25 29 
10 13 15 19 25 29 
 9 14 15 19 25 29 
10 12 16 19 25 29 
 9 13 16 19 25 29 
 8 14 16 19 25 29 
 7 15 16 19 25 29 
10 11 17 19 25 29 
 9 12 17 19 25 29 
 8 13 17 19 25 29 
 7 14 17 19 25 29 
 6 15 17 19 25 29 
 5 16 17 19 25 29 
 9 11 18 19 25 29 
 8 12 18 19 25 29 
 7 13 18 19 25 29 
 6 14 18 19 25 29 
 5 15 18 19 25 29 
 4 16 18 19 25 29 
 3 17 18 19 25 29 
11 12 14 20 25 29 
10 13 14 20 25 29 
10 12 15 20 25 29 
 9 13 15 20 25 29 
 8 14 15 20 25 29 
10 11 16 20 25 29 
 9 12 16 20 25 29 
 8 13 16 20 25 29 
 7 14 16 20 25 29 
 6 15 16 20 25 29 
 9 11 17 20 25 29 
 8 12 17 20 25 29 
 7 13 17 20 25 29 
 6 14 17 20 25 29 
 5 15 17 20 25 29 
 4 16 17 20 25 29 
 9 10 18 20 25 29 
 8 11 18 20 25 29 
 7 12 18 20 25 29 
 6 13 18 20 25 29 
 5 14 18 20 25 29 
 4 15 18 20 25 29 
 3 16 18 20 25 29 
 2 17 18 20 25 29 
 8 10 19 20 25 29 
 7 11 19 20 25 29 
 6 12 19 20 25 29 
 5 13 19 20 25 29 
 4 14 19 20 25 29 
 3 15 19 20 25 29 
 2 16 19 20 25 29 
 1 17 19 20 25 29 
11 12 13 21 25 29 
10 12 14 21 25 29 
 9 13 14 21 25 29 
10 11 15 21 25 29 
 9 12 15 21 25 29 
 8 13 15 21 25 29 
 7 14 15 21 25 29 
 9 11 16 21 25 29 
 8 12 16 21 25 29 
 7 13 16 21 25 29 
 6 14 16 21 25 29 
 5 15 16 21 25 29 
 9 10 17 21 25 29 
 8 11 17 21 25 29 
 7 12 17 21 25 29 
 6 13 17 21 25 29 
 5 14 17 21 25 29 
 4 15 17 21 25 29 
 3 16 17 21 25 29 
 8 10 18 21 25 29 
 7 11 18 21 25 29 
 6 12 18 21 25 29 
 5 13 18 21 25 29 
 4 14 18 21 25 29 
 3 15 18 21 25 29 
 2 16 18 21 25 29 
 1 17 18 21 25 29 
 8  9 19 21 25 29 
 7 10 19 21 25 29 
 6 11 19 21 25 29 
 5 12 19 21 25 29 
 4 13 19 21 25 29 
 3 14 19 21 25 29 
 2 15 19 21 25 29 
 1 16 19 21 25 29 
 7  9 20 21 25 29 
 6 10 20 21 25 29 
 5 11 20 21 25 29 
 4 12 20 21 25 29 
 3 13 20 21 25 29 
 2 14 20 21 25 29 
 1 15 20 21 25 29 
10 12 13 22 25 29 
10 11 14 22 25 29 
 9 12 14 22 25 29 
 8 13 14 22 25 29 
 9 11 15 22 25 29 
 8 12 15 22 25 29 
 7 13 15 22 25 29 
 6 14 15 22 25 29 
 9 10 16 22 25 29 
 8 11 16 22 25 29 
 7 12 16 22 25 29 
 6 13 16 22 25 29 
 5 14 16 22 25 29 
 4 15 16 22 25 29 
 8 10 17 22 25 29 
 7 11 17 22 25 29 
 6 12 17 22 25 29 
 5 13 17 22 25 29 
 4 14 17 22 25 29 
 3 15 17 22 25 29 
 2 16 17 22 25 29 
 8  9 18 22 25 29 
 7 10 18 22 25 29 
 6 11 18 22 25 29 
 5 12 18 22 25 29 
 4 13 18 22 25 29 
 3 14 18 22 25 29 
 2 15 18 22 25 29 
 1 16 18 22 25 29 
 7  9 19 22 25 29 
 6 10 19 22 25 29 
 5 11 19 22 25 29 
 4 12 19 22 25 29 
 3 13 19 22 25 29 
 2 14 19 22 25 29 
 1 15 19 22 25 29 
 7  8 20 22 25 29 
 6  9 20 22 25 29 
 5 10 20 22 25 29 
 4 11 20 22 25 29 
 3 12 20 22 25 29 
 2 13 20 22 25 29 
 1 14 20 22 25 29 
 6  8 21 22 25 29 
 5  9 21 22 25 29 
 4 10 21 22 25 29 
 3 11 21 22 25 29 
 2 12 21 22 25 29 
 1 13 21 22 25 29 
10 11 13 23 25 29 
 9 12 13 23 25 29 
 9 11 14 23 25 29 
 8 12 14 23 25 29 
 7 13 14 23 25 29 
 9 10 15 23 25 29 
 8 11 15 23 25 29 
 7 12 15 23 25 29 
 6 13 15 23 25 29 
 5 14 15 23 25 29 
 8 10 16 23 25 29 
 7 11 16 23 25 29 
 6 12 16 23 25 29 
 5 13 16 23 25 29 
 4 14 16 23 25 29 
 3 15 16 23 25 29 
 8  9 17 23 25 29 
 7 10 17 23 25 29 
 6 11 17 23 25 29 
 5 12 17 23 25 29 
 4 13 17 23 25 29 
 3 14 17 23 25 29 
 2 15 17 23 25 29 
 1 16 17 23 25 29 
 7  9 18 23 25 29 
 6 10 18 23 25 29 
 5 11 18 23 25 29 
 4 12 18 23 25 29 
 3 13 18 23 25 29 
 2 14 18 23 25 29 
 1 15 18 23 25 29 
 7  8 19 23 25 29 
 6  9 19 23 25 29 
 5 10 19 23 25 29 
 4 11 19 23 25 29 
 3 12 19 23 25 29 
 2 13 19 23 25 29 
 1 14 19 23 25 29 
 6  8 20 23 25 29 
 5  9 20 23 25 29 
 4 10 20 23 25 29 
 3 11 20 23 25 29 
 2 12 20 23 25 29 
 1 13 20 23 25 29 
 6  7 21 23 25 29 
 5  8 21 23 25 29 
 4  9 21 23 25 29 
 3 10 21 23 25 29 
 2 11 21 23 25 29 
 1 12 21 23 25 29 
 5  7 22 23 25 29 
 4  8 22 23 25 29 
 3  9 22 23 25 29 
 2 10 22 23 25 29 
 1 11 22 23 25 29 
10 11 12 24 25 29 
 9 11 13 24 25 29 
 8 12 13 24 25 29 
 9 10 14 24 25 29 
 8 11 14 24 25 29 
 7 12 14 24 25 29 
 6 13 14 24 25 29 
 8 10 15 24 25 29 
 7 11 15 24 25 29 
 6 12 15 24 25 29 
 5 13 15 24 25 29 
 4 14 15 24 25 29 
 8  9 16 24 25 29 
 7 10 16 24 25 29 
 6 11 16 24 25 29 
 5 12 16 24 25 29 
 4 13 16 24 25 29 
 3 14 16 24 25 29 
 2 15 16 24 25 29 
 7  9 17 24 25 29 
 6 10 17 24 25 29 
 5 11 17 24 25 29 
 4 12 17 24 25 29 
 3 13 17 24 25 29 
 2 14 17 24 25 29 
 1 15 17 24 25 29 
 7  8 18 24 25 29 
 6  9 18 24 25 29 
 5 10 18 24 25 29 
 4 11 18 24 25 29 
 3 12 18 24 25 29 
 2 13 18 24 25 29 
 1 14 18 24 25 29 
 6  8 19 24 25 29 
 5  9 19 24 25 29 
 4 10 19 24 25 29 
 3 11 19 24 25 29 
 2 12 19 24 25 29 
 1 13 19 24 25 29 
 6  7 20 24 25 29 
 5  8 20 24 25 29 
 4  9 20 24 25 29 
 3 10 20 24 25 29 
 2 11 20 24 25 29 
 1 12 20 24 25 29 
 5  7 21 24 25 29 
 4  8 21 24 25 29 
 3  9 21 24 25 29 
 2 10 21 24 25 29 
 1 11 21 24 25 29 
 5  6 22 24 25 29 
 4  7 22 24 25 29 
 3  8 22 24 25 29 
 2  9 22 24 25 29 
 1 10 22 24 25 29 
 4  6 23 24 25 29 
 3  7 23 24 25 29 
 2  8 23 24 25 29 
 1  9 23 24 25 29 
12 13 15 16 26 29 
11 14 15 16 26 29 
12 13 14 17 26 29 
11 13 15 17 26 29 
10 14 15 17 26 29 
11 12 16 17 26 29 
10 13 16 17 26 29 
 9 14 16 17 26 29 
 8 15 16 17 26 29 
11 13 14 18 26 29 
11 12 15 18 26 29 
10 13 15 18 26 29 
 9 14 15 18 26 29 
10 12 16 18 26 29 
 9 13 16 18 26 29 
 8 14 16 18 26 29 
 7 15 16 18 26 29 
10 11 17 18 26 29 
 9 12 17 18 26 29 
 8 13 17 18 26 29 
 7 14 17 18 26 29 
 6 15 17 18 26 29 
 5 16 17 18 26 29 
11 12 14 19 26 29 
10 13 14 19 26 29 
10 12 15 19 26 29 
 9 13 15 19 26 29 
 8 14 15 19 26 29 
10 11 16 19 26 29 
 9 12 16 19 26 29 
 8 13 16 19 26 29 
 7 14 16 19 26 29 
 6 15 16 19 26 29 
 9 11 17 19 26 29 
 8 12 17 19 26 29 
 7 13 17 19 26 29 
 6 14 17 19 26 29 
 5 15 17 19 26 29 
 4 16 17 19 26 29 
 9 10 18 19 26 29 
 8 11 18 19 26 29 
 7 12 18 19 26 29 
 6 13 18 19 26 29 
 5 14 18 19 26 29 
 4 15 18 19 26 29 
 3 16 18 19 26 29 
 2 17 18 19 26 29 
11 12 13 20 26 29 
10 12 14 20 26 29 
 9 13 14 20 26 29 
10 11 15 20 26 29 
 9 12 15 20 26 29 
 8 13 15 20 26 29 
 7 14 15 20 26 29 
 9 11 16 20 26 29 
 8 12 16 20 26 29 
 7 13 16 20 26 29 
 6 14 16 20 26 29 
 5 15 16 20 26 29 
 9 10 17 20 26 29 
 8 11 17 20 26 29 
 7 12 17 20 26 29 
 6 13 17 20 26 29 
 5 14 17 20 26 29 
 4 15 17 20 26 29 
 3 16 17 20 26 29 
 8 10 18 20 26 29 
 7 11 18 20 26 29 
 6 12 18 20 26 29 
 5 13 18 20 26 29 
 4 14 18 20 26 29 
 3 15 18 20 26 29 
 2 16 18 20 26 29 
 1 17 18 20 26 29 
 8  9 19 20 26 29 
 7 10 19 20 26 29 
 6 11 19 20 26 29 
 5 12 19 20 26 29 
 4 13 19 20 26 29 
 3 14 19 20 26 29 
 2 15 19 20 26 29 
 1 16 19 20 26 29 
10 12 13 21 26 29 
10 11 14 21 26 29 
 9 12 14 21 26 29 
 8 13 14 21 26 29 
 9 11 15 21 26 29 
 8 12 15 21 26 29 
 7 13 15 21 26 29 
 6 14 15 21 26 29 
 9 10 16 21 26 29 
 8 11 16 21 26 29 
 7 12 16 21 26 29 
 6 13 16 21 26 29 
 5 14 16 21 26 29 
 4 15 16 21 26 29 
 8 10 17 21 26 29 
 7 11 17 21 26 29 
 6 12 17 21 26 29 
 5 13 17 21 26 29 
 4 14 17 21 26 29 
 3 15 17 21 26 29 
 2 16 17 21 26 29 
 8  9 18 21 26 29 
 7 10 18 21 26 29 
 6 11 18 21 26 29 
 5 12 18 21 26 29 
 4 13 18 21 26 29 
 3 14 18 21 26 29 
 2 15 18 21 26 29 
 1 16 18 21 26 29 
 7  9 19 21 26 29 
 6 10 19 21 26 29 
 5 11 19 21 26 29 
 4 12 19 21 26 29 
 3 13 19 21 26 29 
 2 14 19 21 26 29 
 1 15 19 21 26 29 
 7  8 20 21 26 29 
 6  9 20 21 26 29 
 5 10 20 21 26 29 
 4 11 20 21 26 29 
 3 12 20 21 26 29 
 2 13 20 21 26 29 
 1 14 20 21 26 29 
10 11 13 22 26 29 
 9 12 13 22 26 29 
 9 11 14 22 26 29 
 8 12 14 22 26 29 
 7 13 14 22 26 29 
 9 10 15 22 26 29 
 8 11 15 22 26 29 
 7 12 15 22 26 29 
 6 13 15 22 26 29 
 5 14 15 22 26 29 
 8 10 16 22 26 29 
 7 11 16 22 26 29 
 6 12 16 22 26 29 
 5 13 16 22 26 29 
 4 14 16 22 26 29 
 3 15 16 22 26 29 
 8  9 17 22 26 29 
 7 10 17 22 26 29 
 6 11 17 22 26 29 
 5 12 17 22 26 29 
 4 13 17 22 26 29 
 3 14 17 22 26 29 
 2 15 17 22 26 29 
 1 16 17 22 26 29 
 7  9 18 22 26 29 
 6 10 18 22 26 29 
 5 11 18 22 26 29 
 4 12 18 22 26 29 
 3 13 18 22 26 29 
 2 14 18 22 26 29 
 1 15 18 22 26 29 
 7  8 19 22 26 29 
 6  9 19 22 26 29 
 5 10 19 22 26 29 
 4 11 19 22 26 29 
 3 12 19 22 26 29 
 2 13 19 22 26 29 
 1 14 19 22 26 29 
 6  8 20 22 26 29 
 5  9 20 22 26 29 
 4 10 20 22 26 29 
 3 11 20 22 26 29 
 2 12 20 22 26 29 
 1 13 20 22 26 29 
 6  7 21 22 26 29 
 5  8 21 22 26 29 
 4  9 21 22 26 29 
 3 10 21 22 26 29 
 2 11 21 22 26 29 
 1 12 21 22 26 29 
10 11 12 23 26 29 
 9 11 13 23 26 29 
 8 12 13 23 26 29 
 9 10 14 23 26 29 
 8 11 14 23 26 29 
 7 12 14 23 26 29 
 6 13 14 23 26 29 
 8 10 15 23 26 29 
 7 11 15 23 26 29 
 6 12 15 23 26 29 
 5 13 15 23 26 29 
 4 14 15 23 26 29 
 8  9 16 23 26 29 
 7 10 16 23 26 29 
 6 11 16 23 26 29 
 5 12 16 23 26 29 
 4 13 16 23 26 29 
 3 14 16 23 26 29 
 2 15 16 23 26 29 
 7  9 17 23 26 29 
 6 10 17 23 26 29 
 5 11 17 23 26 29 
 4 12 17 23 26 29 
 3 13 17 23 26 29 
 2 14 17 23 26 29 
 1 15 17 23 26 29 
 7  8 18 23 26 29 
 6  9 18 23 26 29 
 5 10 18 23 26 29 
 4 11 18 23 26 29 
 3 12 18 23 26 29 
 2 13 18 23 26 29 
 1 14 18 23 26 29 
 6  8 19 23 26 29 
 5  9 19 23 26 29 
 4 10 19 23 26 29 
 3 11 19 23 26 29 
 2 12 19 23 26 29 
 1 13 19 23 26 29 
 6  7 20 23 26 29 
 5  8 20 23 26 29 
 4  9 20 23 26 29 
 3 10 20 23 26 29 
 2 11 20 23 26 29 
 1 12 20 23 26 29 
 5  7 21 23 26 29 
 4  8 21 23 26 29 
 3  9 21 23 26 29 
 2 10 21 23 26 29 
 1 11 21 23 26 29 
 5  6 22 23 26 29 
 4  7 22 23 26 29 
 3  8 22 23 26 29 
 2  9 22 23 26 29 
 1 10 22 23 26 29 
 9 11 12 24 26 29 
 9 10 13 24 26 29 
 8 11 13 24 26 29 
 7 12 13 24 26 29 
 8 10 14 24 26 29 
 7 11 14 24 26 29 
 6 12 14 24 26 29 
 5 13 14 24 26 29 
 8  9 15 24 26 29 
 7 10 15 24 26 29 
 6 11 15 24 26 29 
 5 12 15 24 26 29 
 4 13 15 24 26 29 
 3 14 15 24 26 29 
 7  9 16 24 26 29 
 6 10 16 24 26 29 
 5 11 16 24 26 29 
 4 12 16 24 26 29 
 3 13 16 24 26 29 
 2 14 16 24 26 29 
 1 15 16 24 26 29 
 7  8 17 24 26 29 
 6  9 17 24 26 29 
 5 10 17 24 26 29 
 4 11 17 24 26 29 
 3 12 17 24 26 29 
 2 13 17 24 26 29 
 1 14 17 24 26 29 
 6  8 18 24 26 29 
 5  9 18 24 26 29 
 4 10 18 24 26 29 
 3 11 18 24 26 29 
 2 12 18 24 26 29 
 1 13 18 24 26 29 
 6  7 19 24 26 29 
 5  8 19 24 26 29 
 4  9 19 24 26 29 
 3 10 19 24 26 29 
 2 11 19 24 26 29 
 1 12 19 24 26 29 
 5  7 20 24 26 29 
 4  8 20 24 26 29 
 3  9 20 24 26 29 
 2 10 20 24 26 29 
 1 11 20 24 26 29 
 5  6 21 24 26 29 
 4  7 21 24 26 29 
 3  8 21 24 26 29 
 2  9 21 24 26 29 
 1 10 21 24 26 29 
 4  6 22 24 26 29 
 3  7 22 24 26 29 
 2  8 22 24 26 29 
 1  9 22 24 26 29 
 4  5 23 24 26 29 
 3  6 23 24 26 29 
 2  7 23 24 26 29 
 1  8 23 24 26 29 
 9 10 12 25 26 29 
 8 11 12 25 26 29 
 8 10 13 25 26 29 
 7 11 13 25 26 29 
 6 12 13 25 26 29 
 8  9 14 25 26 29 
 7 10 14 25 26 29 
 6 11 14 25 26 29 
 5 12 14 25 26 29 
 4 13 14 25 26 29 
 7  9 15 25 26 29 
 6 10 15 25 26 29 
 5 11 15 25 26 29 
 4 12 15 25 26 29 
 3 13 15 25 26 29 
 2 14 15 25 26 29 
 7  8 16 25 26 29 
 6  9 16 25 26 29 
 5 10 16 25 26 29 
 4 11 16 25 26 29 
 3 12 16 25 26 29 
 2 13 16 25 26 29 
 1 14 16 25 26 29 
 6  8 17 25 26 29 
 5  9 17 25 26 29 
 4 10 17 25 26 29 
 3 11 17 25 26 29 
 2 12 17 25 26 29 
 1 13 17 25 26 29 
 6  7 18 25 26 29 
 5  8 18 25 26 29 
 4  9 18 25 26 29 
 3 10 18 25 26 29 
 2 11 18 25 26 29 
 1 12 18 25 26 29 
 5  7 19 25 26 29 
 4  8 19 25 26 29 
 3  9 19 25 26 29 
 2 10 19 25 26 29 
 1 11 19 25 26 29 
 5  6 20 25 26 29 
 4  7 20 25 26 29 
 3  8 20 25 26 29 
 2  9 20 25 26 29 
 1 10 20 25 26 29 
 4  6 21 25 26 29 
 3  7 21 25 26 29 
 2  8 21 25 26 29 
 1  9 21 25 26 29 
 4  5 22 25 26 29 
 3  6 22 25 26 29 
 2  7 22 25 26 29 
 1  8 22 25 26 29 
 3  5 23 25 26 29 
 2  6 23 25 26 29 
 1  7 23 25 26 29 
 3  4 24 25 26 29 
 2  5 24 25 26 29 
 1  6 24 25 26 29 
12 13 14 16 27 29 
11 13 15 16 27 29 
10 14 15 16 27 29 
11 13 14 17 27 29 
11 12 15 17 27 29 
10 13 15 17 27 29 
 9 14 15 17 27 29 
10 12 16 17 27 29 
 9 13 16 17 27 29 
 8 14 16 17 27 29 
 7 15 16 17 27 29 
11 12 14 18 27 29 
10 13 14 18 27 29 
10 12 15 18 27 29 
 9 13 15 18 27 29 
 8 14 15 18 27 29 
10 11 16 18 27 29 
 9 12 16 18 27 29 
 8 13 16 18 27 29 
 7 14 16 18 27 29 
 6 15 16 18 27 29 
 9 11 17 18 27 29 
 8 12 17 18 27 29 
 7 13 17 18 27 29 
 6 14 17 18 27 29 
 5 15 17 18 27 29 
 4 16 17 18 27 29 
11 12 13 19 27 29 
10 12 14 19 27 29 
 9 13 14 19 27 29 
10 11 15 19 27 29 
 9 12 15 19 27 29 
 8 13 15 19 27 29 
 7 14 15 19 27 29 
 9 11 16 19 27 29 
 8 12 16 19 27 29 
 7 13 16 19 27 29 
 6 14 16 19 27 29 
 5 15 16 19 27 29 
 9 10 17 19 27 29 
 8 11 17 19 27 29 
 7 12 17 19 27 29 
 6 13 17 19 27 29 
 5 14 17 19 27 29 
 4 15 17 19 27 29 
 3 16 17 19 27 29 
 8 10 18 19 27 29 
 7 11 18 19 27 29 
 6 12 18 19 27 29 
 5 13 18 19 27 29 
 4 14 18 19 27 29 
 3 15 18 19 27 29 
 2 16 18 19 27 29 
 1 17 18 19 27 29 
10 12 13 20 27 29 
10 11 14 20 27 29 
 9 12 14 20 27 29 
 8 13 14 20 27 29 
 9 11 15 20 27 29 
 8 12 15 20 27 29 
 7 13 15 20 27 29 
 6 14 15 20 27 29 
 9 10 16 20 27 29 
 8 11 16 20 27 29 
 7 12 16 20 27 29 
 6 13 16 20 27 29 
 5 14 16 20 27 29 
 4 15 16 20 27 29 
 8 10 17 20 27 29 
 7 11 17 20 27 29 
 6 12 17 20 27 29 
 5 13 17 20 27 29 
 4 14 17 20 27 29 
 3 15 17 20 27 29 
 2 16 17 20 27 29 
 8  9 18 20 27 29 
 7 10 18 20 27 29 
 6 11 18 20 27 29 
 5 12 18 20 27 29 
 4 13 18 20 27 29 
 3 14 18 20 27 29 
 2 15 18 20 27 29 
 1 16 18 20 27 29 
 7  9 19 20 27 29 
 6 10 19 20 27 29 
 5 11 19 20 27 29 
 4 12 19 20 27 29 
 3 13 19 20 27 29 
 2 14 19 20 27 29 
 1 15 19 20 27 29 
10 11 13 21 27 29 
 9 12 13 21 27 29 
 9 11 14 21 27 29 
 8 12 14 21 27 29 
 7 13 14 21 27 29 
 9 10 15 21 27 29 
 8 11 15 21 27 29 
 7 12 15 21 27 29 
 6 13 15 21 27 29 
 5 14 15 21 27 29 
 8 10 16 21 27 29 
 7 11 16 21 27 29 
 6 12 16 21 27 29 
 5 13 16 21 27 29 
 4 14 16 21 27 29 
 3 15 16 21 27 29 
 8  9 17 21 27 29 
 7 10 17 21 27 29 
 6 11 17 21 27 29 
 5 12 17 21 27 29 
 4 13 17 21 27 29 
 3 14 17 21 27 29 
 2 15 17 21 27 29 
 1 16 17 21 27 29 
 7  9 18 21 27 29 
 6 10 18 21 27 29 
 5 11 18 21 27 29 
 4 12 18 21 27 29 
 3 13 18 21 27 29 
 2 14 18 21 27 29 
 1 15 18 21 27 29 
 7  8 19 21 27 29 
 6  9 19 21 27 29 
 5 10 19 21 27 29 
 4 11 19 21 27 29 
 3 12 19 21 27 29 
 2 13 19 21 27 29 
 1 14 19 21 27 29 
 6  8 20 21 27 29 
 5  9 20 21 27 29 
 4 10 20 21 27 29 
 3 11 20 21 27 29 
 2 12 20 21 27 29 
 1 13 20 21 27 29 
10 11 12 22 27 29 
 9 11 13 22 27 29 
 8 12 13 22 27 29 
 9 10 14 22 27 29 
 8 11 14 22 27 29 
 7 12 14 22 27 29 
 6 13 14 22 27 29 
 8 10 15 22 27 29 
 7 11 15 22 27 29 
 6 12 15 22 27 29 
 5 13 15 22 27 29 
 4 14 15 22 27 29 
 8  9 16 22 27 29 
 7 10 16 22 27 29 
 6 11 16 22 27 29 
 5 12 16 22 27 29 
 4 13 16 22 27 29 
 3 14 16 22 27 29 
 2 15 16 22 27 29 
 7  9 17 22 27 29 
 6 10 17 22 27 29 
 5 11 17 22 27 29 
 4 12 17 22 27 29 
 3 13 17 22 27 29 
 2 14 17 22 27 29 
 1 15 17 22 27 29 
 7  8 18 22 27 29 
 6  9 18 22 27 29 
 5 10 18 22 27 29 
 4 11 18 22 27 29 
 3 12 18 22 27 29 
 2 13 18 22 27 29 
 1 14 18 22 27 29 
 6  8 19 22 27 29 
 5  9 19 22 27 29 
 4 10 19 22 27 29 
 3 11 19 22 27 29 
 2 12 19 22 27 29 
 1 13 19 22 27 29 
 6  7 20 22 27 29 
 5  8 20 22 27 29 
 4  9 20 22 27 29 
 3 10 20 22 27 29 
 2 11 20 22 27 29 
 1 12 20 22 27 29 
 5  7 21 22 27 29 
 4  8 21 22 27 29 
 3  9 21 22 27 29 
 2 10 21 22 27 29 
 1 11 21 22 27 29 
 9 11 12 23 27 29 
 9 10 13 23 27 29 
 8 11 13 23 27 29 
 7 12 13 23 27 29 
 8 10 14 23 27 29 
 7 11 14 23 27 29 
 6 12 14 23 27 29 
 5 13 14 23 27 29 
 8  9 15 23 27 29 
 7 10 15 23 27 29 
 6 11 15 23 27 29 
 5 12 15 23 27 29 
 4 13 15 23 27 29 
 3 14 15 23 27 29 
 7  9 16 23 27 29 
 6 10 16 23 27 29 
 5 11 16 23 27 29 
 4 12 16 23 27 29 
 3 13 16 23 27 29 
 2 14 16 23 27 29 
 1 15 16 23 27 29 
 7  8 17 23 27 29 
 6  9 17 23 27 29 
 5 10 17 23 27 29 
 4 11 17 23 27 29 
 3 12 17 23 27 29 
 2 13 17 23 27 29 
 1 14 17 23 27 29 
 6  8 18 23 27 29 
 5  9 18 23 27 29 
 4 10 18 23 27 29 
 3 11 18 23 27 29 
 2 12 18 23 27 29 
 1 13 18 23 27 29 
 6  7 19 23 27 29 
 5  8 19 23 27 29 
 4  9 19 23 27 29 
 3 10 19 23 27 29 
 2 11 19 23 27 29 
 1 12 19 23 27 29 
 5  7 20 23 27 29 
 4  8 20 23 27 29 
 3  9 20 23 27 29 
 2 10 20 23 27 29 
 1 11 20 23 27 29 
 5  6 21 23 27 29 
 4  7 21 23 27 29 
 3  8 21 23 27 29 
 2  9 21 23 27 29 
 1 10 21 23 27 29 
 4  6 22 23 27 29 
 3  7 22 23 27 29 
 2  8 22 23 27 29 
 1  9 22 23 27 29 
 9 10 12 24 27 29 
 8 11 12 24 27 29 
 8 10 13 24 27 29 
 7 11 13 24 27 29 
 6 12 13 24 27 29 
 8  9 14 24 27 29 
 7 10 14 24 27 29 
 6 11 14 24 27 29 
 5 12 14 24 27 29 
 4 13 14 24 27 29 
 7  9 15 24 27 29 
 6 10 15 24 27 29 
 5 11 15 24 27 29 
 4 12 15 24 27 29 
 3 13 15 24 27 29 
 2 14 15 24 27 29 
 7  8 16 24 27 29 
 6  9 16 24 27 29 
 5 10 16 24 27 29 
 4 11 16 24 27 29 
 3 12 16 24 27 29 
 2 13 16 24 27 29 
 1 14 16 24 27 29 
 6  8 17 24 27 29 
 5  9 17 24 27 29 
 4 10 17 24 27 29 
 3 11 17 24 27 29 
 2 12 17 24 27 29 
 1 13 17 24 27 29 
 6  7 18 24 27 29 
 5  8 18 24 27 29 
 4  9 18 24 27 29 
 3 10 18 24 27 29 
 2 11 18 24 27 29 
 1 12 18 24 27 29 
 5  7 19 24 27 29 
 4  8 19 24 27 29 
 3  9 19 24 27 29 
 2 10 19 24 27 29 
 1 11 19 24 27 29 
 5  6 20 24 27 29 
 4  7 20 24 27 29 
 3  8 20 24 27 29 
 2  9 20 24 27 29 
 1 10 20 24 27 29 
 4  6 21 24 27 29 
 3  7 21 24 27 29 
 2  8 21 24 27 29 
 1  9 21 24 27 29 
 4  5 22 24 27 29 
 3  6 22 24 27 29 
 2  7 22 24 27 29 
 1  8 22 24 27 29 
 3  5 23 24 27 29 
 2  6 23 24 27 29 
 1  7 23 24 27 29 
 9 10 11 25 27 29 
 8 10 12 25 27 29 
 7 11 12 25 27 29 
 8  9 13 25 27 29 
 7 10 13 25 27 29 
 6 11 13 25 27 29 
 5 12 13 25 27 29 
 7  9 14 25 27 29 
 6 10 14 25 27 29 
 5 11 14 25 27 29 
 4 12 14 25 27 29 
 3 13 14 25 27 29 
 7  8 15 25 27 29 
 6  9 15 25 27 29 
 5 10 15 25 27 29 
 4 11 15 25 27 29 
 3 12 15 25 27 29 
 2 13 15 25 27 29 
 1 14 15 25 27 29 
 6  8 16 25 27 29 
 5  9 16 25 27 29 
 4 10 16 25 27 29 
 3 11 16 25 27 29 
 2 12 16 25 27 29 
 1 13 16 25 27 29 
 6  7 17 25 27 29 
 5  8 17 25 27 29 
 4  9 17 25 27 29 
 3 10 17 25 27 29 
 2 11 17 25 27 29 
 1 12 17 25 27 29 
 5  7 18 25 27 29 
 4  8 18 25 27 29 
 3  9 18 25 27 29 
 2 10 18 25 27 29 
 1 11 18 25 27 29 
 5  6 19 25 27 29 
 4  7 19 25 27 29 
 3  8 19 25 27 29 
 2  9 19 25 27 29 
 1 10 19 25 27 29 
 4  6 20 25 27 29 
 3  7 20 25 27 29 
 2  8 20 25 27 29 
 1  9 20 25 27 29 
 4  5 21 25 27 29 
 3  6 21 25 27 29 
 2  7 21 25 27 29 
 1  8 21 25 27 29 
 3  5 22 25 27 29 
 2  6 22 25 27 29 
 1  7 22 25 27 29 
 3  4 23 25 27 29 
 2  5 23 25 27 29 
 1  6 23 25 27 29 
 2  4 24 25 27 29 
 1  5 24 25 27 29 
 8 10 11 26 27 29 
 8  9 12 26 27 29 
 7 10 12 26 27 29 
 6 11 12 26 27 29 
 7  9 13 26 27 29 
 6 10 13 26 27 29 
 5 11 13 26 27 29 
 4 12 13 26 27 29 
 7  8 14 26 27 29 
 6  9 14 26 27 29 
 5 10 14 26 27 29 
 4 11 14 26 27 29 
 3 12 14 26 27 29 
 2 13 14 26 27 29 
 6  8 15 26 27 29 
 5  9 15 26 27 29 
 4 10 15 26 27 29 
 3 11 15 26 27 29 
 2 12 15 26 27 29 
 1 13 15 26 27 29 
 6  7 16 26 27 29 
 5  8 16 26 27 29 
 4  9 16 26 27 29 
 3 10 16 26 27 29 
 2 11 16 26 27 29 
 1 12 16 26 27 29 
 5  7 17 26 27 29 
 4  8 17 26 27 29 
 3  9 17 26 27 29 
 2 10 17 26 27 29 
 1 11 17 26 27 29 
 5  6 18 26 27 29 
 4  7 18 26 27 29 
 3  8 18 26 27 29 
 2  9 18 26 27 29 
 1 10 18 26 27 29 
 4  6 19 26 27 29 
 3  7 19 26 27 29 
 2  8 19 26 27 29 
 1  9 19 26 27 29 
 4  5 20 26 27 29 
 3  6 20 26 27 29 
 2  7 20 26 27 29 
 1  8 20 26 27 29 
 3  5 21 26 27 29 
 2  6 21 26 27 29 
 1  7 21 26 27 29 
 3  4 22 26 27 29 
 2  5 22 26 27 29 
 1  6 22 26 27 29 
 2  4 23 26 27 29 
 1  5 23 26 27 29 
 2  3 24 26 27 29 
 1  4 24 26 27 29 
 1  3 25 26 27 29 
12 13 14 15 28 29 
11 13 14 16 28 29 
11 12 15 16 28 29 
10 13 15 16 28 29 
 9 14 15 16 28 29 
11 12 14 17 28 29 
10 13 14 17 28 29 
10 12 15 17 28 29 
 9 13 15 17 28 29 
 8 14 15 17 28 29 
10 11 16 17 28 29 
 9 12 16 17 28 29 
 8 13 16 17 28 29 
 7 14 16 17 28 29 
 6 15 16 17 28 29 
11 12 13 18 28 29 
10 12 14 18 28 29 
 9 13 14 18 28 29 
10 11 15 18 28 29 
 9 12 15 18 28 29 
 8 13 15 18 28 29 
 7 14 15 18 28 29 
 9 11 16 18 28 29 
 8 12 16 18 28 29 
 7 13 16 18 28 29 
 6 14 16 18 28 29 
 5 15 16 18 28 29 
 9 10 17 18 28 29 
 8 11 17 18 28 29 
 7 12 17 18 28 29 
 6 13 17 18 28 29 
 5 14 17 18 28 29 
 4 15 17 18 28 29 
 3 16 17 18 28 29 
10 12 13 19 28 29 
10 11 14 19 28 29 
 9 12 14 19 28 29 
 8 13 14 19 28 29 
 9 11 15 19 28 29 
 8 12 15 19 28 29 
 7 13 15 19 28 29 
 6 14 15 19 28 29 
 9 10 16 19 28 29 
 8 11 16 19 28 29 
 7 12 16 19 28 29 
 6 13 16 19 28 29 
 5 14 16 19 28 29 
 4 15 16 19 28 29 
 8 10 17 19 28 29 
 7 11 17 19 28 29 
 6 12 17 19 28 29 
 5 13 17 19 28 29 
 4 14 17 19 28 29 
 3 15 17 19 28 29 
 2 16 17 19 28 29 
 8  9 18 19 28 29 
 7 10 18 19 28 29 
 6 11 18 19 28 29 
 5 12 18 19 28 29 
 4 13 18 19 28 29 
 3 14 18 19 28 29 
 2 15 18 19 28 29 
 1 16 18 19 28 29 
10 11 13 20 28 29 
 9 12 13 20 28 29 
 9 11 14 20 28 29 
 8 12 14 20 28 29 
 7 13 14 20 28 29 
 9 10 15 20 28 29 
 8 11 15 20 28 29 
 7 12 15 20 28 29 
 6 13 15 20 28 29 
 5 14 15 20 28 29 
 8 10 16 20 28 29 
 7 11 16 20 28 29 
 6 12 16 20 28 29 
 5 13 16 20 28 29 
 4 14 16 20 28 29 
 3 15 16 20 28 29 
 8  9 17 20 28 29 
 7 10 17 20 28 29 
 6 11 17 20 28 29 
 5 12 17 20 28 29 
 4 13 17 20 28 29 
 3 14 17 20 28 29 
 2 15 17 20 28 29 
 1 16 17 20 28 29 
 7  9 18 20 28 29 
 6 10 18 20 28 29 
 5 11 18 20 28 29 
 4 12 18 20 28 29 
 3 13 18 20 28 29 
 2 14 18 20 28 29 
 1 15 18 20 28 29 
 7  8 19 20 28 29 
 6  9 19 20 28 29 
 5 10 19 20 28 29 
 4 11 19 20 28 29 
 3 12 19 20 28 29 
 2 13 19 20 28 29 
 1 14 19 20 28 29 
10 11 12 21 28 29 
 9 11 13 21 28 29 
 8 12 13 21 28 29 
 9 10 14 21 28 29 
 8 11 14 21 28 29 
 7 12 14 21 28 29 
 6 13 14 21 28 29 
 8 10 15 21 28 29 
 7 11 15 21 28 29 
 6 12 15 21 28 29 
 5 13 15 21 28 29 
 4 14 15 21 28 29 
 8  9 16 21 28 29 
 7 10 16 21 28 29 
 6 11 16 21 28 29 
 5 12 16 21 28 29 
 4 13 16 21 28 29 
 3 14 16 21 28 29 
 2 15 16 21 28 29 
 7  9 17 21 28 29 
 6 10 17 21 28 29 
 5 11 17 21 28 29 
 4 12 17 21 28 29 
 3 13 17 21 28 29 
 2 14 17 21 28 29 
 1 15 17 21 28 29 
 7  8 18 21 28 29 
 6  9 18 21 28 29 
 5 10 18 21 28 29 
 4 11 18 21 28 29 
 3 12 18 21 28 29 
 2 13 18 21 28 29 
 1 14 18 21 28 29 
 6  8 19 21 28 29 
 5  9 19 21 28 29 
 4 10 19 21 28 29 
 3 11 19 21 28 29 
 2 12 19 21 28 29 
 1 13 19 21 28 29 
 6  7 20 21 28 29 
 5  8 20 21 28 29 
 4  9 20 21 28 29 
 3 10 20 21 28 29 
 2 11 20 21 28 29 
 1 12 20 21 28 29 
 9 11 12 22 28 29 
 9 10 13 22 28 29 
 8 11 13 22 28 29 
 7 12 13 22 28 29 
 8 10 14 22 28 29 
 7 11 14 22 28 29 
 6 12 14 22 28 29 
 5 13 14 22 28 29 
 8  9 15 22 28 29 
 7 10 15 22 28 29 
 6 11 15 22 28 29 
 5 12 15 22 28 29 
 4 13 15 22 28 29 
 3 14 15 22 28 29 
 7  9 16 22 28 29 
 6 10 16 22 28 29 
 5 11 16 22 28 29 
 4 12 16 22 28 29 
 3 13 16 22 28 29 
 2 14 16 22 28 29 
 1 15 16 22 28 29 
 7  8 17 22 28 29 
 6  9 17 22 28 29 
 5 10 17 22 28 29 
 4 11 17 22 28 29 
 3 12 17 22 28 29 
 2 13 17 22 28 29 
 1 14 17 22 28 29 
 6  8 18 22 28 29 
 5  9 18 22 28 29 
 4 10 18 22 28 29 
 3 11 18 22 28 29 
 2 12 18 22 28 29 
 1 13 18 22 28 29 
 6  7 19 22 28 29 
 5  8 19 22 28 29 
 4  9 19 22 28 29 
 3 10 19 22 28 29 
 2 11 19 22 28 29 
 1 12 19 22 28 29 
 5  7 20 22 28 29 
 4  8 20 22 28 29 
 3  9 20 22 28 29 
 2 10 20 22 28 29 
 1 11 20 22 28 29 
 5  6 21 22 28 29 
 4  7 21 22 28 29 
 3  8 21 22 28 29 
 2  9 21 22 28 29 
 1 10 21 22 28 29 
 9 10 12 23 28 29 
 8 11 12 23 28 29 
 8 10 13 23 28 29 
 7 11 13 23 28 29 
 6 12 13 23 28 29 
 8  9 14 23 28 29 
 7 10 14 23 28 29 
 6 11 14 23 28 29 
 5 12 14 23 28 29 
 4 13 14 23 28 29 
 7  9 15 23 28 29 
 6 10 15 23 28 29 
 5 11 15 23 28 29 
 4 12 15 23 28 29 
 3 13 15 23 28 29 
 2 14 15 23 28 29 
 7  8 16 23 28 29 
 6  9 16 23 28 29 
 5 10 16 23 28 29 
 4 11 16 23 28 29 
 3 12 16 23 28 29 
 2 13 16 23 28 29 
 1 14 16 23 28 29 
 6  8 17 23 28 29 
 5  9 17 23 28 29 
 4 10 17 23 28 29 
 3 11 17 23 28 29 
 2 12 17 23 28 29 
 1 13 17 23 28 29 
 6  7 18 23 28 29 
 5  8 18 23 28 29 
 4  9 18 23 28 29 
 3 10 18 23 28 29 
 2 11 18 23 28 29 
 1 12 18 23 28 29 
 5  7 19 23 28 29 
 4  8 19 23 28 29 
 3  9 19 23 28 29 
 2 10 19 23 28 29 
 1 11 19 23 28 29 
 5  6 20 23 28 29 
 4  7 20 23 28 29 
 3  8 20 23 28 29 
 2  9 20 23 28 29 
 1 10 20 23 28 29 
 4  6 21 23 28 29 
 3  7 21 23 28 29 
 2  8 21 23 28 29 
 1  9 21 23 28 29 
 4  5 22 23 28 29 
 3  6 22 23 28 29 
 2  7 22 23 28 29 
 1  8 22 23 28 29 
 9 10 11 24 28 29 
 8 10 12 24 28 29 
 7 11 12 24 28 29 
 8  9 13 24 28 29 
 7 10 13 24 28 29 
 6 11 13 24 28 29 
 5 12 13 24 28 29 
 7  9 14 24 28 29 
 6 10 14 24 28 29 
 5 11 14 24 28 29 
 4 12 14 24 28 29 
 3 13 14 24 28 29 
 7  8 15 24 28 29 
 6  9 15 24 28 29 
 5 10 15 24 28 29 
 4 11 15 24 28 29 
 3 12 15 24 28 29 
 2 13 15 24 28 29 
 1 14 15 24 28 29 
 6  8 16 24 28 29 
 5  9 16 24 28 29 
 4 10 16 24 28 29 
 3 11 16 24 28 29 
 2 12 16 24 28 29 
 1 13 16 24 28 29 
 6  7 17 24 28 29 
 5  8 17 24 28 29 
 4  9 17 24 28 29 
 3 10 17 24 28 29 
 2 11 17 24 28 29 
 1 12 17 24 28 29 
 5  7 18 24 28 29 
 4  8 18 24 28 29 
 3  9 18 24 28 29 
 2 10 18 24 28 29 
 1 11 18 24 28 29 
 5  6 19 24 28 29 
 4  7 19 24 28 29 
 3  8 19 24 28 29 
 2  9 19 24 28 29 
 1 10 19 24 28 29 
 4  6 20 24 28 29 
 3  7 20 24 28 29 
 2  8 20 24 28 29 
 1  9 20 24 28 29 
 4  5 21 24 28 29 
 3  6 21 24 28 29 
 2  7 21 24 28 29 
 1  8 21 24 28 29 
 3  5 22 24 28 29 
 2  6 22 24 28 29 
 1  7 22 24 28 29 
 3  4 23 24 28 29 
 2  5 23 24 28 29 
 1  6 23 24 28 29 
 8 10 11 25 28 29 
 8  9 12 25 28 29 
 7 10 12 25 28 29 
 6 11 12 25 28 29 
 7  9 13 25 28 29 
 6 10 13 25 28 29 
 5 11 13 25 28 29 
 4 12 13 25 28 29 
 7  8 14 25 28 29 
 6  9 14 25 28 29 
 5 10 14 25 28 29 
 4 11 14 25 28 29 
 3 12 14 25 28 29 
 2 13 14 25 28 29 
 6  8 15 25 28 29 
 5  9 15 25 28 29 
 4 10 15 25 28 29 
 3 11 15 25 28 29 
 2 12 15 25 28 29 
 1 13 15 25 28 29 
 6  7 16 25 28 29 
 5  8 16 25 28 29 
 4  9 16 25 28 29 
 3 10 16 25 28 29 
 2 11 16 25 28 29 
 1 12 16 25 28 29 
 5  7 17 25 28 29 
 4  8 17 25 28 29 
 3  9 17 25 28 29 
 2 10 17 25 28 29 
 1 11 17 25 28 29 
 5  6 18 25 28 29 
 4  7 18 25 28 29 
 3  8 18 25 28 29 
 2  9 18 25 28 29 
 1 10 18 25 28 29 
 4  6 19 25 28 29 
 3  7 19 25 28 29 
 2  8 19 25 28 29 
 1  9 19 25 28 29 
 4  5 20 25 28 29 
 3  6 20 25 28 29 
 2  7 20 25 28 29 
 1  8 20 25 28 29 
 3  5 21 25 28 29 
 2  6 21 25 28 29 
 1  7 21 25 28 29 
 3  4 22 25 28 29 
 2  5 22 25 28 29 
 1  6 22 25 28 29 
 2  4 23 25 28 29 
 1  5 23 25 28 29 
 2  3 24 25 28 29 
 1  4 24 25 28 29 
 8  9 11 26 28 29 
 7 10 11 26 28 29 
 7  9 12 26 28 29 
 6 10 12 26 28 29 
 5 11 12 26 28 29 
 7  8 13 26 28 29 
 6  9 13 26 28 29 
 5 10 13 26 28 29 
 4 11 13 26 28 29 
 3 12 13 26 28 29 
 6  8 14 26 28 29 
 5  9 14 26 28 29 
 4 10 14 26 28 29 
 3 11 14 26 28 29 
 2 12 14 26 28 29 
 1 13 14 26 28 29 
 6  7 15 26 28 29 
 5  8 15 26 28 29 
 4  9 15 26 28 29 
 3 10 15 26 28 29 
 2 11 15 26 28 29 
 1 12 15 26 28 29 
 5  7 16 26 28 29 
 4  8 16 26 28 29 
 3  9 16 26 28 29 
 2 10 16 26 28 29 
 1 11 16 26 28 29 
 5  6 17 26 28 29 
 4  7 17 26 28 29 
 3  8 17 26 28 29 
 2  9 17 26 28 29 
 1 10 17 26 28 29 
 4  6 18 26 28 29 
 3  7 18 26 28 29 
 2  8 18 26 28 29 
 1  9 18 26 28 29 
 4  5 19 26 28 29 
 3  6 19 26 28 29 
 2  7 19 26 28 29 
 1  8 19 26 28 29 
 3  5 20 26 28 29 
 2  6 20 26 28 29 
 1  7 20 26 28 29 
 3  4 21 26 28 29 
 2  5 21 26 28 29 
 1  6 21 26 28 29 
 2  4 22 26 28 29 
 1  5 22 26 28 29 
 2  3 23 26 28 29 
 1  4 23 26 28 29 
 1  3 24 26 28 29 
 1  2 25 26 28 29 
 8  9 10 27 28 29 
 7  9 11 27 28 29 
 6 10 11 27 28 29 
 7  8 12 27 28 29 
 6  9 12 27 28 29 
 5 10 12 27 28 29 
 4 11 12 27 28 29 
 6  8 13 27 28 29 
 5  9 13 27 28 29 
 4 10 13 27 28 29 
 3 11 13 27 28 29 
 2 12 13 27 28 29 
 6  7 14 27 28 29 
 5  8 14 27 28 29 
 4  9 14 27 28 29 
 3 10 14 27 28 29 
 2 11 14 27 28 29 
 1 12 14 27 28 29 
 5  7 15 27 28 29 
 4  8 15 27 28 29 
 3  9 15 27 28 29 
 2 10 15 27 28 29 
 1 11 15 27 28 29 
 5  6 16 27 28 29 
 4  7 16 27 28 29 
 3  8 16 27 28 29 
 2  9 16 27 28 29 
 1 10 16 27 28 29 
 4  6 17 27 28 29 
 3  7 17 27 28 29 
 2  8 17 27 28 29 
 1  9 17 27 28 29 
 4  5 18 27 28 29 
 3  6 18 27 28 29 
 2  7 18 27 28 29 
 1  8 18 27 28 29 
 3  5 19 27 28 29 
 2  6 19 27 28 29 
 1  7 19 27 28 29 
 3  4 20 27 28 29 
 2  5 20 27 28 29 
 1  6 20 27 28 29 
 2  4 21 27 28 29 
 1  5 21 27 28 29 
 2  3 22 27 28 29 
 1  4 22 27 28 29 
 1  3 23 27 28 29 
 1  2 24 27 28 29 
14 15 16 17 19 30 
13 15 16 18 19 30 
13 14 17 18 19 30 
12 15 17 18 19 30 
11 16 17 18 19 30 
13 15 16 17 20 30 
13 14 16 18 20 30 
12 15 16 18 20 30 
12 14 17 18 20 30 
11 15 17 18 20 30 
10 16 17 18 20 30 
13 14 15 19 20 30 
12 14 16 19 20 30 
11 15 16 19 20 30 
12 13 17 19 20 30 
11 14 17 19 20 30 
10 15 17 19 20 30 
 9 16 17 19 20 30 
11 13 18 19 20 30 
10 14 18 19 20 30 
 9 15 18 19 20 30 
 8 16 18 19 20 30 
 7 17 18 19 20 30 
13 14 16 17 21 30 
12 15 16 17 21 30 
13 14 15 18 21 30 
12 14 16 18 21 30 
11 15 16 18 21 30 
12 13 17 18 21 30 
11 14 17 18 21 30 
10 15 17 18 21 30 
 9 16 17 18 21 30 
12 14 15 19 21 30 
12 13 16 19 21 30 
11 14 16 19 21 30 
10 15 16 19 21 30 
11 13 17 19 21 30 
10 14 17 19 21 30 
 9 15 17 19 21 30 
 8 16 17 19 21 30 
11 12 18 19 21 30 
10 13 18 19 21 30 
 9 14 18 19 21 30 
 8 15 18 19 21 30 
 7 16 18 19 21 30 
 6 17 18 19 21 30 
12 13 15 20 21 30 
11 14 15 20 21 30 
11 13 16 20 21 30 
10 14 16 20 21 30 
 9 15 16 20 21 30 
11 12 17 20 21 30 
10 13 17 20 21 30 
 9 14 17 20 21 30 
 8 15 17 20 21 30 
 7 16 17 20 21 30 
10 12 18 20 21 30 
 9 13 18 20 21 30 
 8 14 18 20 21 30 
 7 15 18 20 21 30 
 6 16 18 20 21 30 
 5 17 18 20 21 30 
10 11 19 20 21 30 
 9 12 19 20 21 30 
 8 13 19 20 21 30 
 7 14 19 20 21 30 
 6 15 19 20 21 30 
 5 16 19 20 21 30 
 4 17 19 20 21 30 
 3 18 19 20 21 30 
13 14 15 17 22 30 
12 14 16 17 22 30 
11 15 16 17 22 30 
12 14 15 18 22 30 
12 13 16 18 22 30 
11 14 16 18 22 30 
10 15 16 18 22 30 
11 13 17 18 22 30 
10 14 17 18 22 30 
 9 15 17 18 22 30 
 8 16 17 18 22 30 
12 13 15 19 22 30 
11 14 15 19 22 30 
11 13 16 19 22 30 
10 14 16 19 22 30 
 9 15 16 19 22 30 
11 12 17 19 22 30 
10 13 17 19 22 30 
 9 14 17 19 22 30 
 8 15 17 19 22 30 
 7 16 17 19 22 30 
10 12 18 19 22 30 
 9 13 18 19 22 30 
 8 14 18 19 22 30 
 7 15 18 19 22 30 
 6 16 18 19 22 30 
 5 17 18 19 22 30 
12 13 14 20 22 30 
11 13 15 20 22 30 
10 14 15 20 22 30 
11 12 16 20 22 30 
10 13 16 20 22 30 
 9 14 16 20 22 30 
 8 15 16 20 22 30 
10 12 17 20 22 30 
 9 13 17 20 22 30 
 8 14 17 20 22 30 
 7 15 17 20 22 30 
 6 16 17 20 22 30 
10 11 18 20 22 30 
 9 12 18 20 22 30 
 8 13 18 20 22 30 
 7 14 18 20 22 30 
 6 15 18 20 22 30 
 5 16 18 20 22 30 
 4 17 18 20 22 30 
 9 11 19 20 22 30 
 8 12 19 20 22 30 
 7 13 19 20 22 30 
 6 14 19 20 22 30 
 5 15 19 20 22 30 
 4 16 19 20 22 30 
 3 17 19 20 22 30 
 2 18 19 20 22 30 
11 13 14 21 22 30 
11 12 15 21 22 30 
10 13 15 21 22 30 
 9 14 15 21 22 30 
10 12 16 21 22 30 
 9 13 16 21 22 30 
 8 14 16 21 22 30 
 7 15 16 21 22 30 
10 11 17 21 22 30 
 9 12 17 21 22 30 
 8 13 17 21 22 30 
 7 14 17 21 22 30 
 6 15 17 21 22 30 
 5 16 17 21 22 30 
 9 11 18 21 22 30 
 8 12 18 21 22 30 
 7 13 18 21 22 30 
 6 14 18 21 22 30 
 5 15 18 21 22 30 
 4 16 18 21 22 30 
 3 17 18 21 22 30 
 9 10 19 21 22 30 
 8 11 19 21 22 30 
 7 12 19 21 22 30 
 6 13 19 21 22 30 
 5 14 19 21 22 30 
 4 15 19 21 22 30 
 3 16 19 21 22 30 
 2 17 19 21 22 30 
 1 18 19 21 22 30 
 8 10 20 21 22 30 
 7 11 20 21 22 30 
 6 12 20 21 22 30 
 5 13 20 21 22 30 
 4 14 20 21 22 30 
 3 15 20 21 22 30 
 2 16 20 21 22 30 
 1 17 20 21 22 30 
13 14 15 16 23 30 
12 14 15 17 23 30 
12 13 16 17 23 30 
11 14 16 17 23 30 
10 15 16 17 23 30 
12 13 15 18 23 30 
11 14 15 18 23 30 
11 13 16 18 23 30 
10 14 16 18 23 30 
 9 15 16 18 23 30 
11 12 17 18 23 30 
10 13 17 18 23 30 
 9 14 17 18 23 30 
 8 15 17 18 23 30 
 7 16 17 18 23 30 
12 13 14 19 23 30 
11 13 15 19 23 30 
10 14 15 19 23 30 
11 12 16 19 23 30 
10 13 16 19 23 30 
 9 14 16 19 23 30 
 8 15 16 19 23 30 
10 12 17 19 23 30 
 9 13 17 19 23 30 
 8 14 17 19 23 30 
 7 15 17 19 23 30 
 6 16 17 19 23 30 
10 11 18 19 23 30 
 9 12 18 19 23 30 
 8 13 18 19 23 30 
 7 14 18 19 23 30 
 6 15 18 19 23 30 
 5 16 18 19 23 30 
 4 17 18 19 23 30 
11 13 14 20 23 30 
11 12 15 20 23 30 
10 13 15 20 23 30 
 9 14 15 20 23 30 
10 12 16 20 23 30 
 9 13 16 20 23 30 
 8 14 16 20 23 30 
 7 15 16 20 23 30 
10 11 17 20 23 30 
 9 12 17 20 23 30 
 8 13 17 20 23 30 
 7 14 17 20 23 30 
 6 15 17 20 23 30 
 5 16 17 20 23 30 
 9 11 18 20 23 30 
 8 12 18 20 23 30 
 7 13 18 20 23 30 
 6 14 18 20 23 30 
 5 15 18 20 23 30 
 4 16 18 20 23 30 
 3 17 18 20 23 30 
 9 10 19 20 23 30 
 8 11 19 20 23 30 
 7 12 19 20 23 30 
 6 13 19 20 23 30 
 5 14 19 20 23 30 
 4 15 19 20 23 30 
 3 16 19 20 23 30 
 2 17 19 20 23 30 
 1 18 19 20 23 30 
11 12 14 21 23 30 
10 13 14 21 23 30 
10 12 15 21 23 30 
 9 13 15 21 23 30 
 8 14 15 21 23 30 
10 11 16 21 23 30 
 9 12 16 21 23 30 
 8 13 16 21 23 30 
 7 14 16 21 23 30 
 6 15 16 21 23 30 
 9 11 17 21 23 30 
 8 12 17 21 23 30 
 7 13 17 21 23 30 
 6 14 17 21 23 30 
 5 15 17 21 23 30 
 4 16 17 21 23 30 
 9 10 18 21 23 30 
 8 11 18 21 23 30 
 7 12 18 21 23 30 
 6 13 18 21 23 30 
 5 14 18 21 23 30 
 4 15 18 21 23 30 
 3 16 18 21 23 30 
 2 17 18 21 23 30 
 8 10 19 21 23 30 
 7 11 19 21 23 30 
 6 12 19 21 23 30 
 5 13 19 21 23 30 
 4 14 19 21 23 30 
 3 15 19 21 23 30 
 2 16 19 21 23 30 
 1 17 19 21 23 30 
 8  9 20 21 23 30 
 7 10 20 21 23 30 
 6 11 20 21 23 30 
 5 12 20 21 23 30 
 4 13 20 21 23 30 
 3 14 20 21 23 30 
 2 15 20 21 23 30 
 1 16 20 21 23 30 
11 12 13 22 23 30 
10 12 14 22 23 30 
 9 13 14 22 23 30 
10 11 15 22 23 30 
 9 12 15 22 23 30 
 8 13 15 22 23 30 
 7 14 15 22 23 30 
 9 11 16 22 23 30 
 8 12 16 22 23 30 
 7 13 16 22 23 30 
 6 14 16 22 23 30 
 5 15 16 22 23 30 
 9 10 17 22 23 30 
 8 11 17 22 23 30 
 7 12 17 22 23 30 
 6 13 17 22 23 30 
 5 14 17 22 23 30 
 4 15 17 22 23 30 
 3 16 17 22 23 30 
 8 10 18 22 23 30 
 7 11 18 22 23 30 
 6 12 18 22 23 30 
 5 13 18 22 23 30 
 4 14 18 22 23 30 
 3 15 18 22 23 30 
 2 16 18 22 23 30 
 1 17 18 22 23 30 
 8  9 19 22 23 30 
 7 10 19 22 23 30 
 6 11 19 22 23 30 
 5 12 19 22 23 30 
 4 13 19 22 23 30 
 3 14 19 22 23 30 
 2 15 19 22 23 30 
 1 16 19 22 23 30 
 7  9 20 22 23 30 
 6 10 20 22 23 30 
 5 11 20 22 23 30 
 4 12 20 22 23 30 
 3 13 20 22 23 30 
 2 14 20 22 23 30 
 1 15 20 22 23 30 
 7  8 21 22 23 30 
 6  9 21 22 23 30 
 5 10 21 22 23 30 
 4 11 21 22 23 30 
 3 12 21 22 23 30 
 2 13 21 22 23 30 
 1 14 21 22 23 30 
12 14 15 16 24 30 
12 13 15 17 24 30 
11 14 15 17 24 30 
11 13 16 17 24 30 
10 14 16 17 24 30 
 9 15 16 17 24 30 
12 13 14 18 24 30 
11 13 15 18 24 30 
10 14 15 18 24 30 
11 12 16 18 24 30 
10 13 16 18 24 30 
 9 14 16 18 24 30 
 8 15 16 18 24 30 
10 12 17 18 24 30 
 9 13 17 18 24 30 
 8 14 17 18 24 30 
 7 15 17 18 24 30 
 6 16 17 18 24 30 
11 13 14 19 24 30 
11 12 15 19 24 30 
10 13 15 19 24 30 
 9 14 15 19 24 30 
10 12 16 19 24 30 
 9 13 16 19 24 30 
 8 14 16 19 24 30 
 7 15 16 19 24 30 
10 11 17 19 24 30 
 9 12 17 19 24 30 
 8 13 17 19 24 30 
 7 14 17 19 24 30 
 6 15 17 19 24 30 
 5 16 17 19 24 30 
 9 11 18 19 24 30 
 8 12 18 19 24 30 
 7 13 18 19 24 30 
 6 14 18 19 24 30 
 5 15 18 19 24 30 
 4 16 18 19 24 30 
 3 17 18 19 24 30 
11 12 14 20 24 30 
10 13 14 20 24 30 
10 12 15 20 24 30 
 9 13 15 20 24 30 
 8 14 15 20 24 30 
10 11 16 20 24 30 
 9 12 16 20 24 30 
 8 13 16 20 24 30 
 7 14 16 20 24 30 
 6 15 16 20 24 30 
 9 11 17 20 24 30 
 8 12 17 20 24 30 
 7 13 17 20 24 30 
 6 14 17 20 24 30 
 5 15 17 20 24 30 
 4 16 17 20 24 30 
 9 10 18 20 24 30 
 8 11 18 20 24 30 
 7 12 18 20 24 30 
 6 13 18 20 24 30 
 5 14 18 20 24 30 
 4 15 18 20 24 30 
 3 16 18 20 24 30 
 2 17 18 20 24 30 
 8 10 19 20 24 30 
 7 11 19 20 24 30 
 6 12 19 20 24 30 
 5 13 19 20 24 30 
 4 14 19 20 24 30 
 3 15 19 20 24 30 
 2 16 19 20 24 30 
 1 17 19 20 24 30 
11 12 13 21 24 30 
10 12 14 21 24 30 
 9 13 14 21 24 30 
10 11 15 21 24 30 
 9 12 15 21 24 30 
 8 13 15 21 24 30 
 7 14 15 21 24 30 
 9 11 16 21 24 30 
 8 12 16 21 24 30 
 7 13 16 21 24 30 
 6 14 16 21 24 30 
 5 15 16 21 24 30 
 9 10 17 21 24 30 
 8 11 17 21 24 30 
 7 12 17 21 24 30 
 6 13 17 21 24 30 
 5 14 17 21 24 30 
 4 15 17 21 24 30 
 3 16 17 21 24 30 
 8 10 18 21 24 30 
 7 11 18 21 24 30 
 6 12 18 21 24 30 
 5 13 18 21 24 30 
 4 14 18 21 24 30 
 3 15 18 21 24 30 
 2 16 18 21 24 30 
 1 17 18 21 24 30 
 8  9 19 21 24 30 
 7 10 19 21 24 30 
 6 11 19 21 24 30 
 5 12 19 21 24 30 
 4 13 19 21 24 30 
 3 14 19 21 24 30 
 2 15 19 21 24 30 
 1 16 19 21 24 30 
 7  9 20 21 24 30 
 6 10 20 21 24 30 
 5 11 20 21 24 30 
 4 12 20 21 24 30 
 3 13 20 21 24 30 
 2 14 20 21 24 30 
 1 15 20 21 24 30 
10 12 13 22 24 30 
10 11 14 22 24 30 
 9 12 14 22 24 30 
 8 13 14 22 24 30 
 9 11 15 22 24 30 
 8 12 15 22 24 30 
 7 13 15 22 24 30 
 6 14 15 22 24 30 
 9 10 16 22 24 30 
 8 11 16 22 24 30 
 7 12 16 22 24 30 
 6 13 16 22 24 30 
 5 14 16 22 24 30 
 4 15 16 22 24 30 
 8 10 17 22 24 30 
 7 11 17 22 24 30 
 6 12 17 22 24 30 
 5 13 17 22 24 30 
 4 14 17 22 24 30 
 3 15 17 22 24 30 
 2 16 17 22 24 30 
 8  9 18 22 24 30 
 7 10 18 22 24 30 
 6 11 18 22 24 30 
 5 12 18 22 24 30 
 4 13 18 22 24 30 
 3 14 18 22 24 30 
 2 15 18 22 24 30 
 1 16 18 22 24 30 
 7  9 19 22 24 30 
 6 10 19 22 24 30 
 5 11 19 22 24 30 
 4 12 19 22 24 30 
 3 13 19 22 24 30 
 2 14 19 22 24 30 
 1 15 19 22 24 30 
 7  8 20 22 24 30 
 6  9 20 22 24 30 
 5 10 20 22 24 30 
 4 11 20 22 24 30 
 3 12 20 22 24 30 
 2 13 20 22 24 30 
 1 14 20 22 24 30 
 6  8 21 22 24 30 
 5  9 21 22 24 30 
 4 10 21 22 24 30 
 3 11 21 22 24 30 
 2 12 21 22 24 30 
 1 13 21 22 24 30 
10 11 13 23 24 30 
 9 12 13 23 24 30 
 9 11 14 23 24 30 
 8 12 14 23 24 30 
 7 13 14 23 24 30 
 9 10 15 23 24 30 
 8 11 15 23 24 30 
 7 12 15 23 24 30 
 6 13 15 23 24 30 
 5 14 15 23 24 30 
 8 10 16 23 24 30 
 7 11 16 23 24 30 
 6 12 16 23 24 30 
 5 13 16 23 24 30 
 4 14 16 23 24 30 
 3 15 16 23 24 30 
 8  9 17 23 24 30 
 7 10 17 23 24 30 
 6 11 17 23 24 30 
 5 12 17 23 24 30 
 4 13 17 23 24 30 
 3 14 17 23 24 30 
 2 15 17 23 24 30 
 1 16 17 23 24 30 
 7  9 18 23 24 30 
 6 10 18 23 24 30 
 5 11 18 23 24 30 
 4 12 18 23 24 30 
 3 13 18 23 24 30 
 2 14 18 23 24 30 
 1 15 18 23 24 30 
 7  8 19 23 24 30 
 6  9 19 23 24 30 
 5 10 19 23 24 30 
 4 11 19 23 24 30 
 3 12 19 23 24 30 
 2 13 19 23 24 30 
 1 14 19 23 24 30 
 6  8 20 23 24 30 
 5  9 20 23 24 30 
 4 10 20 23 24 30 
 3 11 20 23 24 30 
 2 12 20 23 24 30 
 1 13 20 23 24 30 
 6  7 21 23 24 30 
 5  8 21 23 24 30 
 4  9 21 23 24 30 
 3 10 21 23 24 30 
 2 11 21 23 24 30 
 1 12 21 23 24 30 
 5  7 22 23 24 30 
 4  8 22 23 24 30 
 3  9 22 23 24 30 
 2 10 22 23 24 30 
 1 11 22 23 24 30 
12 13 15 16 25 30 
11 14 15 16 25 30 
12 13 14 17 25 30 
11 13 15 17 25 30 
10 14 15 17 25 30 
11 12 16 17 25 30 
10 13 16 17 25 30 
 9 14 16 17 25 30 
 8 15 16 17 25 30 
11 13 14 18 25 30 
11 12 15 18 25 30 
10 13 15 18 25 30 
 9 14 15 18 25 30 
10 12 16 18 25 30 
 9 13 16 18 25 30 
 8 14 16 18 25 30 
 7 15 16 18 25 30 
10 11 17 18 25 30 
 9 12 17 18 25 30 
 8 13 17 18 25 30 
 7 14 17 18 25 30 
 6 15 17 18 25 30 
 5 16 17 18 25 30 
11 12 14 19 25 30 
10 13 14 19 25 30 
10 12 15 19 25 30 
 9 13 15 19 25 30 
 8 14 15 19 25 30 
10 11 16 19 25 30 
 9 12 16 19 25 30 
 8 13 16 19 25 30 
 7 14 16 19 25 30 
 6 15 16 19 25 30 
 9 11 17 19 25 30 
 8 12 17 19 25 30 
 7 13 17 19 25 30 
 6 14 17 19 25 30 
 5 15 17 19 25 30 
 4 16 17 19 25 30 
 9 10 18 19 25 30 
 8 11 18 19 25 30 
 7 12 18 19 25 30 
 6 13 18 19 25 30 
 5 14 18 19 25 30 
 4 15 18 19 25 30 
 3 16 18 19 25 30 
 2 17 18 19 25 30 
11 12 13 20 25 30 
10 12 14 20 25 30 
 9 13 14 20 25 30 
10 11 15 20 25 30 
 9 12 15 20 25 30 
 8 13 15 20 25 30 
 7 14 15 20 25 30 
 9 11 16 20 25 30 
 8 12 16 20 25 30 
 7 13 16 20 25 30 
 6 14 16 20 25 30 
 5 15 16 20 25 30 
 9 10 17 20 25 30 
 8 11 17 20 25 30 
 7 12 17 20 25 30 
 6 13 17 20 25 30 
 5 14 17 20 25 30 
 4 15 17 20 25 30 
 3 16 17 20 25 30 
 8 10 18 20 25 30 
 7 11 18 20 25 30 
 6 12 18 20 25 30 
 5 13 18 20 25 30 
 4 14 18 20 25 30 
 3 15 18 20 25 30 
 2 16 18 20 25 30 
 1 17 18 20 25 30 
 8  9 19 20 25 30 
 7 10 19 20 25 30 
 6 11 19 20 25 30 
 5 12 19 20 25 30 
 4 13 19 20 25 30 
 3 14 19 20 25 30 
 2 15 19 20 25 30 
 1 16 19 20 25 30 
10 12 13 21 25 30 
10 11 14 21 25 30 
 9 12 14 21 25 30 
 8 13 14 21 25 30 
 9 11 15 21 25 30 
 8 12 15 21 25 30 
 7 13 15 21 25 30 
 6 14 15 21 25 30 
 9 10 16 21 25 30 
 8 11 16 21 25 30 
 7 12 16 21 25 30 
 6 13 16 21 25 30 
 5 14 16 21 25 30 
 4 15 16 21 25 30 
 8 10 17 21 25 30 
 7 11 17 21 25 30 
 6 12 17 21 25 30 
 5 13 17 21 25 30 
 4 14 17 21 25 30 
 3 15 17 21 25 30 
 2 16 17 21 25 30 
 8  9 18 21 25 30 
 7 10 18 21 25 30 
 6 11 18 21 25 30 
 5 12 18 21 25 30 
 4 13 18 21 25 30 
 3 14 18 21 25 30 
 2 15 18 21 25 30 
 1 16 18 21 25 30 
 7  9 19 21 25 30 
 6 10 19 21 25 30 
 5 11 19 21 25 30 
 4 12 19 21 25 30 
 3 13 19 21 25 30 
 2 14 19 21 25 30 
 1 15 19 21 25 30 
 7  8 20 21 25 30 
 6  9 20 21 25 30 
 5 10 20 21 25 30 
 4 11 20 21 25 30 
 3 12 20 21 25 30 
 2 13 20 21 25 30 
 1 14 20 21 25 30 
10 11 13 22 25 30 
 9 12 13 22 25 30 
 9 11 14 22 25 30 
 8 12 14 22 25 30 
 7 13 14 22 25 30 
 9 10 15 22 25 30 
 8 11 15 22 25 30 
 7 12 15 22 25 30 
 6 13 15 22 25 30 
 5 14 15 22 25 30 
 8 10 16 22 25 30 
 7 11 16 22 25 30 
 6 12 16 22 25 30 
 5 13 16 22 25 30 
 4 14 16 22 25 30 
 3 15 16 22 25 30 
 8  9 17 22 25 30 
 7 10 17 22 25 30 
 6 11 17 22 25 30 
 5 12 17 22 25 30 
 4 13 17 22 25 30 
 3 14 17 22 25 30 
 2 15 17 22 25 30 
 1 16 17 22 25 30 
 7  9 18 22 25 30 
 6 10 18 22 25 30 
 5 11 18 22 25 30 
 4 12 18 22 25 30 
 3 13 18 22 25 30 
 2 14 18 22 25 30 
 1 15 18 22 25 30 
 7  8 19 22 25 30 
 6  9 19 22 25 30 
 5 10 19 22 25 30 
 4 11 19 22 25 30 
 3 12 19 22 25 30 
 2 13 19 22 25 30 
 1 14 19 22 25 30 
 6  8 20 22 25 30 
 5  9 20 22 25 30 
 4 10 20 22 25 30 
 3 11 20 22 25 30 
 2 12 20 22 25 30 
 1 13 20 22 25 30 
 6  7 21 22 25 30 
 5  8 21 22 25 30 
 4  9 21 22 25 30 
 3 10 21 22 25 30 
 2 11 21 22 25 30 
 1 12 21 22 25 30 
10 11 12 23 25 30 
 9 11 13 23 25 30 
 8 12 13 23 25 30 
 9 10 14 23 25 30 
 8 11 14 23 25 30 
 7 12 14 23 25 30 
 6 13 14 23 25 30 
 8 10 15 23 25 30 
 7 11 15 23 25 30 
 6 12 15 23 25 30 
 5 13 15 23 25 30 
 4 14 15 23 25 30 
 8  9 16 23 25 30 
 7 10 16 23 25 30 
 6 11 16 23 25 30 
 5 12 16 23 25 30 
 4 13 16 23 25 30 
 3 14 16 23 25 30 
 2 15 16 23 25 30 
 7  9 17 23 25 30 
 6 10 17 23 25 30 
 5 11 17 23 25 30 
 4 12 17 23 25 30 
 3 13 17 23 25 30 
 2 14 17 23 25 30 
 1 15 17 23 25 30 
 7  8 18 23 25 30 
 6  9 18 23 25 30 
 5 10 18 23 25 30 
 4 11 18 23 25 30 
 3 12 18 23 25 30 
 2 13 18 23 25 30 
 1 14 18 23 25 30 
 6  8 19 23 25 30 
 5  9 19 23 25 30 
 4 10 19 23 25 30 
 3 11 19 23 25 30 
 2 12 19 23 25 30 
 1 13 19 23 25 30 
 6  7 20 23 25 30 
 5  8 20 23 25 30 
 4  9 20 23 25 30 
 3 10 20 23 25 30 
 2 11 20 23 25 30 
 1 12 20 23 25 30 
 5  7 21 23 25 30 
 4  8 21 23 25 30 
 3  9 21 23 25 30 
 2 10 21 23 25 30 
 1 11 21 23 25 30 
 5  6 22 23 25 30 
 4  7 22 23 25 30 
 3  8 22 23 25 30 
 2  9 22 23 25 30 
 1 10 22 23 25 30 
 9 11 12 24 25 30 
 9 10 13 24 25 30 
 8 11 13 24 25 30 
 7 12 13 24 25 30 
 8 10 14 24 25 30 
 7 11 14 24 25 30 
 6 12 14 24 25 30 
 5 13 14 24 25 30 
 8  9 15 24 25 30 
 7 10 15 24 25 30 
 6 11 15 24 25 30 
 5 12 15 24 25 30 
 4 13 15 24 25 30 
 3 14 15 24 25 30 
 7  9 16 24 25 30 
 6 10 16 24 25 30 
 5 11 16 24 25 30 
 4 12 16 24 25 30 
 3 13 16 24 25 30 
 2 14 16 24 25 30 
 1 15 16 24 25 30 
 7  8 17 24 25 30 
 6  9 17 24 25 30 
 5 10 17 24 25 30 
 4 11 17 24 25 30 
 3 12 17 24 25 30 
 2 13 17 24 25 30 
 1 14 17 24 25 30 
 6  8 18 24 25 30 
 5  9 18 24 25 30 
 4 10 18 24 25 30 
 3 11 18 24 25 30 
 2 12 18 24 25 30 
 1 13 18 24 25 30 
 6  7 19 24 25 30 
 5  8 19 24 25 30 
 4  9 19 24 25 30 
 3 10 19 24 25 30 
 2 11 19 24 25 30 
 1 12 19 24 25 30 
 5  7 20 24 25 30 
 4  8 20 24 25 30 
 3  9 20 24 25 30 
 2 10 20 24 25 30 
 1 11 20 24 25 30 
 5  6 21 24 25 30 
 4  7 21 24 25 30 
 3  8 21 24 25 30 
 2  9 21 24 25 30 
 1 10 21 24 25 30 
 4  6 22 24 25 30 
 3  7 22 24 25 30 
 2  8 22 24 25 30 
 1  9 22 24 25 30 
 4  5 23 24 25 30 
 3  6 23 24 25 30 
 2  7 23 24 25 30 
 1  8 23 24 25 30 
12 13 14 16 26 30 
11 13 15 16 26 30 
10 14 15 16 26 30 
11 13 14 17 26 30 
11 12 15 17 26 30 
10 13 15 17 26 30 
 9 14 15 17 26 30 
10 12 16 17 26 30 
 9 13 16 17 26 30 
 8 14 16 17 26 30 
 7 15 16 17 26 30 
11 12 14 18 26 30 
10 13 14 18 26 30 
10 12 15 18 26 30 
 9 13 15 18 26 30 
 8 14 15 18 26 30 
10 11 16 18 26 30 
 9 12 16 18 26 30 
 8 13 16 18 26 30 
 7 14 16 18 26 30 
 6 15 16 18 26 30 
 9 11 17 18 26 30 
 8 12 17 18 26 30 
 7 13 17 18 26 30 
 6 14 17 18 26 30 
 5 15 17 18 26 30 
 4 16 17 18 26 30 
11 12 13 19 26 30 
10 12 14 19 26 30 
 9 13 14 19 26 30 
10 11 15 19 26 30 
 9 12 15 19 26 30 
 8 13 15 19 26 30 
 7 14 15 19 26 30 
 9 11 16 19 26 30 
 8 12 16 19 26 30 
 7 13 16 19 26 30 
 6 14 16 19 26 30 
 5 15 16 19 26 30 
 9 10 17 19 26 30 
 8 11 17 19 26 30 
 7 12 17 19 26 30 
 6 13 17 19 26 30 
 5 14 17 19 26 30 
 4 15 17 19 26 30 
 3 16 17 19 26 30 
 8 10 18 19 26 30 
 7 11 18 19 26 30 
 6 12 18 19 26 30 
 5 13 18 19 26 30 
 4 14 18 19 26 30 
 3 15 18 19 26 30 
 2 16 18 19 26 30 
 1 17 18 19 26 30 
10 12 13 20 26 30 
10 11 14 20 26 30 
 9 12 14 20 26 30 
 8 13 14 20 26 30 
 9 11 15 20 26 30 
 8 12 15 20 26 30 
 7 13 15 20 26 30 
 6 14 15 20 26 30 
 9 10 16 20 26 30 
 8 11 16 20 26 30 
 7 12 16 20 26 30 
 6 13 16 20 26 30 
 5 14 16 20 26 30 
 4 15 16 20 26 30 
 8 10 17 20 26 30 
 7 11 17 20 26 30 
 6 12 17 20 26 30 
 5 13 17 20 26 30 
 4 14 17 20 26 30 
 3 15 17 20 26 30 
 2 16 17 20 26 30 
 8  9 18 20 26 30 
 7 10 18 20 26 30 
 6 11 18 20 26 30 
 5 12 18 20 26 30 
 4 13 18 20 26 30 
 3 14 18 20 26 30 
 2 15 18 20 26 30 
 1 16 18 20 26 30 
 7  9 19 20 26 30 
 6 10 19 20 26 30 
 5 11 19 20 26 30 
 4 12 19 20 26 30 
 3 13 19 20 26 30 
 2 14 19 20 26 30 
 1 15 19 20 26 30 
10 11 13 21 26 30 
 9 12 13 21 26 30 
 9 11 14 21 26 30 
 8 12 14 21 26 30 
 7 13 14 21 26 30 
 9 10 15 21 26 30 
 8 11 15 21 26 30 
 7 12 15 21 26 30 
 6 13 15 21 26 30 
 5 14 15 21 26 30 
 8 10 16 21 26 30 
 7 11 16 21 26 30 
 6 12 16 21 26 30 
 5 13 16 21 26 30 
 4 14 16 21 26 30 
 3 15 16 21 26 30 
 8  9 17 21 26 30 
 7 10 17 21 26 30 
 6 11 17 21 26 30 
 5 12 17 21 26 30 
 4 13 17 21 26 30 
 3 14 17 21 26 30 
 2 15 17 21 26 30 
 1 16 17 21 26 30 
 7  9 18 21 26 30 
 6 10 18 21 26 30 
 5 11 18 21 26 30 
 4 12 18 21 26 30 
 3 13 18 21 26 30 
 2 14 18 21 26 30 
 1 15 18 21 26 30 
 7  8 19 21 26 30 
 6  9 19 21 26 30 
 5 10 19 21 26 30 
 4 11 19 21 26 30 
 3 12 19 21 26 30 
 2 13 19 21 26 30 
 1 14 19 21 26 30 
 6  8 20 21 26 30 
 5  9 20 21 26 30 
 4 10 20 21 26 30 
 3 11 20 21 26 30 
 2 12 20 21 26 30 
 1 13 20 21 26 30 
10 11 12 22 26 30 
 9 11 13 22 26 30 
 8 12 13 22 26 30 
 9 10 14 22 26 30 
 8 11 14 22 26 30 
 7 12 14 22 26 30 
 6 13 14 22 26 30 
 8 10 15 22 26 30 
 7 11 15 22 26 30 
 6 12 15 22 26 30 
 5 13 15 22 26 30 
 4 14 15 22 26 30 
 8  9 16 22 26 30 
 7 10 16 22 26 30 
 6 11 16 22 26 30 
 5 12 16 22 26 30 
 4 13 16 22 26 30 
 3 14 16 22 26 30 
 2 15 16 22 26 30 
 7  9 17 22 26 30 
 6 10 17 22 26 30 
 5 11 17 22 26 30 
 4 12 17 22 26 30 
 3 13 17 22 26 30 
 2 14 17 22 26 30 
 1 15 17 22 26 30 
 7  8 18 22 26 30 
 6  9 18 22 26 30 
 5 10 18 22 26 30 
 4 11 18 22 26 30 
 3 12 18 22 26 30 
 2 13 18 22 26 30 
 1 14 18 22 26 30 
 6  8 19 22 26 30 
 5  9 19 22 26 30 
 4 10 19 22 26 30 
 3 11 19 22 26 30 
 2 12 19 22 26 30 
 1 13 19 22 26 30 
 6  7 20 22 26 30 
 5  8 20 22 26 30 
 4  9 20 22 26 30 
 3 10 20 22 26 30 
 2 11 20 22 26 30 
 1 12 20 22 26 30 
 5  7 21 22 26 30 
 4  8 21 22 26 30 
 3  9 21 22 26 30 
 2 10 21 22 26 30 
 1 11 21 22 26 30 
 9 11 12 23 26 30 
 9 10 13 23 26 30 
 8 11 13 23 26 30 
 7 12 13 23 26 30 
 8 10 14 23 26 30 
 7 11 14 23 26 30 
 6 12 14 23 26 30 
 5 13 14 23 26 30 
 8  9 15 23 26 30 
 7 10 15 23 26 30 
 6 11 15 23 26 30 
 5 12 15 23 26 30 
 4 13 15 23 26 30 
 3 14 15 23 26 30 
 7  9 16 23 26 30 
 6 10 16 23 26 30 
 5 11 16 23 26 30 
 4 12 16 23 26 30 
 3 13 16 23 26 30 
 2 14 16 23 26 30 
 1 15 16 23 26 30 
 7  8 17 23 26 30 
 6  9 17 23 26 30 
 5 10 17 23 26 30 
 4 11 17 23 26 30 
 3 12 17 23 26 30 
 2 13 17 23 26 30 
 1 14 17 23 26 30 
 6  8 18 23 26 30 
 5  9 18 23 26 30 
 4 10 18 23 26 30 
 3 11 18 23 26 30 
 2 12 18 23 26 30 
 1 13 18 23 26 30 
 6  7 19 23 26 30 
 5  8 19 23 26 30 
 4  9 19 23 26 30 
 3 10 19 23 26 30 
 2 11 19 23 26 30 
 1 12 19 23 26 30 
 5  7 20 23 26 30 
 4  8 20 23 26 30 
 3  9 20 23 26 30 
 2 10 20 23 26 30 
 1 11 20 23 26 30 
 5  6 21 23 26 30 
 4  7 21 23 26 30 
 3  8 21 23 26 30 
 2  9 21 23 26 30 
 1 10 21 23 26 30 
 4  6 22 23 26 30 
 3  7 22 23 26 30 
 2  8 22 23 26 30 
 1  9 22 23 26 30 
 9 10 12 24 26 30 
 8 11 12 24 26 30 
 8 10 13 24 26 30 
 7 11 13 24 26 30 
 6 12 13 24 26 30 
 8  9 14 24 26 30 
 7 10 14 24 26 30 
 6 11 14 24 26 30 
 5 12 14 24 26 30 
 4 13 14 24 26 30 
 7  9 15 24 26 30 
 6 10 15 24 26 30 
 5 11 15 24 26 30 
 4 12 15 24 26 30 
 3 13 15 24 26 30 
 2 14 15 24 26 30 
 7  8 16 24 26 30 
 6  9 16 24 26 30 
 5 10 16 24 26 30 
 4 11 16 24 26 30 
 3 12 16 24 26 30 
 2 13 16 24 26 30 
 1 14 16 24 26 30 
 6  8 17 24 26 30 
 5  9 17 24 26 30 
 4 10 17 24 26 30 
 3 11 17 24 26 30 
 2 12 17 24 26 30 
 1 13 17 24 26 30 
 6  7 18 24 26 30 
 5  8 18 24 26 30 
 4  9 18 24 26 30 
 3 10 18 24 26 30 
 2 11 18 24 26 30 
 1 12 18 24 26 30 
 5  7 19 24 26 30 
 4  8 19 24 26 30 
 3  9 19 24 26 30 
 2 10 19 24 26 30 
 1 11 19 24 26 30 
 5  6 20 24 26 30 
 4  7 20 24 26 30 
 3  8 20 24 26 30 
 2  9 20 24 26 30 
 1 10 20 24 26 30 
 4  6 21 24 26 30 
 3  7 21 24 26 30 
 2  8 21 24 26 30 
 1  9 21 24 26 30 
 4  5 22 24 26 30 
 3  6 22 24 26 30 
 2  7 22 24 26 30 
 1  8 22 24 26 30 
 3  5 23 24 26 30 
 2  6 23 24 26 30 
 1  7 23 24 26 30 
 9 10 11 25 26 30 
 8 10 12 25 26 30 
 7 11 12 25 26 30 
 8  9 13 25 26 30 
 7 10 13 25 26 30 
 6 11 13 25 26 30 
 5 12 13 25 26 30 
 7  9 14 25 26 30 
 6 10 14 25 26 30 
 5 11 14 25 26 30 
 4 12 14 25 26 30 
 3 13 14 25 26 30 
 7  8 15 25 26 30 
 6  9 15 25 26 30 
 5 10 15 25 26 30 
 4 11 15 25 26 30 
 3 12 15 25 26 30 
 2 13 15 25 26 30 
 1 14 15 25 26 30 
 6  8 16 25 26 30 
 5  9 16 25 26 30 
 4 10 16 25 26 30 
 3 11 16 25 26 30 
 2 12 16 25 26 30 
 1 13 16 25 26 30 
 6  7 17 25 26 30 
 5  8 17 25 26 30 
 4  9 17 25 26 30 
 3 10 17 25 26 30 
 2 11 17 25 26 30 
 1 12 17 25 26 30 
 5  7 18 25 26 30 
 4  8 18 25 26 30 
 3  9 18 25 26 30 
 2 10 18 25 26 30 
 1 11 18 25 26 30 
 5  6 19 25 26 30 
 4  7 19 25 26 30 
 3  8 19 25 26 30 
 2  9 19 25 26 30 
 1 10 19 25 26 30 
 4  6 20 25 26 30 
 3  7 20 25 26 30 
 2  8 20 25 26 30 
 1  9 20 25 26 30 
 4  5 21 25 26 30 
 3  6 21 25 26 30 
 2  7 21 25 26 30 
 1  8 21 25 26 30 
 3  5 22 25 26 30 
 2  6 22 25 26 30 
 1  7 22 25 26 30 
 3  4 23 25 26 30 
 2  5 23 25 26 30 
 1  6 23 25 26 30 
 2  4 24 25 26 30 
 1  5 24 25 26 30 
12 13 14 15 27 30 
11 13 14 16 27 30 
11 12 15 16 27 30 
10 13 15 16 27 30 
 9 14 15 16 27 30 
11 12 14 17 27 30 
10 13 14 17 27 30 
10 12 15 17 27 30 
 9 13 15 17 27 30 
 8 14 15 17 27 30 
10 11 16 17 27 30 
 9 12 16 17 27 30 
 8 13 16 17 27 30 
 7 14 16 17 27 30 
 6 15 16 17 27 30 
11 12 13 18 27 30 
10 12 14 18 27 30 
 9 13 14 18 27 30 
10 11 15 18 27 30 
 9 12 15 18 27 30 
 8 13 15 18 27 30 
 7 14 15 18 27 30 
 9 11 16 18 27 30 
 8 12 16 18 27 30 
 7 13 16 18 27 30 
 6 14 16 18 27 30 
 5 15 16 18 27 30 
 9 10 17 18 27 30 
 8 11 17 18 27 30 
 7 12 17 18 27 30 
 6 13 17 18 27 30 
 5 14 17 18 27 30 
 4 15 17 18 27 30 
 3 16 17 18 27 30 
10 12 13 19 27 30 
10 11 14 19 27 30 
 9 12 14 19 27 30 
 8 13 14 19 27 30 
 9 11 15 19 27 30 
 8 12 15 19 27 30 
 7 13 15 19 27 30 
 6 14 15 19 27 30 
 9 10 16 19 27 30 
 8 11 16 19 27 30 
 7 12 16 19 27 30 
 6 13 16 19 27 30 
 5 14 16 19 27 30 
 4 15 16 19 27 30 
 8 10 17 19 27 30 
 7 11 17 19 27 30 
 6 12 17 19 27 30 
 5 13 17 19 27 30 
 4 14 17 19 27 30 
 3 15 17 19 27 30 
 2 16 17 19 27 30 
 8  9 18 19 27 30 
 7 10 18 19 27 30 
 6 11 18 19 27 30 
 5 12 18 19 27 30 
 4 13 18 19 27 30 
 3 14 18 19 27 30 
 2 15 18 19 27 30 
 1 16 18 19 27 30 
10 11 13 20 27 30 
 9 12 13 20 27 30 
 9 11 14 20 27 30 
 8 12 14 20 27 30 
 7 13 14 20 27 30 
 9 10 15 20 27 30 
 8 11 15 20 27 30 
 7 12 15 20 27 30 
 6 13 15 20 27 30 
 5 14 15 20 27 30 
 8 10 16 20 27 30 
 7 11 16 20 27 30 
 6 12 16 20 27 30 
 5 13 16 20 27 30 
 4 14 16 20 27 30 
 3 15 16 20 27 30 
 8  9 17 20 27 30 
 7 10 17 20 27 30 
 6 11 17 20 27 30 
 5 12 17 20 27 30 
 4 13 17 20 27 30 
 3 14 17 20 27 30 
 2 15 17 20 27 30 
 1 16 17 20 27 30 
 7  9 18 20 27 30 
 6 10 18 20 27 30 
 5 11 18 20 27 30 
 4 12 18 20 27 30 
 3 13 18 20 27 30 
 2 14 18 20 27 30 
 1 15 18 20 27 30 
 7  8 19 20 27 30 
 6  9 19 20 27 30 
 5 10 19 20 27 30 
 4 11 19 20 27 30 
 3 12 19 20 27 30 
 2 13 19 20 27 30 
 1 14 19 20 27 30 
10 11 12 21 27 30 
 9 11 13 21 27 30 
 8 12 13 21 27 30 
 9 10 14 21 27 30 
 8 11 14 21 27 30 
 7 12 14 21 27 30 
 6 13 14 21 27 30 
 8 10 15 21 27 30 
 7 11 15 21 27 30 
 6 12 15 21 27 30 
 5 13 15 21 27 30 
 4 14 15 21 27 30 
 8  9 16 21 27 30 
 7 10 16 21 27 30 
 6 11 16 21 27 30 
 5 12 16 21 27 30 
 4 13 16 21 27 30 
 3 14 16 21 27 30 
 2 15 16 21 27 30 
 7  9 17 21 27 30 
 6 10 17 21 27 30 
 5 11 17 21 27 30 
 4 12 17 21 27 30 
 3 13 17 21 27 30 
 2 14 17 21 27 30 
 1 15 17 21 27 30 
 7  8 18 21 27 30 
 6  9 18 21 27 30 
 5 10 18 21 27 30 
 4 11 18 21 27 30 
 3 12 18 21 27 30 
 2 13 18 21 27 30 
 1 14 18 21 27 30 
 6  8 19 21 27 30 
 5  9 19 21 27 30 
 4 10 19 21 27 30 
 3 11 19 21 27 30 
 2 12 19 21 27 30 
 1 13 19 21 27 30 
 6  7 20 21 27 30 
 5  8 20 21 27 30 
 4  9 20 21 27 30 
 3 10 20 21 27 30 
 2 11 20 21 27 30 
 1 12 20 21 27 30 
 9 11 12 22 27 30 
 9 10 13 22 27 30 
 8 11 13 22 27 30 
 7 12 13 22 27 30 
 8 10 14 22 27 30 
 7 11 14 22 27 30 
 6 12 14 22 27 30 
 5 13 14 22 27 30 
 8  9 15 22 27 30 
 7 10 15 22 27 30 
 6 11 15 22 27 30 
 5 12 15 22 27 30 
 4 13 15 22 27 30 
 3 14 15 22 27 30 
 7  9 16 22 27 30 
 6 10 16 22 27 30 
 5 11 16 22 27 30 
 4 12 16 22 27 30 
 3 13 16 22 27 30 
 2 14 16 22 27 30 
 1 15 16 22 27 30 
 7  8 17 22 27 30 
 6  9 17 22 27 30 
 5 10 17 22 27 30 
 4 11 17 22 27 30 
 3 12 17 22 27 30 
 2 13 17 22 27 30 
 1 14 17 22 27 30 
 6  8 18 22 27 30 
 5  9 18 22 27 30 
 4 10 18 22 27 30 
 3 11 18 22 27 30 
 2 12 18 22 27 30 
 1 13 18 22 27 30 
 6  7 19 22 27 30 
 5  8 19 22 27 30 
 4  9 19 22 27 30 
 3 10 19 22 27 30 
 2 11 19 22 27 30 
 1 12 19 22 27 30 
 5  7 20 22 27 30 
 4  8 20 22 27 30 
 3  9 20 22 27 30 
 2 10 20 22 27 30 
 1 11 20 22 27 30 
 5  6 21 22 27 30 
 4  7 21 22 27 30 
 3  8 21 22 27 30 
 2  9 21 22 27 30 
 1 10 21 22 27 30 
 9 10 12 23 27 30 
 8 11 12 23 27 30 
 8 10 13 23 27 30 
 7 11 13 23 27 30 
 6 12 13 23 27 30 
 8  9 14 23 27 30 
 7 10 14 23 27 30 
 6 11 14 23 27 30 
 5 12 14 23 27 30 
 4 13 14 23 27 30 
 7  9 15 23 27 30 
 6 10 15 23 27 30 
 5 11 15 23 27 30 
 4 12 15 23 27 30 
 3 13 15 23 27 30 
 2 14 15 23 27 30 
 7  8 16 23 27 30 
 6  9 16 23 27 30 
 5 10 16 23 27 30 
 4 11 16 23 27 30 
 3 12 16 23 27 30 
 2 13 16 23 27 30 
 1 14 16 23 27 30 
 6  8 17 23 27 30 
 5  9 17 23 27 30 
 4 10 17 23 27 30 
 3 11 17 23 27 30 
 2 12 17 23 27 30 
 1 13 17 23 27 30 
 6  7 18 23 27 30 
 5  8 18 23 27 30 
 4  9 18 23 27 30 
 3 10 18 23 27 30 
 2 11 18 23 27 30 
 1 12 18 23 27 30 
 5  7 19 23 27 30 
 4  8 19 23 27 30 
 3  9 19 23 27 30 
 2 10 19 23 27 30 
 1 11 19 23 27 30 
 5  6 20 23 27 30 
 4  7 20 23 27 30 
 3  8 20 23 27 30 
 2  9 20 23 27 30 
 1 10 20 23 27 30 
 4  6 21 23 27 30 
 3  7 21 23 27 30 
 2  8 21 23 27 30 
 1  9 21 23 27 30 
 4  5 22 23 27 30 
 3  6 22 23 27 30 
 2  7 22 23 27 30 
 1  8 22 23 27 30 
 9 10 11 24 27 30 
 8 10 12 24 27 30 
 7 11 12 24 27 30 
 8  9 13 24 27 30 
 7 10 13 24 27 30 
 6 11 13 24 27 30 
 5 12 13 24 27 30 
 7  9 14 24 27 30 
 6 10 14 24 27 30 
 5 11 14 24 27 30 
 4 12 14 24 27 30 
 3 13 14 24 27 30 
 7  8 15 24 27 30 
 6  9 15 24 27 30 
 5 10 15 24 27 30 
 4 11 15 24 27 30 
 3 12 15 24 27 30 
 2 13 15 24 27 30 
 1 14 15 24 27 30 
 6  8 16 24 27 30 
 5  9 16 24 27 30 
 4 10 16 24 27 30 
 3 11 16 24 27 30 
 2 12 16 24 27 30 
 1 13 16 24 27 30 
 6  7 17 24 27 30 
 5  8 17 24 27 30 
 4  9 17 24 27 30 
 3 10 17 24 27 30 
 2 11 17 24 27 30 
 1 12 17 24 27 30 
 5  7 18 24 27 30 
 4  8 18 24 27 30 
 3  9 18 24 27 30 
 2 10 18 24 27 30 
 1 11 18 24 27 30 
 5  6 19 24 27 30 
 4  7 19 24 27 30 
 3  8 19 24 27 30 
 2  9 19 24 27 30 
 1 10 19 24 27 30 
 4  6 20 24 27 30 
 3  7 20 24 27 30 
 2  8 20 24 27 30 
 1  9 20 24 27 30 
 4  5 21 24 27 30 
 3  6 21 24 27 30 
 2  7 21 24 27 30 
 1  8 21 24 27 30 
 3  5 22 24 27 30 
 2  6 22 24 27 30 
 1  7 22 24 27 30 
 3  4 23 24 27 30 
 2  5 23 24 27 30 
 1  6 23 24 27 30 
 8 10 11 25 27 30 
 8  9 12 25 27 30 
 7 10 12 25 27 30 
 6 11 12 25 27 30 
 7  9 13 25 27 30 
 6 10 13 25 27 30 
 5 11 13 25 27 30 
 4 12 13 25 27 30 
 7  8 14 25 27 30 
 6  9 14 25 27 30 
 5 10 14 25 27 30 
 4 11 14 25 27 30 
 3 12 14 25 27 30 
 2 13 14 25 27 30 
 6  8 15 25 27 30 
 5  9 15 25 27 30 
 4 10 15 25 27 30 
 3 11 15 25 27 30 
 2 12 15 25 27 30 
 1 13 15 25 27 30 
 6  7 16 25 27 30 
 5  8 16 25 27 30 
 4  9 16 25 27 30 
 3 10 16 25 27 30 
 2 11 16 25 27 30 
 1 12 16 25 27 30 
 5  7 17 25 27 30 
 4  8 17 25 27 30 
 3  9 17 25 27 30 
 2 10 17 25 27 30 
 1 11 17 25 27 30 
 5  6 18 25 27 30 
 4  7 18 25 27 30 
 3  8 18 25 27 30 
 2  9 18 25 27 30 
 1 10 18 25 27 30 
 4  6 19 25 27 30 
 3  7 19 25 27 30 
 2  8 19 25 27 30 
 1  9 19 25 27 30 
 4  5 20 25 27 30 
 3  6 20 25 27 30 
 2  7 20 25 27 30 
 1  8 20 25 27 30 
 3  5 21 25 27 30 
 2  6 21 25 27 30 
 1  7 21 25 27 30 
 3  4 22 25 27 30 
 2  5 22 25 27 30 
 1  6 22 25 27 30 
 2  4 23 25 27 30 
 1  5 23 25 27 30 
 2  3 24 25 27 30 
 1  4 24 25 27 30 
 8  9 11 26 27 30 
 7 10 11 26 27 30 
 7  9 12 26 27 30 
 6 10 12 26 27 30 
 5 11 12 26 27 30 
 7  8 13 26 27 30 
 6  9 13 26 27 30 
 5 10 13 26 27 30 
 4 11 13 26 27 30 
 3 12 13 26 27 30 
 6  8 14 26 27 30 
 5  9 14 26 27 30 
 4 10 14 26 27 30 
 3 11 14 26 27 30 
 2 12 14 26 27 30 
 1 13 14 26 27 30 
 6  7 15 26 27 30 
 5  8 15 26 27 30 
 4  9 15 26 27 30 
 3 10 15 26 27 30 
 2 11 15 26 27 30 
 1 12 15 26 27 30 
 5  7 16 26 27 30 
 4  8 16 26 27 30 
 3  9 16 26 27 30 
 2 10 16 26 27 30 
 1 11 16 26 27 30 
 5  6 17 26 27 30 
 4  7 17 26 27 30 
 3  8 17 26 27 30 
 2  9 17 26 27 30 
 1 10 17 26 27 30 
 4  6 18 26 27 30 
 3  7 18 26 27 30 
 2  8 18 26 27 30 
 1  9 18 26 27 30 
 4  5 19 26 27 30 
 3  6 19 26 27 30 
 2  7 19 26 27 30 
 1  8 19 26 27 30 
 3  5 20 26 27 30 
 2  6 20 26 27 30 
 1  7 20 26 27 30 
 3  4 21 26 27 30 
 2  5 21 26 27 30 
 1  6 21 26 27 30 
 2  4 22 26 27 30 
 1  5 22 26 27 30 
 2  3 23 26 27 30 
 1  4 23 26 27 30 
 1  3 24 26 27 30 
 1  2 25 26 27 30 
11 13 14 15 28 30 
11 12 14 16 28 30 
10 13 14 16 28 30 
10 12 15 16 28 30 
 9 13 15 16 28 30 
 8 14 15 16 28 30 
11 12 13 17 28 30 
10 12 14 17 28 30 
 9 13 14 17 28 30 
10 11 15 17 28 30 
 9 12 15 17 28 30 
 8 13 15 17 28 30 
 7 14 15 17 28 30 
 9 11 16 17 28 30 
 8 12 16 17 28 30 
 7 13 16 17 28 30 
 6 14 16 17 28 30 
 5 15 16 17 28 30 
10 12 13 18 28 30 
10 11 14 18 28 30 
 9 12 14 18 28 30 
 8 13 14 18 28 30 
 9 11 15 18 28 30 
 8 12 15 18 28 30 
 7 13 15 18 28 30 
 6 14 15 18 28 30 
 9 10 16 18 28 30 
 8 11 16 18 28 30 
 7 12 16 18 28 30 
 6 13 16 18 28 30 
 5 14 16 18 28 30 
 4 15 16 18 28 30 
 8 10 17 18 28 30 
 7 11 17 18 28 30 
 6 12 17 18 28 30 
 5 13 17 18 28 30 
 4 14 17 18 28 30 
 3 15 17 18 28 30 
 2 16 17 18 28 30 
10 11 13 19 28 30 
 9 12 13 19 28 30 
 9 11 14 19 28 30 
 8 12 14 19 28 30 
 7 13 14 19 28 30 
 9 10 15 19 28 30 
 8 11 15 19 28 30 
 7 12 15 19 28 30 
 6 13 15 19 28 30 
 5 14 15 19 28 30 
 8 10 16 19 28 30 
 7 11 16 19 28 30 
 6 12 16 19 28 30 
 5 13 16 19 28 30 
 4 14 16 19 28 30 
 3 15 16 19 28 30 
 8  9 17 19 28 30 
 7 10 17 19 28 30 
 6 11 17 19 28 30 
 5 12 17 19 28 30 
 4 13 17 19 28 30 
 3 14 17 19 28 30 
 2 15 17 19 28 30 
 1 16 17 19 28 30 
 7  9 18 19 28 30 
 6 10 18 19 28 30 
 5 11 18 19 28 30 
 4 12 18 19 28 30 
 3 13 18 19 28 30 
 2 14 18 19 28 30 
 1 15 18 19 28 30 
10 11 12 20 28 30 
 9 11 13 20 28 30 
 8 12 13 20 28 30 
 9 10 14 20 28 30 
 8 11 14 20 28 30 
 7 12 14 20 28 30 
 6 13 14 20 28 30 
 8 10 15 20 28 30 
 7 11 15 20 28 30 
 6 12 15 20 28 30 
 5 13 15 20 28 30 
 4 14 15 20 28 30 
 8  9 16 20 28 30 
 7 10 16 20 28 30 
 6 11 16 20 28 30 
 5 12 16 20 28 30 
 4 13 16 20 28 30 
 3 14 16 20 28 30 
 2 15 16 20 28 30 
 7  9 17 20 28 30 
 6 10 17 20 28 30 
 5 11 17 20 28 30 
 4 12 17 20 28 30 
 3 13 17 20 28 30 
 2 14 17 20 28 30 
 1 15 17 20 28 30 
 7  8 18 20 28 30 
 6  9 18 20 28 30 
 5 10 18 20 28 30 
 4 11 18 20 28 30 
 3 12 18 20 28 30 
 2 13 18 20 28 30 
 1 14 18 20 28 30 
 6  8 19 20 28 30 
 5  9 19 20 28 30 
 4 10 19 20 28 30 
 3 11 19 20 28 30 
 2 12 19 20 28 30 
 1 13 19 20 28 30 
 9 11 12 21 28 30 
 9 10 13 21 28 30 
 8 11 13 21 28 30 
 7 12 13 21 28 30 
 8 10 14 21 28 30 
 7 11 14 21 28 30 
 6 12 14 21 28 30 
 5 13 14 21 28 30 
 8  9 15 21 28 30 
 7 10 15 21 28 30 
 6 11 15 21 28 30 
 5 12 15 21 28 30 
 4 13 15 21 28 30 
 3 14 15 21 28 30 
 7  9 16 21 28 30 
 6 10 16 21 28 30 
 5 11 16 21 28 30 
 4 12 16 21 28 30 
 3 13 16 21 28 30 
 2 14 16 21 28 30 
 1 15 16 21 28 30 
 7  8 17 21 28 30 
 6  9 17 21 28 30 
 5 10 17 21 28 30 
 4 11 17 21 28 30 
 3 12 17 21 28 30 
 2 13 17 21 28 30 
 1 14 17 21 28 30 
 6  8 18 21 28 30 
 5  9 18 21 28 30 
 4 10 18 21 28 30 
 3 11 18 21 28 30 
 2 12 18 21 28 30 
 1 13 18 21 28 30 
 6  7 19 21 28 30 
 5  8 19 21 28 30 
 4  9 19 21 28 30 
 3 10 19 21 28 30 
 2 11 19 21 28 30 
 1 12 19 21 28 30 
 5  7 20 21 28 30 
 4  8 20 21 28 30 
 3  9 20 21 28 30 
 2 10 20 21 28 30 
 1 11 20 21 28 30 
 9 10 12 22 28 30 
 8 11 12 22 28 30 
 8 10 13 22 28 30 
 7 11 13 22 28 30 
 6 12 13 22 28 30 
 8  9 14 22 28 30 
 7 10 14 22 28 30 
 6 11 14 22 28 30 
 5 12 14 22 28 30 
 4 13 14 22 28 30 
 7  9 15 22 28 30 
 6 10 15 22 28 30 
 5 11 15 22 28 30 
 4 12 15 22 28 30 
 3 13 15 22 28 30 
 2 14 15 22 28 30 
 7  8 16 22 28 30 
 6  9 16 22 28 30 
 5 10 16 22 28 30 
 4 11 16 22 28 30 
 3 12 16 22 28 30 
 2 13 16 22 28 30 
 1 14 16 22 28 30 
 6  8 17 22 28 30 
 5  9 17 22 28 30 
 4 10 17 22 28 30 
 3 11 17 22 28 30 
 2 12 17 22 28 30 
 1 13 17 22 28 30 
 6  7 18 22 28 30 
 5  8 18 22 28 30 
 4  9 18 22 28 30 
 3 10 18 22 28 30 
 2 11 18 22 28 30 
 1 12 18 22 28 30 
 5  7 19 22 28 30 
 4  8 19 22 28 30 
 3  9 19 22 28 30 
 2 10 19 22 28 30 
 1 11 19 22 28 30 
 5  6 20 22 28 30 
 4  7 20 22 28 30 
 3  8 20 22 28 30 
 2  9 20 22 28 30 
 1 10 20 22 28 30 
 4  6 21 22 28 30 
 3  7 21 22 28 30 
 2  8 21 22 28 30 
 1  9 21 22 28 30 
 9 10 11 23 28 30 
 8 10 12 23 28 30 
 7 11 12 23 28 30 
 8  9 13 23 28 30 
 7 10 13 23 28 30 
 6 11 13 23 28 30 
 5 12 13 23 28 30 
 7  9 14 23 28 30 
 6 10 14 23 28 30 
 5 11 14 23 28 30 
 4 12 14 23 28 30 
 3 13 14 23 28 30 
 7  8 15 23 28 30 
 6  9 15 23 28 30 
 5 10 15 23 28 30 
 4 11 15 23 28 30 
 3 12 15 23 28 30 
 2 13 15 23 28 30 
 1 14 15 23 28 30 
 6  8 16 23 28 30 
 5  9 16 23 28 30 
 4 10 16 23 28 30 
 3 11 16 23 28 30 
 2 12 16 23 28 30 
 1 13 16 23 28 30 
 6  7 17 23 28 30 
 5  8 17 23 28 30 
 4  9 17 23 28 30 
 3 10 17 23 28 30 
 2 11 17 23 28 30 
 1 12 17 23 28 30 
 5  7 18 23 28 30 
 4  8 18 23 28 30 
 3  9 18 23 28 30 
 2 10 18 23 28 30 
 1 11 18 23 28 30 
 5  6 19 23 28 30 
 4  7 19 23 28 30 
 3  8 19 23 28 30 
 2  9 19 23 28 30 
 1 10 19 23 28 30 
 4  6 20 23 28 30 
 3  7 20 23 28 30 
 2  8 20 23 28 30 
 1  9 20 23 28 30 
 4  5 21 23 28 30 
 3  6 21 23 28 30 
 2  7 21 23 28 30 
 1  8 21 23 28 30 
 3  5 22 23 28 30 
 2  6 22 23 28 30 
 1  7 22 23 28 30 
 8 10 11 24 28 30 
 8  9 12 24 28 30 
 7 10 12 24 28 30 
 6 11 12 24 28 30 
 7  9 13 24 28 30 
 6 10 13 24 28 30 
 5 11 13 24 28 30 
 4 12 13 24 28 30 
 7  8 14 24 28 30 
 6  9 14 24 28 30 
 5 10 14 24 28 30 
 4 11 14 24 28 30 
 3 12 14 24 28 30 
 2 13 14 24 28 30 
 6  8 15 24 28 30 
 5  9 15 24 28 30 
 4 10 15 24 28 30 
 3 11 15 24 28 30 
 2 12 15 24 28 30 
 1 13 15 24 28 30 
 6  7 16 24 28 30 
 5  8 16 24 28 30 
 4  9 16 24 28 30 
 3 10 16 24 28 30 
 2 11 16 24 28 30 
 1 12 16 24 28 30 
 5  7 17 24 28 30 
 4  8 17 24 28 30 
 3  9 17 24 28 30 
 2 10 17 24 28 30 
 1 11 17 24 28 30 
 5  6 18 24 28 30 
 4  7 18 24 28 30 
 3  8 18 24 28 30 
 2  9 18 24 28 30 
 1 10 18 24 28 30 
 4  6 19 24 28 30 
 3  7 19 24 28 30 
 2  8 19 24 28 30 
 1  9 19 24 28 30 
 4  5 20 24 28 30 
 3  6 20 24 28 30 
 2  7 20 24 28 30 
 1  8 20 24 28 30 
 3  5 21 24 28 30 
 2  6 21 24 28 30 
 1  7 21 24 28 30 
 3  4 22 24 28 30 
 2  5 22 24 28 30 
 1  6 22 24 28 30 
 2  4 23 24 28 30 
 1  5 23 24 28 30 
 8  9 11 25 28 30 
 7 10 11 25 28 30 
 7  9 12 25 28 30 
 6 10 12 25 28 30 
 5 11 12 25 28 30 
 7  8 13 25 28 30 
 6  9 13 25 28 30 
 5 10 13 25 28 30 
 4 11 13 25 28 30 
 3 12 13 25 28 30 
 6  8 14 25 28 30 
 5  9 14 25 28 30 
 4 10 14 25 28 30 
 3 11 14 25 28 30 
 2 12 14 25 28 30 
 1 13 14 25 28 30 
 6  7 15 25 28 30 
 5  8 15 25 28 30 
 4  9 15 25 28 30 
 3 10 15 25 28 30 
 2 11 15 25 28 30 
 1 12 15 25 28 30 
 5  7 16 25 28 30 
 4  8 16 25 28 30 
 3  9 16 25 28 30 
 2 10 16 25 28 30 
 1 11 16 25 28 30 
 5  6 17 25 28 30 
 4  7 17 25 28 30 
 3  8 17 25 28 30 
 2  9 17 25 28 30 
 1 10 17 25 28 30 
 4  6 18 25 28 30 
 3  7 18 25 28 30 
 2  8 18 25 28 30 
 1  9 18 25 28 30 
 4  5 19 25 28 30 
 3  6 19 25 28 30 
 2  7 19 25 28 30 
 1  8 19 25 28 30 
 3  5 20 25 28 30 
 2  6 20 25 28 30 
 1  7 20 25 28 30 
 3  4 21 25 28 30 
 2  5 21 25 28 30 
 1  6 21 25 28 30 
 2  4 22 25 28 30 
 1  5 22 25 28 30 
 2  3 23 25 28 30 
 1  4 23 25 28 30 
 1  3 24 25 28 30 
 8  9 10 26 28 30 
 7  9 11 26 28 30 
 6 10 11 26 28 30 
 7  8 12 26 28 30 
 6  9 12 26 28 30 
 5 10 12 26 28 30 
 4 11 12 26 28 30 
 6  8 13 26 28 30 
 5  9 13 26 28 30 
 4 10 13 26 28 30 
 3 11 13 26 28 30 
 2 12 13 26 28 30 
 6  7 14 26 28 30 
 5  8 14 26 28 30 
 4  9 14 26 28 30 
 3 10 14 26 28 30 
 2 11 14 26 28 30 
 1 12 14 26 28 30 
 5  7 15 26 28 30 
 4  8 15 26 28 30 
 3  9 15 26 28 30 
 2 10 15 26 28 30 
 1 11 15 26 28 30 
 5  6 16 26 28 30 
 4  7 16 26 28 30 
 3  8 16 26 28 30 
 2  9 16 26 28 30 
 1 10 16 26 28 30 
 4  6 17 26 28 30 
 3  7 17 26 28 30 
 2  8 17 26 28 30 
 1  9 17 26 28 30 
 4  5 18 26 28 30 
 3  6 18 26 28 30 
 2  7 18 26 28 30 
 1  8 18 26 28 30 
 3  5 19 26 28 30 
 2  6 19 26 28 30 
 1  7 19 26 28 30 
 3  4 20 26 28 30 
 2  5 20 26 28 30 
 1  6 20 26 28 30 
 2  4 21 26 28 30 
 1  5 21 26 28 30 
 2  3 22 26 28 30 
 1  4 22 26 28 30 
 1  3 23 26 28 30 
 1  2 24 26 28 30 
 7  9 10 27 28 30 
 7  8 11 27 28 30 
 6  9 11 27 28 30 
 5 10 11 27 28 30 
 6  8 12 27 28 30 
 5  9 12 27 28 30 
 4 10 12 27 28 30 
 3 11 12 27 28 30 
 6  7 13 27 28 30 
 5  8 13 27 28 30 
 4  9 13 27 28 30 
 3 10 13 27 28 30 
 2 11 13 27 28 30 
 1 12 13 27 28 30 
 5  7 14 27 28 30 
 4  8 14 27 28 30 
 3  9 14 27 28 30 
 2 10 14 27 28 30 
 1 11 14 27 28 30 
 5  6 15 27 28 30 
 4  7 15 27 28 30 
 3  8 15 27 28 30 
 2  9 15 27 28 30 
 1 10 15 27 28 30 
 4  6 16 27 28 30 
 3  7 16 27 28 30 
 2  8 16 27 28 30 
 1  9 16 27 28 30 
 4  5 17 27 28 30 
 3  6 17 27 28 30 
 2  7 17 27 28 30 
 1  8 17 27 28 30 
 3  5 18 27 28 30 
 2  6 18 27 28 30 
 1  7 18 27 28 30 
 3  4 19 27 28 30 
 2  5 19 27 28 30 
 1  6 19 27 28 30 
 2  4 20 27 28 30 
 1  5 20 27 28 30 
 2  3 21 27 28 30 
 1  4 21 27 28 30 
 1  3 22 27 28 30 
 1  2 23 27 28 30 
11 12 14 15 29 30 
10 13 14 15 29 30 
11 12 13 16 29 30 
10 12 14 16 29 30 
 9 13 14 16 29 30 
10 11 15 16 29 30 
 9 12 15 16 29 30 
 8 13 15 16 29 30 
 7 14 15 16 29 30 
10 12 13 17 29 30 
10 11 14 17 29 30 
 9 12 14 17 29 30 
 8 13 14 17 29 30 
 9 11 15 17 29 30 
 8 12 15 17 29 30 
 7 13 15 17 29 30 
 6 14 15 17 29 30 
 9 10 16 17 29 30 
 8 11 16 17 29 30 
 7 12 16 17 29 30 
 6 13 16 17 29 30 
 5 14 16 17 29 30 
 4 15 16 17 29 30 
10 11 13 18 29 30 
 9 12 13 18 29 30 
 9 11 14 18 29 30 
 8 12 14 18 29 30 
 7 13 14 18 29 30 
 9 10 15 18 29 30 
 8 11 15 18 29 30 
 7 12 15 18 29 30 
 6 13 15 18 29 30 
 5 14 15 18 29 30 
 8 10 16 18 29 30 
 7 11 16 18 29 30 
 6 12 16 18 29 30 
 5 13 16 18 29 30 
 4 14 16 18 29 30 
 3 15 16 18 29 30 
 8  9 17 18 29 30 
 7 10 17 18 29 30 
 6 11 17 18 29 30 
 5 12 17 18 29 30 
 4 13 17 18 29 30 
 3 14 17 18 29 30 
 2 15 17 18 29 30 
 1 16 17 18 29 30 
10 11 12 19 29 30 
 9 11 13 19 29 30 
 8 12 13 19 29 30 
 9 10 14 19 29 30 
 8 11 14 19 29 30 
 7 12 14 19 29 30 
 6 13 14 19 29 30 
 8 10 15 19 29 30 
 7 11 15 19 29 30 
 6 12 15 19 29 30 
 5 13 15 19 29 30 
 4 14 15 19 29 30 
 8  9 16 19 29 30 
 7 10 16 19 29 30 
 6 11 16 19 29 30 
 5 12 16 19 29 30 
 4 13 16 19 29 30 
 3 14 16 19 29 30 
 2 15 16 19 29 30 
 7  9 17 19 29 30 
 6 10 17 19 29 30 
 5 11 17 19 29 30 
 4 12 17 19 29 30 
 3 13 17 19 29 30 
 2 14 17 19 29 30 
 1 15 17 19 29 30 
 7  8 18 19 29 30 
 6  9 18 19 29 30 
 5 10 18 19 29 30 
 4 11 18 19 29 30 
 3 12 18 19 29 30 
 2 13 18 19 29 30 
 1 14 18 19 29 30 
 9 11 12 20 29 30 
 9 10 13 20 29 30 
 8 11 13 20 29 30 
 7 12 13 20 29 30 
 8 10 14 20 29 30 
 7 11 14 20 29 30 
 6 12 14 20 29 30 
 5 13 14 20 29 30 
 8  9 15 20 29 30 
 7 10 15 20 29 30 
 6 11 15 20 29 30 
 5 12 15 20 29 30 
 4 13 15 20 29 30 
 3 14 15 20 29 30 
 7  9 16 20 29 30 
 6 10 16 20 29 30 
 5 11 16 20 29 30 
 4 12 16 20 29 30 
 3 13 16 20 29 30 
 2 14 16 20 29 30 
 1 15 16 20 29 30 
 7  8 17 20 29 30 
 6  9 17 20 29 30 
 5 10 17 20 29 30 
 4 11 17 20 29 30 
 3 12 17 20 29 30 
 2 13 17 20 29 30 
 1 14 17 20 29 30 
 6  8 18 20 29 30 
 5  9 18 20 29 30 
 4 10 18 20 29 30 
 3 11 18 20 29 30 
 2 12 18 20 29 30 
 1 13 18 20 29 30 
 6  7 19 20 29 30 
 5  8 19 20 29 30 
 4  9 19 20 29 30 
 3 10 19 20 29 30 
 2 11 19 20 29 30 
 1 12 19 20 29 30 
 9 10 12 21 29 30 
 8 11 12 21 29 30 
 8 10 13 21 29 30 
 7 11 13 21 29 30 
 6 12 13 21 29 30 
 8  9 14 21 29 30 
 7 10 14 21 29 30 
 6 11 14 21 29 30 
 5 12 14 21 29 30 
 4 13 14 21 29 30 
 7  9 15 21 29 30 
 6 10 15 21 29 30 
 5 11 15 21 29 30 
 4 12 15 21 29 30 
 3 13 15 21 29 30 
 2 14 15 21 29 30 
 7  8 16 21 29 30 
 6  9 16 21 29 30 
 5 10 16 21 29 30 
 4 11 16 21 29 30 
 3 12 16 21 29 30 
 2 13 16 21 29 30 
 1 14 16 21 29 30 
 6  8 17 21 29 30 
 5  9 17 21 29 30 
 4 10 17 21 29 30 
 3 11 17 21 29 30 
 2 12 17 21 29 30 
 1 13 17 21 29 30 
 6  7 18 21 29 30 
 5  8 18 21 29 30 
 4  9 18 21 29 30 
 3 10 18 21 29 30 
 2 11 18 21 29 30 
 1 12 18 21 29 30 
 5  7 19 21 29 30 
 4  8 19 21 29 30 
 3  9 19 21 29 30 
 2 10 19 21 29 30 
 1 11 19 21 29 30 
 5  6 20 21 29 30 
 4  7 20 21 29 30 
 3  8 20 21 29 30 
 2  9 20 21 29 30 
 1 10 20 21 29 30 
 9 10 11 22 29 30 
 8 10 12 22 29 30 
 7 11 12 22 29 30 
 8  9 13 22 29 30 
 7 10 13 22 29 30 
 6 11 13 22 29 30 
 5 12 13 22 29 30 
 7  9 14 22 29 30 
 6 10 14 22 29 30 
 5 11 14 22 29 30 
 4 12 14 22 29 30 
 3 13 14 22 29 30 
 7  8 15 22 29 30 
 6  9 15 22 29 30 
 5 10 15 22 29 30 
 4 11 15 22 29 30 
 3 12 15 22 29 30 
 2 13 15 22 29 30 
 1 14 15 22 29 30 
 6  8 16 22 29 30 
 5  9 16 22 29 30 
 4 10 16 22 29 30 
 3 11 16 22 29 30 
 2 12 16 22 29 30 
 1 13 16 22 29 30 
 6  7 17 22 29 30 
 5  8 17 22 29 30 
 4  9 17 22 29 30 
 3 10 17 22 29 30 
 2 11 17 22 29 30 
 1 12 17 22 29 30 
 5  7 18 22 29 30 
 4  8 18 22 29 30 
 3  9 18 22 29 30 
 2 10 18 22 29 30 
 1 11 18 22 29 30 
 5  6 19 22 29 30 
 4  7 19 22 29 30 
 3  8 19 22 29 30 
 2  9 19 22 29 30 
 1 10 19 22 29 30 
 4  6 20 22 29 30 
 3  7 20 22 29 30 
 2  8 20 22 29 30 
 1  9 20 22 29 30 
 4  5 21 22 29 30 
 3  6 21 22 29 30 
 2  7 21 22 29 30 
 1  8 21 22 29 30 
 8 10 11 23 29 30 
 8  9 12 23 29 30 
 7 10 12 23 29 30 
 6 11 12 23 29 30 
 7  9 13 23 29 30 
 6 10 13 23 29 30 
 5 11 13 23 29 30 
 4 12 13 23 29 30 
 7  8 14 23 29 30 
 6  9 14 23 29 30 
 5 10 14 23 29 30 
 4 11 14 23 29 30 
 3 12 14 23 29 30 
 2 13 14 23 29 30 
 6  8 15 23 29 30 
 5  9 15 23 29 30 
 4 10 15 23 29 30 
 3 11 15 23 29 30 
 2 12 15 23 29 30 
 1 13 15 23 29 30 
 6  7 16 23 29 30 
 5  8 16 23 29 30 
 4  9 16 23 29 30 
 3 10 16 23 29 30 
 2 11 16 23 29 30 
 1 12 16 23 29 30 
 5  7 17 23 29 30 
 4  8 17 23 29 30 
 3  9 17 23 29 30 
 2 10 17 23 29 30 
 1 11 17 23 29 30 
 5  6 18 23 29 30 
 4  7 18 23 29 30 
 3  8 18 23 29 30 
 2  9 18 23 29 30 
 1 10 18 23 29 30 
 4  6 19 23 29 30 
 3  7 19 23 29 30 
 2  8 19 23 29 30 
 1  9 19 23 29 30 
 4  5 20 23 29 30 
 3  6 20 23 29 30 
 2  7 20 23 29 30 
 1  8 20 23 29 30 
 3  5 21 23 29 30 
 2  6 21 23 29 30 
 1  7 21 23 29 30 
 3  4 22 23 29 30 
 2  5 22 23 29 30 
 1  6 22 23 29 30 
 8  9 11 24 29 30 
 7 10 11 24 29 30 
 7  9 12 24 29 30 
 6 10 12 24 29 30 
 5 11 12 24 29 30 
 7  8 13 24 29 30 
 6  9 13 24 29 30 
 5 10 13 24 29 30 
 4 11 13 24 29 30 
 3 12 13 24 29 30 
 6  8 14 24 29 30 
 5  9 14 24 29 30 
 4 10 14 24 29 30 
 3 11 14 24 29 30 
 2 12 14 24 29 30 
 1 13 14 24 29 30 
 6  7 15 24 29 30 
 5  8 15 24 29 30 
 4  9 15 24 29 30 
 3 10 15 24 29 30 
 2 11 15 24 29 30 
 1 12 15 24 29 30 
 5  7 16 24 29 30 
 4  8 16 24 29 30 
 3  9 16 24 29 30 
 2 10 16 24 29 30 
 1 11 16 24 29 30 
 5  6 17 24 29 30 
 4  7 17 24 29 30 
 3  8 17 24 29 30 
 2  9 17 24 29 30 
 1 10 17 24 29 30 
 4  6 18 24 29 30 
 3  7 18 24 29 30 
 2  8 18 24 29 30 
 1  9 18 24 29 30 
 4  5 19 24 29 30 
 3  6 19 24 29 30 
 2  7 19 24 29 30 
 1  8 19 24 29 30 
 3  5 20 24 29 30 
 2  6 20 24 29 30 
 1  7 20 24 29 30 
 3  4 21 24 29 30 
 2  5 21 24 29 30 
 1  6 21 24 29 30 
 2  4 22 24 29 30 
 1  5 22 24 29 30 
 2  3 23 24 29 30 
 1  4 23 24 29 30 
 8  9 10 25 29 30 
 7  9 11 25 29 30 
 6 10 11 25 29 30 
 7  8 12 25 29 30 
 6  9 12 25 29 30 
 5 10 12 25 29 30 
 4 11 12 25 29 30 
 6  8 13 25 29 30 
 5  9 13 25 29 30 
 4 10 13 25 29 30 
 3 11 13 25 29 30 
 2 12 13 25 29 30 
 6  7 14 25 29 30 
 5  8 14 25 29 30 
 4  9 14 25 29 30 
 3 10 14 25 29 30 
 2 11 14 25 29 30 
 1 12 14 25 29 30 
 5  7 15 25 29 30 
 4  8 15 25 29 30 
 3  9 15 25 29 30 
 2 10 15 25 29 30 
 1 11 15 25 29 30 
 5  6 16 25 29 30 
 4  7 16 25 29 30 
 3  8 16 25 29 30 
 2  9 16 25 29 30 
 1 10 16 25 29 30 
 4  6 17 25 29 30 
 3  7 17 25 29 30 
 2  8 17 25 29 30 
 1  9 17 25 29 30 
 4  5 18 25 29 30 
 3  6 18 25 29 30 
 2  7 18 25 29 30 
 1  8 18 25 29 30 
 3  5 19 25 29 30 
 2  6 19 25 29 30 
 1  7 19 25 29 30 
 3  4 20 25 29 30 
 2  5 20 25 29 30 
 1  6 20 25 29 30 
 2  4 21 25 29 30 
 1  5 21 25 29 30 
 2  3 22 25 29 30 
 1  4 22 25 29 30 
 1  3 23 25 29 30 
 1  2 24 25 29 30 
 7  9 10 26 29 30 
 7  8 11 26 29 30 
 6  9 11 26 29 30 
 5 10 11 26 29 30 
 6  8 12 26 29 30 
 5  9 12 26 29 30 
 4 10 12 26 29 30 
 3 11 12 26 29 30 
 6  7 13 26 29 30 
 5  8 13 26 29 30 
 4  9 13 26 29 30 
 3 10 13 26 29 30 
 2 11 13 26 29 30 
 1 12 13 26 29 30 
 5  7 14 26 29 30 
 4  8 14 26 29 30 
 3  9 14 26 29 30 
 2 10 14 26 29 30 
 1 11 14 26 29 30 
 5  6 15 26 29 30 
 4  7 15 26 29 30 
 3  8 15 26 29 30 
 2  9 15 26 29 30 
 1 10 15 26 29 30 
 4  6 16 26 29 30 
 3  7 16 26 29 30 
 2  8 16 26 29 30 
 1  9 16 26 29 30 
 4  5 17 26 29 30 
 3  6 17 26 29 30 
 2  7 17 26 29 30 
 1  8 17 26 29 30 
 3  5 18 26 29 30 
 2  6 18 26 29 30 
 1  7 18 26 29 30 
 3  4 19 26 29 30 
 2  5 19 26 29 30 
 1  6 19 26 29 30 
 2  4 20 26 29 30 
 1  5 20 26 29 30 
 2  3 21 26 29 30 
 1  4 21 26 29 30 
 1  3 22 26 29 30 
 1  2 23 26 29 30 
 7  8 10 27 29 30 
 6  9 10 27 29 30 
 6  8 11 27 29 30 
 5  9 11 27 29 30 
 4 10 11 27 29 30 
 6  7 12 27 29 30 
 5  8 12 27 29 30 
 4  9 12 27 29 30 
 3 10 12 27 29 30 
 2 11 12 27 29 30 
 5  7 13 27 29 30 
 4  8 13 27 29 30 
 3  9 13 27 29 30 
 2 10 13 27 29 30 
 1 11 13 27 29 30 
 5  6 14 27 29 30 
 4  7 14 27 29 30 
 3  8 14 27 29 30 
 2  9 14 27 29 30 
 1 10 14 27 29 30 
 4  6 15 27 29 30 
 3  7 15 27 29 30 
 2  8 15 27 29 30 
 1  9 15 27 29 30 
 4  5 16 27 29 30 
 3  6 16 27 29 30 
 2  7 16 27 29 30 
 1  8 16 27 29 30 
 3  5 17 27 29 30 
 2  6 17 27 29 30 
 1  7 17 27 29 30 
 3  4 18 27 29 30 
 2  5 18 27 29 30 
 1  6 18 27 29 30 
 2  4 19 27 29 30 
 1  5 19 27 29 30 
 2  3 20 27 29 30 
 1  4 20 27 29 30 
 1  3 21 27 29 30 
 1  2 22 27 29 30 
 7  8  9 28 29 30 
 6  8 10 28 29 30 
 5  9 10 28 29 30 
 6  7 11 28 29 30 
 5  8 11 28 29 30 
 4  9 11 28 29 30 
 3 10 11 28 29 30 
 5  7 12 28 29 30 
 4  8 12 28 29 30 
 3  9 12 28 29 30 
 2 10 12 28 29 30 
 1 11 12 28 29 30 
 5  6 13 28 29 30 
 4  7 13 28 29 30 
 3  8 13 28 29 30 
 2  9 13 28 29 30 
 1 10 13 28 29 30 
 4  6 14 28 29 30 
 3  7 14 28 29 30 
 2  8 14 28 29 30 
 1  9 14 28 29 30 
 4  5 15 28 29 30 
 3  6 15 28 29 30 
 2  7 15 28 29 30 
 1  8 15 28 29 30 
 3  5 16 28 29 30 
 2  6 16 28 29 30 
 1  7 16 28 29 30 
 3  4 17 28 29 30 
 2  5 17 28 29 30 
 1  6 17 28 29 30 
 2  4 18 28 29 30 
 1  5 18 28 29 30 
 2  3 19 28 29 30 
 1  4 19 28 29 30 
 1  3 20 28 29 30 
 1  2 21 28 29 30 
14 15 16 17 18 31 
13 15 16 17 19 31 
13 14 16 18 19 31 
12 15 16 18 19 31 
12 14 17 18 19 31 
11 15 17 18 19 31 
10 16 17 18 19 31 
13 14 16 17 20 31 
12 15 16 17 20 31 
13 14 15 18 20 31 
12 14 16 18 20 31 
11 15 16 18 20 31 
12 13 17 18 20 31 
11 14 17 18 20 31 
10 15 17 18 20 31 
 9 16 17 18 20 31 
12 14 15 19 20 31 
12 13 16 19 20 31 
11 14 16 19 20 31 
10 15 16 19 20 31 
11 13 17 19 20 31 
10 14 17 19 20 31 
 9 15 17 19 20 31 
 8 16 17 19 20 31 
11 12 18 19 20 31 
10 13 18 19 20 31 
 9 14 18 19 20 31 
 8 15 18 19 20 31 
 7 16 18 19 20 31 
 6 17 18 19 20 31 
13 14 15 17 21 31 
12 14 16 17 21 31 
11 15 16 17 21 31 
12 14 15 18 21 31 
12 13 16 18 21 31 
11 14 16 18 21 31 
10 15 16 18 21 31 
11 13 17 18 21 31 
10 14 17 18 21 31 
 9 15 17 18 21 31 
 8 16 17 18 21 31 
12 13 15 19 21 31 
11 14 15 19 21 31 
11 13 16 19 21 31 
10 14 16 19 21 31 
 9 15 16 19 21 31 
11 12 17 19 21 31 
10 13 17 19 21 31 
 9 14 17 19 21 31 
 8 15 17 19 21 31 
 7 16 17 19 21 31 
10 12 18 19 21 31 
 9 13 18 19 21 31 
 8 14 18 19 21 31 
 7 15 18 19 21 31 
 6 16 18 19 21 31 
 5 17 18 19 21 31 
12 13 14 20 21 31 
11 13 15 20 21 31 
10 14 15 20 21 31 
11 12 16 20 21 31 
10 13 16 20 21 31 
 9 14 16 20 21 31 
 8 15 16 20 21 31 
10 12 17 20 21 31 
 9 13 17 20 21 31 
 8 14 17 20 21 31 
 7 15 17 20 21 31 
 6 16 17 20 21 31 
10 11 18 20 21 31 
 9 12 18 20 21 31 
 8 13 18 20 21 31 
 7 14 18 20 21 31 
 6 15 18 20 21 31 
 5 16 18 20 21 31 
 4 17 18 20 21 31 
 9 11 19 20 21 31 
 8 12 19 20 21 31 
 7 13 19 20 21 31 
 6 14 19 20 21 31 
 5 15 19 20 21 31 
 4 16 19 20 21 31 
 3 17 19 20 21 31 
 2 18 19 20 21 31 
13 14 15 16 22 31 
12 14 15 17 22 31 
12 13 16 17 22 31 
11 14 16 17 22 31 
10 15 16 17 22 31 
12 13 15 18 22 31 
11 14 15 18 22 31 
11 13 16 18 22 31 
10 14 16 18 22 31 
 9 15 16 18 22 31 
11 12 17 18 22 31 
10 13 17 18 22 31 
 9 14 17 18 22 31 
 8 15 17 18 22 31 
 7 16 17 18 22 31 
12 13 14 19 22 31 
11 13 15 19 22 31 
10 14 15 19 22 31 
11 12 16 19 22 31 
10 13 16 19 22 31 
 9 14 16 19 22 31 
 8 15 16 19 22 31 
10 12 17 19 22 31 
 9 13 17 19 22 31 
 8 14 17 19 22 31 
 7 15 17 19 22 31 
 6 16 17 19 22 31 
10 11 18 19 22 31 
 9 12 18 19 22 31 
 8 13 18 19 22 31 
 7 14 18 19 22 31 
 6 15 18 19 22 31 
 5 16 18 19 22 31 
 4 17 18 19 22 31 
11 13 14 20 22 31 
11 12 15 20 22 31 
10 13 15 20 22 31 
 9 14 15 20 22 31 
10 12 16 20 22 31 
 9 13 16 20 22 31 
 8 14 16 20 22 31 
 7 15 16 20 22 31 
10 11 17 20 22 31 
 9 12 17 20 22 31 
 8 13 17 20 22 31 
 7 14 17 20 22 31 
 6 15 17 20 22 31 
 5 16 17 20 22 31 
 9 11 18 20 22 31 
 8 12 18 20 22 31 
 7 13 18 20 22 31 
 6 14 18 20 22 31 
 5 15 18 20 22 31 
 4 16 18 20 22 31 
 3 17 18 20 22 31 
 9 10 19 20 22 31 
 8 11 19 20 22 31 
 7 12 19 20 22 31 
 6 13 19 20 22 31 
 5 14 19 20 22 31 
 4 15 19 20 22 31 
 3 16 19 20 22 31 
 2 17 19 20 22 31 
 1 18 19 20 22 31 
11 12 14 21 22 31 
10 13 14 21 22 31 
10 12 15 21 22 31 
 9 13 15 21 22 31 
 8 14 15 21 22 31 
10 11 16 21 22 31 
 9 12 16 21 22 31 
 8 13 16 21 22 31 
 7 14 16 21 22 31 
 6 15 16 21 22 31 
 9 11 17 21 22 31 
 8 12 17 21 22 31 
 7 13 17 21 22 31 
 6 14 17 21 22 31 
 5 15 17 21 22 31 
 4 16 17 21 22 31 
 9 10 18 21 22 31 
 8 11 18 21 22 31 
 7 12 18 21 22 31 
 6 13 18 21 22 31 
 5 14 18 21 22 31 
 4 15 18 21 22 31 
 3 16 18 21 22 31 
 2 17 18 21 22 31 
 8 10 19 21 22 31 
 7 11 19 21 22 31 
 6 12 19 21 22 31 
 5 13 19 21 22 31 
 4 14 19 21 22 31 
 3 15 19 21 22 31 
 2 16 19 21 22 31 
 1 17 19 21 22 31 
 8  9 20 21 22 31 
 7 10 20 21 22 31 
 6 11 20 21 22 31 
 5 12 20 21 22 31 
 4 13 20 21 22 31 
 3 14 20 21 22 31 
 2 15 20 21 22 31 
 1 16 20 21 22 31 
12 14 15 16 23 31 
12 13 15 17 23 31 
11 14 15 17 23 31 
11 13 16 17 23 31 
10 14 16 17 23 31 
 9 15 16 17 23 31 
12 13 14 18 23 31 
11 13 15 18 23 31 
10 14 15 18 23 31 
11 12 16 18 23 31 
10 13 16 18 23 31 
 9 14 16 18 23 31 
 8 15 16 18 23 31 
10 12 17 18 23 31 
 9 13 17 18 23 31 
 8 14 17 18 23 31 
 7 15 17 18 23 31 
 6 16 17 18 23 31 
11 13 14 19 23 31 
11 12 15 19 23 31 
10 13 15 19 23 31 
 9 14 15 19 23 31 
10 12 16 19 23 31 
 9 13 16 19 23 31 
 8 14 16 19 23 31 
 7 15 16 19 23 31 
10 11 17 19 23 31 
 9 12 17 19 23 31 
 8 13 17 19 23 31 
 7 14 17 19 23 31 
 6 15 17 19 23 31 
 5 16 17 19 23 31 
 9 11 18 19 23 31 
 8 12 18 19 23 31 
 7 13 18 19 23 31 
 6 14 18 19 23 31 
 5 15 18 19 23 31 
 4 16 18 19 23 31 
 3 17 18 19 23 31 
11 12 14 20 23 31 
10 13 14 20 23 31 
10 12 15 20 23 31 
 9 13 15 20 23 31 
 8 14 15 20 23 31 
10 11 16 20 23 31 
 9 12 16 20 23 31 
 8 13 16 20 23 31 
 7 14 16 20 23 31 
 6 15 16 20 23 31 
 9 11 17 20 23 31 
 8 12 17 20 23 31 
 7 13 17 20 23 31 
 6 14 17 20 23 31 
 5 15 17 20 23 31 
 4 16 17 20 23 31 
 9 10 18 20 23 31 
 8 11 18 20 23 31 
 7 12 18 20 23 31 
 6 13 18 20 23 31 
 5 14 18 20 23 31 
 4 15 18 20 23 31 
 3 16 18 20 23 31 
 2 17 18 20 23 31 
 8 10 19 20 23 31 
 7 11 19 20 23 31 
 6 12 19 20 23 31 
 5 13 19 20 23 31 
 4 14 19 20 23 31 
 3 15 19 20 23 31 
 2 16 19 20 23 31 
 1 17 19 20 23 31 
11 12 13 21 23 31 
10 12 14 21 23 31 
 9 13 14 21 23 31 
10 11 15 21 23 31 
 9 12 15 21 23 31 
 8 13 15 21 23 31 
 7 14 15 21 23 31 
 9 11 16 21 23 31 
 8 12 16 21 23 31 
 7 13 16 21 23 31 
 6 14 16 21 23 31 
 5 15 16 21 23 31 
 9 10 17 21 23 31 
 8 11 17 21 23 31 
 7 12 17 21 23 31 
 6 13 17 21 23 31 
 5 14 17 21 23 31 
 4 15 17 21 23 31 
 3 16 17 21 23 31 
 8 10 18 21 23 31 
 7 11 18 21 23 31 
 6 12 18 21 23 31 
 5 13 18 21 23 31 
 4 14 18 21 23 31 
 3 15 18 21 23 31 
 2 16 18 21 23 31 
 1 17 18 21 23 31 
 8  9 19 21 23 31 
 7 10 19 21 23 31 
 6 11 19 21 23 31 
 5 12 19 21 23 31 
 4 13 19 21 23 31 
 3 14 19 21 23 31 
 2 15 19 21 23 31 
 1 16 19 21 23 31 
 7  9 20 21 23 31 
 6 10 20 21 23 31 
 5 11 20 21 23 31 
 4 12 20 21 23 31 
 3 13 20 21 23 31 
 2 14 20 21 23 31 
 1 15 20 21 23 31 
10 12 13 22 23 31 
10 11 14 22 23 31 
 9 12 14 22 23 31 
 8 13 14 22 23 31 
 9 11 15 22 23 31 
 8 12 15 22 23 31 
 7 13 15 22 23 31 
 6 14 15 22 23 31 
 9 10 16 22 23 31 
 8 11 16 22 23 31 
 7 12 16 22 23 31 
 6 13 16 22 23 31 
 5 14 16 22 23 31 
 4 15 16 22 23 31 
 8 10 17 22 23 31 
 7 11 17 22 23 31 
 6 12 17 22 23 31 
 5 13 17 22 23 31 
 4 14 17 22 23 31 
 3 15 17 22 23 31 
 2 16 17 22 23 31 
 8  9 18 22 23 31 
 7 10 18 22 23 31 
 6 11 18 22 23 31 
 5 12 18 22 23 31 
 4 13 18 22 23 31 
 3 14 18 22 23 31 
 2 15 18 22 23 31 
 1 16 18 22 23 31 
 7  9 19 22 23 31 
 6 10 19 22 23 31 
 5 11 19 22 23 31 
 4 12 19 22 23 31 
 3 13 19 22 23 31 
 2 14 19 22 23 31 
 1 15 19 22 23 31 
 7  8 20 22 23 31 
 6  9 20 22 23 31 
 5 10 20 22 23 31 
 4 11 20 22 23 31 
 3 12 20 22 23 31 
 2 13 20 22 23 31 
 1 14 20 22 23 31 
 6  8 21 22 23 31 
 5  9 21 22 23 31 
 4 10 21 22 23 31 
 3 11 21 22 23 31 
 2 12 21 22 23 31 
 1 13 21 22 23 31 
12 13 15 16 24 31 
11 14 15 16 24 31 
12 13 14 17 24 31 
11 13 15 17 24 31 
10 14 15 17 24 31 
11 12 16 17 24 31 
10 13 16 17 24 31 
 9 14 16 17 24 31 
 8 15 16 17 24 31 
11 13 14 18 24 31 
11 12 15 18 24 31 
10 13 15 18 24 31 
 9 14 15 18 24 31 
10 12 16 18 24 31 
 9 13 16 18 24 31 
 8 14 16 18 24 31 
 7 15 16 18 24 31 
10 11 17 18 24 31 
 9 12 17 18 24 31 
 8 13 17 18 24 31 
 7 14 17 18 24 31 
 6 15 17 18 24 31 
 5 16 17 18 24 31 
11 12 14 19 24 31 
10 13 14 19 24 31 
10 12 15 19 24 31 
 9 13 15 19 24 31 
 8 14 15 19 24 31 
10 11 16 19 24 31 
 9 12 16 19 24 31 
 8 13 16 19 24 31 
 7 14 16 19 24 31 
 6 15 16 19 24 31 
 9 11 17 19 24 31 
 8 12 17 19 24 31 
 7 13 17 19 24 31 
 6 14 17 19 24 31 
 5 15 17 19 24 31 
 4 16 17 19 24 31 
 9 10 18 19 24 31 
 8 11 18 19 24 31 
 7 12 18 19 24 31 
 6 13 18 19 24 31 
 5 14 18 19 24 31 
 4 15 18 19 24 31 
 3 16 18 19 24 31 
 2 17 18 19 24 31 
11 12 13 20 24 31 
10 12 14 20 24 31 
 9 13 14 20 24 31 
10 11 15 20 24 31 
 9 12 15 20 24 31 
 8 13 15 20 24 31 
 7 14 15 20 24 31 
 9 11 16 20 24 31 
 8 12 16 20 24 31 
 7 13 16 20 24 31 
 6 14 16 20 24 31 
 5 15 16 20 24 31 
 9 10 17 20 24 31 
 8 11 17 20 24 31 
 7 12 17 20 24 31 
 6 13 17 20 24 31 
 5 14 17 20 24 31 
 4 15 17 20 24 31 
 3 16 17 20 24 31 
 8 10 18 20 24 31 
 7 11 18 20 24 31 
 6 12 18 20 24 31 
 5 13 18 20 24 31 
 4 14 18 20 24 31 
 3 15 18 20 24 31 
 2 16 18 20 24 31 
 1 17 18 20 24 31 
 8  9 19 20 24 31 
 7 10 19 20 24 31 
 6 11 19 20 24 31 
 5 12 19 20 24 31 
 4 13 19 20 24 31 
 3 14 19 20 24 31 
 2 15 19 20 24 31 
 1 16 19 20 24 31 
10 12 13 21 24 31 
10 11 14 21 24 31 
 9 12 14 21 24 31 
 8 13 14 21 24 31 
 9 11 15 21 24 31 
 8 12 15 21 24 31 
 7 13 15 21 24 31 
 6 14 15 21 24 31 
 9 10 16 21 24 31 
 8 11 16 21 24 31 
 7 12 16 21 24 31 
 6 13 16 21 24 31 
 5 14 16 21 24 31 
 4 15 16 21 24 31 
 8 10 17 21 24 31 
 7 11 17 21 24 31 
 6 12 17 21 24 31 
 5 13 17 21 24 31 
 4 14 17 21 24 31 
 3 15 17 21 24 31 
 2 16 17 21 24 31 
 8  9 18 21 24 31 
 7 10 18 21 24 31 
 6 11 18 21 24 31 
 5 12 18 21 24 31 
 4 13 18 21 24 31 
 3 14 18 21 24 31 
 2 15 18 21 24 31 
 1 16 18 21 24 31 
 7  9 19 21 24 31 
 6 10 19 21 24 31 
 5 11 19 21 24 31 
 4 12 19 21 24 31 
 3 13 19 21 24 31 
 2 14 19 21 24 31 
 1 15 19 21 24 31 
 7  8 20 21 24 31 
 6  9 20 21 24 31 
 5 10 20 21 24 31 
 4 11 20 21 24 31 
 3 12 20 21 24 31 
 2 13 20 21 24 31 
 1 14 20 21 24 31 
10 11 13 22 24 31 
 9 12 13 22 24 31 
 9 11 14 22 24 31 
 8 12 14 22 24 31 
 7 13 14 22 24 31 
 9 10 15 22 24 31 
 8 11 15 22 24 31 
 7 12 15 22 24 31 
 6 13 15 22 24 31 
 5 14 15 22 24 31 
 8 10 16 22 24 31 
 7 11 16 22 24 31 
 6 12 16 22 24 31 
 5 13 16 22 24 31 
 4 14 16 22 24 31 
 3 15 16 22 24 31 
 8  9 17 22 24 31 
 7 10 17 22 24 31 
 6 11 17 22 24 31 
 5 12 17 22 24 31 
 4 13 17 22 24 31 
 3 14 17 22 24 31 
 2 15 17 22 24 31 
 1 16 17 22 24 31 
 7  9 18 22 24 31 
 6 10 18 22 24 31 
 5 11 18 22 24 31 
 4 12 18 22 24 31 
 3 13 18 22 24 31 
 2 14 18 22 24 31 
 1 15 18 22 24 31 
 7  8 19 22 24 31 
 6  9 19 22 24 31 
 5 10 19 22 24 31 
 4 11 19 22 24 31 
 3 12 19 22 24 31 
 2 13 19 22 24 31 
 1 14 19 22 24 31 
 6  8 20 22 24 31 
 5  9 20 22 24 31 
 4 10 20 22 24 31 
 3 11 20 22 24 31 
 2 12 20 22 24 31 
 1 13 20 22 24 31 
 6  7 21 22 24 31 
 5  8 21 22 24 31 
 4  9 21 22 24 31 
 3 10 21 22 24 31 
 2 11 21 22 24 31 
 1 12 21 22 24 31 
10 11 12 23 24 31 
 9 11 13 23 24 31 
 8 12 13 23 24 31 
 9 10 14 23 24 31 
 8 11 14 23 24 31 
 7 12 14 23 24 31 
 6 13 14 23 24 31 
 8 10 15 23 24 31 
 7 11 15 23 24 31 
 6 12 15 23 24 31 
 5 13 15 23 24 31 
 4 14 15 23 24 31 
 8  9 16 23 24 31 
 7 10 16 23 24 31 
 6 11 16 23 24 31 
 5 12 16 23 24 31 
 4 13 16 23 24 31 
 3 14 16 23 24 31 
 2 15 16 23 24 31 
 7  9 17 23 24 31 
 6 10 17 23 24 31 
 5 11 17 23 24 31 
 4 12 17 23 24 31 
 3 13 17 23 24 31 
 2 14 17 23 24 31 
 1 15 17 23 24 31 
 7  8 18 23 24 31 
 6  9 18 23 24 31 
 5 10 18 23 24 31 
 4 11 18 23 24 31 
 3 12 18 23 24 31 
 2 13 18 23 24 31 
 1 14 18 23 24 31 
 6  8 19 23 24 31 
 5  9 19 23 24 31 
 4 10 19 23 24 31 
 3 11 19 23 24 31 
 2 12 19 23 24 31 
 1 13 19 23 24 31 
 6  7 20 23 24 31 
 5  8 20 23 24 31 
 4  9 20 23 24 31 
 3 10 20 23 24 31 
 2 11 20 23 24 31 
 1 12 20 23 24 31 
 5  7 21 23 24 31 
 4  8 21 23 24 31 
 3  9 21 23 24 31 
 2 10 21 23 24 31 
 1 11 21 23 24 31 
 5  6 22 23 24 31 
 4  7 22 23 24 31 
 3  8 22 23 24 31 
 2  9 22 23 24 31 
 1 10 22 23 24 31 
12 13 14 16 25 31 
11 13 15 16 25 31 
10 14 15 16 25 31 
11 13 14 17 25 31 
11 12 15 17 25 31 
10 13 15 17 25 31 
 9 14 15 17 25 31 
10 12 16 17 25 31 
 9 13 16 17 25 31 
 8 14 16 17 25 31 
 7 15 16 17 25 31 
11 12 14 18 25 31 
10 13 14 18 25 31 
10 12 15 18 25 31 
 9 13 15 18 25 31 
 8 14 15 18 25 31 
10 11 16 18 25 31 
 9 12 16 18 25 31 
 8 13 16 18 25 31 
 7 14 16 18 25 31 
 6 15 16 18 25 31 
 9 11 17 18 25 31 
 8 12 17 18 25 31 
 7 13 17 18 25 31 
 6 14 17 18 25 31 
 5 15 17 18 25 31 
 4 16 17 18 25 31 
11 12 13 19 25 31 
10 12 14 19 25 31 
 9 13 14 19 25 31 
10 11 15 19 25 31 
 9 12 15 19 25 31 
 8 13 15 19 25 31 
 7 14 15 19 25 31 
 9 11 16 19 25 31 
 8 12 16 19 25 31 
 7 13 16 19 25 31 
 6 14 16 19 25 31 
 5 15 16 19 25 31 
 9 10 17 19 25 31 
 8 11 17 19 25 31 
 7 12 17 19 25 31 
 6 13 17 19 25 31 
 5 14 17 19 25 31 
 4 15 17 19 25 31 
 3 16 17 19 25 31 
 8 10 18 19 25 31 
 7 11 18 19 25 31 
 6 12 18 19 25 31 
 5 13 18 19 25 31 
 4 14 18 19 25 31 
 3 15 18 19 25 31 
 2 16 18 19 25 31 
 1 17 18 19 25 31 
10 12 13 20 25 31 
10 11 14 20 25 31 
 9 12 14 20 25 31 
 8 13 14 20 25 31 
 9 11 15 20 25 31 
 8 12 15 20 25 31 
 7 13 15 20 25 31 
 6 14 15 20 25 31 
 9 10 16 20 25 31 
 8 11 16 20 25 31 
 7 12 16 20 25 31 
 6 13 16 20 25 31 
 5 14 16 20 25 31 
 4 15 16 20 25 31 
 8 10 17 20 25 31 
 7 11 17 20 25 31 
 6 12 17 20 25 31 
 5 13 17 20 25 31 
 4 14 17 20 25 31 
 3 15 17 20 25 31 
 2 16 17 20 25 31 
 8  9 18 20 25 31 
 7 10 18 20 25 31 
 6 11 18 20 25 31 
 5 12 18 20 25 31 
 4 13 18 20 25 31 
 3 14 18 20 25 31 
 2 15 18 20 25 31 
 1 16 18 20 25 31 
 7  9 19 20 25 31 
 6 10 19 20 25 31 
 5 11 19 20 25 31 
 4 12 19 20 25 31 
 3 13 19 20 25 31 
 2 14 19 20 25 31 
 1 15 19 20 25 31 
10 11 13 21 25 31 
 9 12 13 21 25 31 
 9 11 14 21 25 31 
 8 12 14 21 25 31 
 7 13 14 21 25 31 
 9 10 15 21 25 31 
 8 11 15 21 25 31 
 7 12 15 21 25 31 
 6 13 15 21 25 31 
 5 14 15 21 25 31 
 8 10 16 21 25 31 
 7 11 16 21 25 31 
 6 12 16 21 25 31 
 5 13 16 21 25 31 
 4 14 16 21 25 31 
 3 15 16 21 25 31 
 8  9 17 21 25 31 
 7 10 17 21 25 31 
 6 11 17 21 25 31 
 5 12 17 21 25 31 
 4 13 17 21 25 31 
 3 14 17 21 25 31 
 2 15 17 21 25 31 
 1 16 17 21 25 31 
 7  9 18 21 25 31 
 6 10 18 21 25 31 
 5 11 18 21 25 31 
 4 12 18 21 25 31 
 3 13 18 21 25 31 
 2 14 18 21 25 31 
 1 15 18 21 25 31 
 7  8 19 21 25 31 
 6  9 19 21 25 31 
 5 10 19 21 25 31 
 4 11 19 21 25 31 
 3 12 19 21 25 31 
 2 13 19 21 25 31 
 1 14 19 21 25 31 
 6  8 20 21 25 31 
 5  9 20 21 25 31 
 4 10 20 21 25 31 
 3 11 20 21 25 31 
 2 12 20 21 25 31 
 1 13 20 21 25 31 
10 11 12 22 25 31 
 9 11 13 22 25 31 
 8 12 13 22 25 31 
 9 10 14 22 25 31 
 8 11 14 22 25 31 
 7 12 14 22 25 31 
 6 13 14 22 25 31 
 8 10 15 22 25 31 
 7 11 15 22 25 31 
 6 12 15 22 25 31 
 5 13 15 22 25 31 
 4 14 15 22 25 31 
 8  9 16 22 25 31 
 7 10 16 22 25 31 
 6 11 16 22 25 31 
 5 12 16 22 25 31 
 4 13 16 22 25 31 
 3 14 16 22 25 31 
 2 15 16 22 25 31 
 7  9 17 22 25 31 
 6 10 17 22 25 31 
 5 11 17 22 25 31 
 4 12 17 22 25 31 
 3 13 17 22 25 31 
 2 14 17 22 25 31 
 1 15 17 22 25 31 
 7  8 18 22 25 31 
 6  9 18 22 25 31 
 5 10 18 22 25 31 
 4 11 18 22 25 31 
 3 12 18 22 25 31 
 2 13 18 22 25 31 
 1 14 18 22 25 31 
 6  8 19 22 25 31 
 5  9 19 22 25 31 
 4 10 19 22 25 31 
 3 11 19 22 25 31 
 2 12 19 22 25 31 
 1 13 19 22 25 31 
 6  7 20 22 25 31 
 5  8 20 22 25 31 
 4  9 20 22 25 31 
 3 10 20 22 25 31 
 2 11 20 22 25 31 
 1 12 20 22 25 31 
 5  7 21 22 25 31 
 4  8 21 22 25 31 
 3  9 21 22 25 31 
 2 10 21 22 25 31 
 1 11 21 22 25 31 
 9 11 12 23 25 31 
 9 10 13 23 25 31 
 8 11 13 23 25 31 
 7 12 13 23 25 31 
 8 10 14 23 25 31 
 7 11 14 23 25 31 
 6 12 14 23 25 31 
 5 13 14 23 25 31 
 8  9 15 23 25 31 
 7 10 15 23 25 31 
 6 11 15 23 25 31 
 5 12 15 23 25 31 
 4 13 15 23 25 31 
 3 14 15 23 25 31 
 7  9 16 23 25 31 
 6 10 16 23 25 31 
 5 11 16 23 25 31 
 4 12 16 23 25 31 
 3 13 16 23 25 31 
 2 14 16 23 25 31 
 1 15 16 23 25 31 
 7  8 17 23 25 31 
 6  9 17 23 25 31 
 5 10 17 23 25 31 
 4 11 17 23 25 31 
 3 12 17 23 25 31 
 2 13 17 23 25 31 
 1 14 17 23 25 31 
 6  8 18 23 25 31 
 5  9 18 23 25 31 
 4 10 18 23 25 31 
 3 11 18 23 25 31 
 2 12 18 23 25 31 
 1 13 18 23 25 31 
 6  7 19 23 25 31 
 5  8 19 23 25 31 
 4  9 19 23 25 31 
 3 10 19 23 25 31 
 2 11 19 23 25 31 
 1 12 19 23 25 31 
 5  7 20 23 25 31 
 4  8 20 23 25 31 
 3  9 20 23 25 31 
 2 10 20 23 25 31 
 1 11 20 23 25 31 
 5  6 21 23 25 31 
 4  7 21 23 25 31 
 3  8 21 23 25 31 
 2  9 21 23 25 31 
 1 10 21 23 25 31 
 4  6 22 23 25 31 
 3  7 22 23 25 31 
 2  8 22 23 25 31 
 1  9 22 23 25 31 
 9 10 12 24 25 31 
 8 11 12 24 25 31 
 8 10 13 24 25 31 
 7 11 13 24 25 31 
 6 12 13 24 25 31 
 8  9 14 24 25 31 
 7 10 14 24 25 31 
 6 11 14 24 25 31 
 5 12 14 24 25 31 
 4 13 14 24 25 31 
 7  9 15 24 25 31 
 6 10 15 24 25 31 
 5 11 15 24 25 31 
 4 12 15 24 25 31 
 3 13 15 24 25 31 
 2 14 15 24 25 31 
 7  8 16 24 25 31 
 6  9 16 24 25 31 
 5 10 16 24 25 31 
 4 11 16 24 25 31 
 3 12 16 24 25 31 
 2 13 16 24 25 31 
 1 14 16 24 25 31 
 6  8 17 24 25 31 
 5  9 17 24 25 31 
 4 10 17 24 25 31 
 3 11 17 24 25 31 
 2 12 17 24 25 31 
 1 13 17 24 25 31 
 6  7 18 24 25 31 
 5  8 18 24 25 31 
 4  9 18 24 25 31 
 3 10 18 24 25 31 
 2 11 18 24 25 31 
 1 12 18 24 25 31 
 5  7 19 24 25 31 
 4  8 19 24 25 31 
 3  9 19 24 25 31 
 2 10 19 24 25 31 
 1 11 19 24 25 31 
 5  6 20 24 25 31 
 4  7 20 24 25 31 
 3  8 20 24 25 31 
 2  9 20 24 25 31 
 1 10 20 24 25 31 
 4  6 21 24 25 31 
 3  7 21 24 25 31 
 2  8 21 24 25 31 
 1  9 21 24 25 31 
 4  5 22 24 25 31 
 3  6 22 24 25 31 
 2  7 22 24 25 31 
 1  8 22 24 25 31 
 3  5 23 24 25 31 
 2  6 23 24 25 31 
 1  7 23 24 25 31 
12 13 14 15 26 31 
11 13 14 16 26 31 
11 12 15 16 26 31 
10 13 15 16 26 31 
 9 14 15 16 26 31 
11 12 14 17 26 31 
10 13 14 17 26 31 
10 12 15 17 26 31 
 9 13 15 17 26 31 
 8 14 15 17 26 31 
10 11 16 17 26 31 
 9 12 16 17 26 31 
 8 13 16 17 26 31 
 7 14 16 17 26 31 
 6 15 16 17 26 31 
11 12 13 18 26 31 
10 12 14 18 26 31 
 9 13 14 18 26 31 
10 11 15 18 26 31 
 9 12 15 18 26 31 
 8 13 15 18 26 31 
 7 14 15 18 26 31 
 9 11 16 18 26 31 
 8 12 16 18 26 31 
 7 13 16 18 26 31 
 6 14 16 18 26 31 
 5 15 16 18 26 31 
 9 10 17 18 26 31 
 8 11 17 18 26 31 
 7 12 17 18 26 31 
 6 13 17 18 26 31 
 5 14 17 18 26 31 
 4 15 17 18 26 31 
 3 16 17 18 26 31 
10 12 13 19 26 31 
10 11 14 19 26 31 
 9 12 14 19 26 31 
 8 13 14 19 26 31 
 9 11 15 19 26 31 
 8 12 15 19 26 31 
 7 13 15 19 26 31 
 6 14 15 19 26 31 
 9 10 16 19 26 31 
 8 11 16 19 26 31 
 7 12 16 19 26 31 
 6 13 16 19 26 31 
 5 14 16 19 26 31 
 4 15 16 19 26 31 
 8 10 17 19 26 31 
 7 11 17 19 26 31 
 6 12 17 19 26 31 
 5 13 17 19 26 31 
 4 14 17 19 26 31 
 3 15 17 19 26 31 
 2 16 17 19 26 31 
 8  9 18 19 26 31 
 7 10 18 19 26 31 
 6 11 18 19 26 31 
 5 12 18 19 26 31 
 4 13 18 19 26 31 
 3 14 18 19 26 31 
 2 15 18 19 26 31 
 1 16 18 19 26 31 
10 11 13 20 26 31 
 9 12 13 20 26 31 
 9 11 14 20 26 31 
 8 12 14 20 26 31 
 7 13 14 20 26 31 
 9 10 15 20 26 31 
 8 11 15 20 26 31 
 7 12 15 20 26 31 
 6 13 15 20 26 31 
 5 14 15 20 26 31 
 8 10 16 20 26 31 
 7 11 16 20 26 31 
 6 12 16 20 26 31 
 5 13 16 20 26 31 
 4 14 16 20 26 31 
 3 15 16 20 26 31 
 8  9 17 20 26 31 
 7 10 17 20 26 31 
 6 11 17 20 26 31 
 5 12 17 20 26 31 
 4 13 17 20 26 31 
 3 14 17 20 26 31 
 2 15 17 20 26 31 
 1 16 17 20 26 31 
 7  9 18 20 26 31 
 6 10 18 20 26 31 
 5 11 18 20 26 31 
 4 12 18 20 26 31 
 3 13 18 20 26 31 
 2 14 18 20 26 31 
 1 15 18 20 26 31 
 7  8 19 20 26 31 
 6  9 19 20 26 31 
 5 10 19 20 26 31 
 4 11 19 20 26 31 
 3 12 19 20 26 31 
 2 13 19 20 26 31 
 1 14 19 20 26 31 
10 11 12 21 26 31 
 9 11 13 21 26 31 
 8 12 13 21 26 31 
 9 10 14 21 26 31 
 8 11 14 21 26 31 
 7 12 14 21 26 31 
 6 13 14 21 26 31 
 8 10 15 21 26 31 
 7 11 15 21 26 31 
 6 12 15 21 26 31 
 5 13 15 21 26 31 
 4 14 15 21 26 31 
 8  9 16 21 26 31 
 7 10 16 21 26 31 
 6 11 16 21 26 31 
 5 12 16 21 26 31 
 4 13 16 21 26 31 
 3 14 16 21 26 31 
 2 15 16 21 26 31 
 7  9 17 21 26 31 
 6 10 17 21 26 31 
 5 11 17 21 26 31 
 4 12 17 21 26 31 
 3 13 17 21 26 31 
 2 14 17 21 26 31 
 1 15 17 21 26 31 
 7  8 18 21 26 31 
 6  9 18 21 26 31 
 5 10 18 21 26 31 
 4 11 18 21 26 31 
 3 12 18 21 26 31 
 2 13 18 21 26 31 
 1 14 18 21 26 31 
 6  8 19 21 26 31 
 5  9 19 21 26 31 
 4 10 19 21 26 31 
 3 11 19 21 26 31 
 2 12 19 21 26 31 
 1 13 19 21 26 31 
 6  7 20 21 26 31 
 5  8 20 21 26 31 
 4  9 20 21 26 31 
 3 10 20 21 26 31 
 2 11 20 21 26 31 
 1 12 20 21 26 31 
 9 11 12 22 26 31 
 9 10 13 22 26 31 
 8 11 13 22 26 31 
 7 12 13 22 26 31 
 8 10 14 22 26 31 
 7 11 14 22 26 31 
 6 12 14 22 26 31 
 5 13 14 22 26 31 
 8  9 15 22 26 31 
 7 10 15 22 26 31 
 6 11 15 22 26 31 
 5 12 15 22 26 31 
 4 13 15 22 26 31 
 3 14 15 22 26 31 
 7  9 16 22 26 31 
 6 10 16 22 26 31 
 5 11 16 22 26 31 
 4 12 16 22 26 31 
 3 13 16 22 26 31 
 2 14 16 22 26 31 
 1 15 16 22 26 31 
 7  8 17 22 26 31 
 6  9 17 22 26 31 
 5 10 17 22 26 31 
 4 11 17 22 26 31 
 3 12 17 22 26 31 
 2 13 17 22 26 31 
 1 14 17 22 26 31 
 6  8 18 22 26 31 
 5  9 18 22 26 31 
 4 10 18 22 26 31 
 3 11 18 22 26 31 
 2 12 18 22 26 31 
 1 13 18 22 26 31 
 6  7 19 22 26 31 
 5  8 19 22 26 31 
 4  9 19 22 26 31 
 3 10 19 22 26 31 
 2 11 19 22 26 31 
 1 12 19 22 26 31 
 5  7 20 22 26 31 
 4  8 20 22 26 31 
 3  9 20 22 26 31 
 2 10 20 22 26 31 
 1 11 20 22 26 31 
 5  6 21 22 26 31 
 4  7 21 22 26 31 
 3  8 21 22 26 31 
 2  9 21 22 26 31 
 1 10 21 22 26 31 
 9 10 12 23 26 31 
 8 11 12 23 26 31 
 8 10 13 23 26 31 
 7 11 13 23 26 31 
 6 12 13 23 26 31 
 8  9 14 23 26 31 
 7 10 14 23 26 31 
 6 11 14 23 26 31 
 5 12 14 23 26 31 
 4 13 14 23 26 31 
 7  9 15 23 26 31 
 6 10 15 23 26 31 
 5 11 15 23 26 31 
 4 12 15 23 26 31 
 3 13 15 23 26 31 
 2 14 15 23 26 31 
 7  8 16 23 26 31 
 6  9 16 23 26 31 
 5 10 16 23 26 31 
 4 11 16 23 26 31 
 3 12 16 23 26 31 
 2 13 16 23 26 31 
 1 14 16 23 26 31 
 6  8 17 23 26 31 
 5  9 17 23 26 31 
 4 10 17 23 26 31 
 3 11 17 23 26 31 
 2 12 17 23 26 31 
 1 13 17 23 26 31 
 6  7 18 23 26 31 
 5  8 18 23 26 31 
 4  9 18 23 26 31 
 3 10 18 23 26 31 
 2 11 18 23 26 31 
 1 12 18 23 26 31 
 5  7 19 23 26 31 
 4  8 19 23 26 31 
 3  9 19 23 26 31 
 2 10 19 23 26 31 
 1 11 19 23 26 31 
 5  6 20 23 26 31 
 4  7 20 23 26 31 
 3  8 20 23 26 31 
 2  9 20 23 26 31 
 1 10 20 23 26 31 
 4  6 21 23 26 31 
 3  7 21 23 26 31 
 2  8 21 23 26 31 
 1  9 21 23 26 31 
 4  5 22 23 26 31 
 3  6 22 23 26 31 
 2  7 22 23 26 31 
 1  8 22 23 26 31 
 9 10 11 24 26 31 
 8 10 12 24 26 31 
 7 11 12 24 26 31 
 8  9 13 24 26 31 
 7 10 13 24 26 31 
 6 11 13 24 26 31 
 5 12 13 24 26 31 
 7  9 14 24 26 31 
 6 10 14 24 26 31 
 5 11 14 24 26 31 
 4 12 14 24 26 31 
 3 13 14 24 26 31 
 7  8 15 24 26 31 
 6  9 15 24 26 31 
 5 10 15 24 26 31 
 4 11 15 24 26 31 
 3 12 15 24 26 31 
 2 13 15 24 26 31 
 1 14 15 24 26 31 
 6  8 16 24 26 31 
 5  9 16 24 26 31 
 4 10 16 24 26 31 
 3 11 16 24 26 31 
 2 12 16 24 26 31 
 1 13 16 24 26 31 
 6  7 17 24 26 31 
 5  8 17 24 26 31 
 4  9 17 24 26 31 
 3 10 17 24 26 31 
 2 11 17 24 26 31 
 1 12 17 24 26 31 
 5  7 18 24 26 31 
 4  8 18 24 26 31 
 3  9 18 24 26 31 
 2 10 18 24 26 31 
 1 11 18 24 26 31 
 5  6 19 24 26 31 
 4  7 19 24 26 31 
 3  8 19 24 26 31 
 2  9 19 24 26 31 
 1 10 19 24 26 31 
 4  6 20 24 26 31 
 3  7 20 24 26 31 
 2  8 20 24 26 31 
 1  9 20 24 26 31 
 4  5 21 24 26 31 
 3  6 21 24 26 31 
 2  7 21 24 26 31 
 1  8 21 24 26 31 
 3  5 22 24 26 31 
 2  6 22 24 26 31 
 1  7 22 24 26 31 
 3  4 23 24 26 31 
 2  5 23 24 26 31 
 1  6 23 24 26 31 
 8 10 11 25 26 31 
 8  9 12 25 26 31 
 7 10 12 25 26 31 
 6 11 12 25 26 31 
 7  9 13 25 26 31 
 6 10 13 25 26 31 
 5 11 13 25 26 31 
 4 12 13 25 26 31 
 7  8 14 25 26 31 
 6  9 14 25 26 31 
 5 10 14 25 26 31 
 4 11 14 25 26 31 
 3 12 14 25 26 31 
 2 13 14 25 26 31 
 6  8 15 25 26 31 
 5  9 15 25 26 31 
 4 10 15 25 26 31 
 3 11 15 25 26 31 
 2 12 15 25 26 31 
 1 13 15 25 26 31 
 6  7 16 25 26 31 
 5  8 16 25 26 31 
 4  9 16 25 26 31 
 3 10 16 25 26 31 
 2 11 16 25 26 31 
 1 12 16 25 26 31 
 5  7 17 25 26 31 
 4  8 17 25 26 31 
 3  9 17 25 26 31 
 2 10 17 25 26 31 
 1 11 17 25 26 31 
 5  6 18 25 26 31 
 4  7 18 25 26 31 
 3  8 18 25 26 31 
 2  9 18 25 26 31 
 1 10 18 25 26 31 
 4  6 19 25 26 31 
 3  7 19 25 26 31 
 2  8 19 25 26 31 
 1  9 19 25 26 31 
 4  5 20 25 26 31 
 3  6 20 25 26 31 
 2  7 20 25 26 31 
 1  8 20 25 26 31 
 3  5 21 25 26 31 
 2  6 21 25 26 31 
 1  7 21 25 26 31 
 3  4 22 25 26 31 
 2  5 22 25 26 31 
 1  6 22 25 26 31 
 2  4 23 25 26 31 
 1  5 23 25 26 31 
 2  3 24 25 26 31 
 1  4 24 25 26 31 
11 13 14 15 27 31 
11 12 14 16 27 31 
10 13 14 16 27 31 
10 12 15 16 27 31 
 9 13 15 16 27 31 
 8 14 15 16 27 31 
11 12 13 17 27 31 
10 12 14 17 27 31 
 9 13 14 17 27 31 
10 11 15 17 27 31 
 9 12 15 17 27 31 
 8 13 15 17 27 31 
 7 14 15 17 27 31 
 9 11 16 17 27 31 
 8 12 16 17 27 31 
 7 13 16 17 27 31 
 6 14 16 17 27 31 
 5 15 16 17 27 31 
10 12 13 18 27 31 
10 11 14 18 27 31 
 9 12 14 18 27 31 
 8 13 14 18 27 31 
 9 11 15 18 27 31 
 8 12 15 18 27 31 
 7 13 15 18 27 31 
 6 14 15 18 27 31 
 9 10 16 18 27 31 
 8 11 16 18 27 31 
 7 12 16 18 27 31 
 6 13 16 18 27 31 
 5 14 16 18 27 31 
 4 15 16 18 27 31 
 8 10 17 18 27 31 
 7 11 17 18 27 31 
 6 12 17 18 27 31 
 5 13 17 18 27 31 
 4 14 17 18 27 31 
 3 15 17 18 27 31 
 2 16 17 18 27 31 
10 11 13 19 27 31 
 9 12 13 19 27 31 
 9 11 14 19 27 31 
 8 12 14 19 27 31 
 7 13 14 19 27 31 
 9 10 15 19 27 31 
 8 11 15 19 27 31 
 7 12 15 19 27 31 
 6 13 15 19 27 31 
 5 14 15 19 27 31 
 8 10 16 19 27 31 
 7 11 16 19 27 31 
 6 12 16 19 27 31 
 5 13 16 19 27 31 
 4 14 16 19 27 31 
 3 15 16 19 27 31 
 8  9 17 19 27 31 
 7 10 17 19 27 31 
 6 11 17 19 27 31 
 5 12 17 19 27 31 
 4 13 17 19 27 31 
 3 14 17 19 27 31 
 2 15 17 19 27 31 
 1 16 17 19 27 31 
 7  9 18 19 27 31 
 6 10 18 19 27 31 
 5 11 18 19 27 31 
 4 12 18 19 27 31 
 3 13 18 19 27 31 
 2 14 18 19 27 31 
 1 15 18 19 27 31 
10 11 12 20 27 31 
 9 11 13 20 27 31 
 8 12 13 20 27 31 
 9 10 14 20 27 31 
 8 11 14 20 27 31 
 7 12 14 20 27 31 
 6 13 14 20 27 31 
 8 10 15 20 27 31 
 7 11 15 20 27 31 
 6 12 15 20 27 31 
 5 13 15 20 27 31 
 4 14 15 20 27 31 
 8  9 16 20 27 31 
 7 10 16 20 27 31 
 6 11 16 20 27 31 
 5 12 16 20 27 31 
 4 13 16 20 27 31 
 3 14 16 20 27 31 
 2 15 16 20 27 31 
 7  9 17 20 27 31 
 6 10 17 20 27 31 
 5 11 17 20 27 31 
 4 12 17 20 27 31 
 3 13 17 20 27 31 
 2 14 17 20 27 31 
 1 15 17 20 27 31 
 7  8 18 20 27 31 
 6  9 18 20 27 31 
 5 10 18 20 27 31 
 4 11 18 20 27 31 
 3 12 18 20 27 31 
 2 13 18 20 27 31 
 1 14 18 20 27 31 
 6  8 19 20 27 31 
 5  9 19 20 27 31 
 4 10 19 20 27 31 
 3 11 19 20 27 31 
 2 12 19 20 27 31 
 1 13 19 20 27 31 
 9 11 12 21 27 31 
 9 10 13 21 27 31 
 8 11 13 21 27 31 
 7 12 13 21 27 31 
 8 10 14 21 27 31 
 7 11 14 21 27 31 
 6 12 14 21 27 31 
 5 13 14 21 27 31 
 8  9 15 21 27 31 
 7 10 15 21 27 31 
 6 11 15 21 27 31 
 5 12 15 21 27 31 
 4 13 15 21 27 31 
 3 14 15 21 27 31 
 7  9 16 21 27 31 
 6 10 16 21 27 31 
 5 11 16 21 27 31 
 4 12 16 21 27 31 
 3 13 16 21 27 31 
 2 14 16 21 27 31 
 1 15 16 21 27 31 
 7  8 17 21 27 31 
 6  9 17 21 27 31 
 5 10 17 21 27 31 
 4 11 17 21 27 31 
 3 12 17 21 27 31 
 2 13 17 21 27 31 
 1 14 17 21 27 31 
 6  8 18 21 27 31 
 5  9 18 21 27 31 
 4 10 18 21 27 31 
 3 11 18 21 27 31 
 2 12 18 21 27 31 
 1 13 18 21 27 31 
 6  7 19 21 27 31 
 5  8 19 21 27 31 
 4  9 19 21 27 31 
 3 10 19 21 27 31 
 2 11 19 21 27 31 
 1 12 19 21 27 31 
 5  7 20 21 27 31 
 4  8 20 21 27 31 
 3  9 20 21 27 31 
 2 10 20 21 27 31 
 1 11 20 21 27 31 
 9 10 12 22 27 31 
 8 11 12 22 27 31 
 8 10 13 22 27 31 
 7 11 13 22 27 31 
 6 12 13 22 27 31 
 8  9 14 22 27 31 
 7 10 14 22 27 31 
 6 11 14 22 27 31 
 5 12 14 22 27 31 
 4 13 14 22 27 31 
 7  9 15 22 27 31 
 6 10 15 22 27 31 
 5 11 15 22 27 31 
 4 12 15 22 27 31 
 3 13 15 22 27 31 
 2 14 15 22 27 31 
 7  8 16 22 27 31 
 6  9 16 22 27 31 
 5 10 16 22 27 31 
 4 11 16 22 27 31 
 3 12 16 22 27 31 
 2 13 16 22 27 31 
 1 14 16 22 27 31 
 6  8 17 22 27 31 
 5  9 17 22 27 31 
 4 10 17 22 27 31 
 3 11 17 22 27 31 
 2 12 17 22 27 31 
 1 13 17 22 27 31 
 6  7 18 22 27 31 
 5  8 18 22 27 31 
 4  9 18 22 27 31 
 3 10 18 22 27 31 
 2 11 18 22 27 31 
 1 12 18 22 27 31 
 5  7 19 22 27 31 
 4  8 19 22 27 31 
 3  9 19 22 27 31 
 2 10 19 22 27 31 
 1 11 19 22 27 31 
 5  6 20 22 27 31 
 4  7 20 22 27 31 
 3  8 20 22 27 31 
 2  9 20 22 27 31 
 1 10 20 22 27 31 
 4  6 21 22 27 31 
 3  7 21 22 27 31 
 2  8 21 22 27 31 
 1  9 21 22 27 31 
 9 10 11 23 27 31 
 8 10 12 23 27 31 
 7 11 12 23 27 31 
 8  9 13 23 27 31 
 7 10 13 23 27 31 
 6 11 13 23 27 31 
 5 12 13 23 27 31 
 7  9 14 23 27 31 
 6 10 14 23 27 31 
 5 11 14 23 27 31 
 4 12 14 23 27 31 
 3 13 14 23 27 31 
 7  8 15 23 27 31 
 6  9 15 23 27 31 
 5 10 15 23 27 31 
 4 11 15 23 27 31 
 3 12 15 23 27 31 
 2 13 15 23 27 31 
 1 14 15 23 27 31 
 6  8 16 23 27 31 
 5  9 16 23 27 31 
 4 10 16 23 27 31 
 3 11 16 23 27 31 
 2 12 16 23 27 31 
 1 13 16 23 27 31 
 6  7 17 23 27 31 
 5  8 17 23 27 31 
 4  9 17 23 27 31 
 3 10 17 23 27 31 
 2 11 17 23 27 31 
 1 12 17 23 27 31 
 5  7 18 23 27 31 
 4  8 18 23 27 31 
 3  9 18 23 27 31 
 2 10 18 23 27 31 
 1 11 18 23 27 31 
 5  6 19 23 27 31 
 4  7 19 23 27 31 
 3  8 19 23 27 31 
 2  9 19 23 27 31 
 1 10 19 23 27 31 
 4  6 20 23 27 31 
 3  7 20 23 27 31 
 2  8 20 23 27 31 
 1  9 20 23 27 31 
 4  5 21 23 27 31 
 3  6 21 23 27 31 
 2  7 21 23 27 31 
 1  8 21 23 27 31 
 3  5 22 23 27 31 
 2  6 22 23 27 31 
 1  7 22 23 27 31 
 8 10 11 24 27 31 
 8  9 12 24 27 31 
 7 10 12 24 27 31 
 6 11 12 24 27 31 
 7  9 13 24 27 31 
 6 10 13 24 27 31 
 5 11 13 24 27 31 
 4 12 13 24 27 31 
 7  8 14 24 27 31 
 6  9 14 24 27 31 
 5 10 14 24 27 31 
 4 11 14 24 27 31 
 3 12 14 24 27 31 
 2 13 14 24 27 31 
 6  8 15 24 27 31 
 5  9 15 24 27 31 
 4 10 15 24 27 31 
 3 11 15 24 27 31 
 2 12 15 24 27 31 
 1 13 15 24 27 31 
 6  7 16 24 27 31 
 5  8 16 24 27 31 
 4  9 16 24 27 31 
 3 10 16 24 27 31 
 2 11 16 24 27 31 
 1 12 16 24 27 31 
 5  7 17 24 27 31 
 4  8 17 24 27 31 
 3  9 17 24 27 31 
 2 10 17 24 27 31 
 1 11 17 24 27 31 
 5  6 18 24 27 31 
 4  7 18 24 27 31 
 3  8 18 24 27 31 
 2  9 18 24 27 31 
 1 10 18 24 27 31 
 4  6 19 24 27 31 
 3  7 19 24 27 31 
 2  8 19 24 27 31 
 1  9 19 24 27 31 
 4  5 20 24 27 31 
 3  6 20 24 27 31 
 2  7 20 24 27 31 
 1  8 20 24 27 31 
 3  5 21 24 27 31 
 2  6 21 24 27 31 
 1  7 21 24 27 31 
 3  4 22 24 27 31 
 2  5 22 24 27 31 
 1  6 22 24 27 31 
 2  4 23 24 27 31 
 1  5 23 24 27 31 
 8  9 11 25 27 31 
 7 10 11 25 27 31 
 7  9 12 25 27 31 
 6 10 12 25 27 31 
 5 11 12 25 27 31 
 7  8 13 25 27 31 
 6  9 13 25 27 31 
 5 10 13 25 27 31 
 4 11 13 25 27 31 
 3 12 13 25 27 31 
 6  8 14 25 27 31 
 5  9 14 25 27 31 
 4 10 14 25 27 31 
 3 11 14 25 27 31 
 2 12 14 25 27 31 
 1 13 14 25 27 31 
 6  7 15 25 27 31 
 5  8 15 25 27 31 
 4  9 15 25 27 31 
 3 10 15 25 27 31 
 2 11 15 25 27 31 
 1 12 15 25 27 31 
 5  7 16 25 27 31 
 4  8 16 25 27 31 
 3  9 16 25 27 31 
 2 10 16 25 27 31 
 1 11 16 25 27 31 
 5  6 17 25 27 31 
 4  7 17 25 27 31 
 3  8 17 25 27 31 
 2  9 17 25 27 31 
 1 10 17 25 27 31 
 4  6 18 25 27 31 
 3  7 18 25 27 31 
 2  8 18 25 27 31 
 1  9 18 25 27 31 
 4  5 19 25 27 31 
 3  6 19 25 27 31 
 2  7 19 25 27 31 
 1  8 19 25 27 31 
 3  5 20 25 27 31 
 2  6 20 25 27 31 
 1  7 20 25 27 31 
 3  4 21 25 27 31 
 2  5 21 25 27 31 
 1  6 21 25 27 31 
 2  4 22 25 27 31 
 1  5 22 25 27 31 
 2  3 23 25 27 31 
 1  4 23 25 27 31 
 1  3 24 25 27 31 
 8  9 10 26 27 31 
 7  9 11 26 27 31 
 6 10 11 26 27 31 
 7  8 12 26 27 31 
 6  9 12 26 27 31 
 5 10 12 26 27 31 
 4 11 12 26 27 31 
 6  8 13 26 27 31 
 5  9 13 26 27 31 
 4 10 13 26 27 31 
 3 11 13 26 27 31 
 2 12 13 26 27 31 
 6  7 14 26 27 31 
 5  8 14 26 27 31 
 4  9 14 26 27 31 
 3 10 14 26 27 31 
 2 11 14 26 27 31 
 1 12 14 26 27 31 
 5  7 15 26 27 31 
 4  8 15 26 27 31 
 3  9 15 26 27 31 
 2 10 15 26 27 31 
 1 11 15 26 27 31 
 5  6 16 26 27 31 
 4  7 16 26 27 31 
 3  8 16 26 27 31 
 2  9 16 26 27 31 
 1 10 16 26 27 31 
 4  6 17 26 27 31 
 3  7 17 26 27 31 
 2  8 17 26 27 31 
 1  9 17 26 27 31 
 4  5 18 26 27 31 
 3  6 18 26 27 31 
 2  7 18 26 27 31 
 1  8 18 26 27 31 
 3  5 19 26 27 31 
 2  6 19 26 27 31 
 1  7 19 26 27 31 
 3  4 20 26 27 31 
 2  5 20 26 27 31 
 1  6 20 26 27 31 
 2  4 21 26 27 31 
 1  5 21 26 27 31 
 2  3 22 26 27 31 
 1  4 22 26 27 31 
 1  3 23 26 27 31 
 1  2 24 26 27 31 
11 12 14 15 28 31 
10 13 14 15 28 31 
11 12 13 16 28 31 
10 12 14 16 28 31 
 9 13 14 16 28 31 
10 11 15 16 28 31 
 9 12 15 16 28 31 
 8 13 15 16 28 31 
 7 14 15 16 28 31 
10 12 13 17 28 31 
10 11 14 17 28 31 
 9 12 14 17 28 31 
 8 13 14 17 28 31 
 9 11 15 17 28 31 
 8 12 15 17 28 31 
 7 13 15 17 28 31 
 6 14 15 17 28 31 
 9 10 16 17 28 31 
 8 11 16 17 28 31 
 7 12 16 17 28 31 
 6 13 16 17 28 31 
 5 14 16 17 28 31 
 4 15 16 17 28 31 
10 11 13 18 28 31 
 9 12 13 18 28 31 
 9 11 14 18 28 31 
 8 12 14 18 28 31 
 7 13 14 18 28 31 
 9 10 15 18 28 31 
 8 11 15 18 28 31 
 7 12 15 18 28 31 
 6 13 15 18 28 31 
 5 14 15 18 28 31 
 8 10 16 18 28 31 
 7 11 16 18 28 31 
 6 12 16 18 28 31 
 5 13 16 18 28 31 
 4 14 16 18 28 31 
 3 15 16 18 28 31 
 8  9 17 18 28 31 
 7 10 17 18 28 31 
 6 11 17 18 28 31 
 5 12 17 18 28 31 
 4 13 17 18 28 31 
 3 14 17 18 28 31 
 2 15 17 18 28 31 
 1 16 17 18 28 31 
10 11 12 19 28 31 
 9 11 13 19 28 31 
 8 12 13 19 28 31 
 9 10 14 19 28 31 
 8 11 14 19 28 31 
 7 12 14 19 28 31 
 6 13 14 19 28 31 
 8 10 15 19 28 31 
 7 11 15 19 28 31 
 6 12 15 19 28 31 
 5 13 15 19 28 31 
 4 14 15 19 28 31 
 8  9 16 19 28 31 
 7 10 16 19 28 31 
 6 11 16 19 28 31 
 5 12 16 19 28 31 
 4 13 16 19 28 31 
 3 14 16 19 28 31 
 2 15 16 19 28 31 
 7  9 17 19 28 31 
 6 10 17 19 28 31 
 5 11 17 19 28 31 
 4 12 17 19 28 31 
 3 13 17 19 28 31 
 2 14 17 19 28 31 
 1 15 17 19 28 31 
 7  8 18 19 28 31 
 6  9 18 19 28 31 
 5 10 18 19 28 31 
 4 11 18 19 28 31 
 3 12 18 19 28 31 
 2 13 18 19 28 31 
 1 14 18 19 28 31 
 9 11 12 20 28 31 
 9 10 13 20 28 31 
 8 11 13 20 28 31 
 7 12 13 20 28 31 
 8 10 14 20 28 31 
 7 11 14 20 28 31 
 6 12 14 20 28 31 
 5 13 14 20 28 31 
 8  9 15 20 28 31 
 7 10 15 20 28 31 
 6 11 15 20 28 31 
 5 12 15 20 28 31 
 4 13 15 20 28 31 
 3 14 15 20 28 31 
 7  9 16 20 28 31 
 6 10 16 20 28 31 
 5 11 16 20 28 31 
 4 12 16 20 28 31 
 3 13 16 20 28 31 
 2 14 16 20 28 31 
 1 15 16 20 28 31 
 7  8 17 20 28 31 
 6  9 17 20 28 31 
 5 10 17 20 28 31 
 4 11 17 20 28 31 
 3 12 17 20 28 31 
 2 13 17 20 28 31 
 1 14 17 20 28 31 
 6  8 18 20 28 31 
 5  9 18 20 28 31 
 4 10 18 20 28 31 
 3 11 18 20 28 31 
 2 12 18 20 28 31 
 1 13 18 20 28 31 
 6  7 19 20 28 31 
 5  8 19 20 28 31 
 4  9 19 20 28 31 
 3 10 19 20 28 31 
 2 11 19 20 28 31 
 1 12 19 20 28 31 
 9 10 12 21 28 31 
 8 11 12 21 28 31 
 8 10 13 21 28 31 
 7 11 13 21 28 31 
 6 12 13 21 28 31 
 8  9 14 21 28 31 
 7 10 14 21 28 31 
 6 11 14 21 28 31 
 5 12 14 21 28 31 
 4 13 14 21 28 31 
 7  9 15 21 28 31 
 6 10 15 21 28 31 
 5 11 15 21 28 31 
 4 12 15 21 28 31 
 3 13 15 21 28 31 
 2 14 15 21 28 31 
 7  8 16 21 28 31 
 6  9 16 21 28 31 
 5 10 16 21 28 31 
 4 11 16 21 28 31 
 3 12 16 21 28 31 
 2 13 16 21 28 31 
 1 14 16 21 28 31 
 6  8 17 21 28 31 
 5  9 17 21 28 31 
 4 10 17 21 28 31 
 3 11 17 21 28 31 
 2 12 17 21 28 31 
 1 13 17 21 28 31 
 6  7 18 21 28 31 
 5  8 18 21 28 31 
 4  9 18 21 28 31 
 3 10 18 21 28 31 
 2 11 18 21 28 31 
 1 12 18 21 28 31 
 5  7 19 21 28 31 
 4  8 19 21 28 31 
 3  9 19 21 28 31 
 2 10 19 21 28 31 
 1 11 19 21 28 31 
 5  6 20 21 28 31 
 4  7 20 21 28 31 
 3  8 20 21 28 31 
 2  9 20 21 28 31 
 1 10 20 21 28 31 
 9 10 11 22 28 31 
 8 10 12 22 28 31 
 7 11 12 22 28 31 
 8  9 13 22 28 31 
 7 10 13 22 28 31 
 6 11 13 22 28 31 
 5 12 13 22 28 31 
 7  9 14 22 28 31 
 6 10 14 22 28 31 
 5 11 14 22 28 31 
 4 12 14 22 28 31 
 3 13 14 22 28 31 
 7  8 15 22 28 31 
 6  9 15 22 28 31 
 5 10 15 22 28 31 
 4 11 15 22 28 31 
 3 12 15 22 28 31 
 2 13 15 22 28 31 
 1 14 15 22 28 31 
 6  8 16 22 28 31 
 5  9 16 22 28 31 
 4 10 16 22 28 31 
 3 11 16 22 28 31 
 2 12 16 22 28 31 
 1 13 16 22 28 31 
 6  7 17 22 28 31 
 5  8 17 22 28 31 
 4  9 17 22 28 31 
 3 10 17 22 28 31 
 2 11 17 22 28 31 
 1 12 17 22 28 31 
 5  7 18 22 28 31 
 4  8 18 22 28 31 
 3  9 18 22 28 31 
 2 10 18 22 28 31 
 1 11 18 22 28 31 
 5  6 19 22 28 31 
 4  7 19 22 28 31 
 3  8 19 22 28 31 
 2  9 19 22 28 31 
 1 10 19 22 28 31 
 4  6 20 22 28 31 
 3  7 20 22 28 31 
 2  8 20 22 28 31 
 1  9 20 22 28 31 
 4  5 21 22 28 31 
 3  6 21 22 28 31 
 2  7 21 22 28 31 
 1  8 21 22 28 31 
 8 10 11 23 28 31 
 8  9 12 23 28 31 
 7 10 12 23 28 31 
 6 11 12 23 28 31 
 7  9 13 23 28 31 
 6 10 13 23 28 31 
 5 11 13 23 28 31 
 4 12 13 23 28 31 
 7  8 14 23 28 31 
 6  9 14 23 28 31 
 5 10 14 23 28 31 
 4 11 14 23 28 31 
 3 12 14 23 28 31 
 2 13 14 23 28 31 
 6  8 15 23 28 31 
 5  9 15 23 28 31 
 4 10 15 23 28 31 
 3 11 15 23 28 31 
 2 12 15 23 28 31 
 1 13 15 23 28 31 
 6  7 16 23 28 31 
 5  8 16 23 28 31 
 4  9 16 23 28 31 
 3 10 16 23 28 31 
 2 11 16 23 28 31 
 1 12 16 23 28 31 
 5  7 17 23 28 31 
 4  8 17 23 28 31 
 3  9 17 23 28 31 
 2 10 17 23 28 31 
 1 11 17 23 28 31 
 5  6 18 23 28 31 
 4  7 18 23 28 31 
 3  8 18 23 28 31 
 2  9 18 23 28 31 
 1 10 18 23 28 31 
 4  6 19 23 28 31 
 3  7 19 23 28 31 
 2  8 19 23 28 31 
 1  9 19 23 28 31 
 4  5 20 23 28 31 
 3  6 20 23 28 31 
 2  7 20 23 28 31 
 1  8 20 23 28 31 
 3  5 21 23 28 31 
 2  6 21 23 28 31 
 1  7 21 23 28 31 
 3  4 22 23 28 31 
 2  5 22 23 28 31 
 1  6 22 23 28 31 
 8  9 11 24 28 31 
 7 10 11 24 28 31 
 7  9 12 24 28 31 
 6 10 12 24 28 31 
 5 11 12 24 28 31 
 7  8 13 24 28 31 
 6  9 13 24 28 31 
 5 10 13 24 28 31 
 4 11 13 24 28 31 
 3 12 13 24 28 31 
 6  8 14 24 28 31 
 5  9 14 24 28 31 
 4 10 14 24 28 31 
 3 11 14 24 28 31 
 2 12 14 24 28 31 
 1 13 14 24 28 31 
 6  7 15 24 28 31 
 5  8 15 24 28 31 
 4  9 15 24 28 31 
 3 10 15 24 28 31 
 2 11 15 24 28 31 
 1 12 15 24 28 31 
 5  7 16 24 28 31 
 4  8 16 24 28 31 
 3  9 16 24 28 31 
 2 10 16 24 28 31 
 1 11 16 24 28 31 
 5  6 17 24 28 31 
 4  7 17 24 28 31 
 3  8 17 24 28 31 
 2  9 17 24 28 31 
 1 10 17 24 28 31 
 4  6 18 24 28 31 
 3  7 18 24 28 31 
 2  8 18 24 28 31 
 1  9 18 24 28 31 
 4  5 19 24 28 31 
 3  6 19 24 28 31 
 2  7 19 24 28 31 
 1  8 19 24 28 31 
 3  5 20 24 28 31 
 2  6 20 24 28 31 
 1  7 20 24 28 31 
 3  4 21 24 28 31 
 2  5 21 24 28 31 
 1  6 21 24 28 31 
 2  4 22 24 28 31 
 1  5 22 24 28 31 
 2  3 23 24 28 31 
 1  4 23 24 28 31 
 8  9 10 25 28 31 
 7  9 11 25 28 31 
 6 10 11 25 28 31 
 7  8 12 25 28 31 
 6  9 12 25 28 31 
 5 10 12 25 28 31 
 4 11 12 25 28 31 
 6  8 13 25 28 31 
 5  9 13 25 28 31 
 4 10 13 25 28 31 
 3 11 13 25 28 31 
 2 12 13 25 28 31 
 6  7 14 25 28 31 
 5  8 14 25 28 31 
 4  9 14 25 28 31 
 3 10 14 25 28 31 
 2 11 14 25 28 31 
 1 12 14 25 28 31 
 5  7 15 25 28 31 
 4  8 15 25 28 31 
 3  9 15 25 28 31 
 2 10 15 25 28 31 
 1 11 15 25 28 31 
 5  6 16 25 28 31 
 4  7 16 25 28 31 
 3  8 16 25 28 31 
 2  9 16 25 28 31 
 1 10 16 25 28 31 
 4  6 17 25 28 31 
 3  7 17 25 28 31 
 2  8 17 25 28 31 
 1  9 17 25 28 31 
 4  5 18 25 28 31 
 3  6 18 25 28 31 
 2  7 18 25 28 31 
 1  8 18 25 28 31 
 3  5 19 25 28 31 
 2  6 19 25 28 31 
 1  7 19 25 28 31 
 3  4 20 25 28 31 
 2  5 20 25 28 31 
 1  6 20 25 28 31 
 2  4 21 25 28 31 
 1  5 21 25 28 31 
 2  3 22 25 28 31 
 1  4 22 25 28 31 
 1  3 23 25 28 31 
 1  2 24 25 28 31 
 7  9 10 26 28 31 
 7  8 11 26 28 31 
 6  9 11 26 28 31 
 5 10 11 26 28 31 
 6  8 12 26 28 31 
 5  9 12 26 28 31 
 4 10 12 26 28 31 
 3 11 12 26 28 31 
 6  7 13 26 28 31 
 5  8 13 26 28 31 
 4  9 13 26 28 31 
 3 10 13 26 28 31 
 2 11 13 26 28 31 
 1 12 13 26 28 31 
 5  7 14 26 28 31 
 4  8 14 26 28 31 
 3  9 14 26 28 31 
 2 10 14 26 28 31 
 1 11 14 26 28 31 
 5  6 15 26 28 31 
 4  7 15 26 28 31 
 3  8 15 26 28 31 
 2  9 15 26 28 31 
 1 10 15 26 28 31 
 4  6 16 26 28 31 
 3  7 16 26 28 31 
 2  8 16 26 28 31 
 1  9 16 26 28 31 
 4  5 17 26 28 31 
 3  6 17 26 28 31 
 2  7 17 26 28 31 
 1  8 17 26 28 31 
 3  5 18 26 28 31 
 2  6 18 26 28 31 
 1  7 18 26 28 31 
 3  4 19 26 28 31 
 2  5 19 26 28 31 
 1  6 19 26 28 31 
 2  4 20 26 28 31 
 1  5 20 26 28 31 
 2  3 21 26 28 31 
 1  4 21 26 28 31 
 1  3 22 26 28 31 
 1  2 23 26 28 31 
 7  8 10 27 28 31 
 6  9 10 27 28 31 
 6  8 11 27 28 31 
 5  9 11 27 28 31 
 4 10 11 27 28 31 
 6  7 12 27 28 31 
 5  8 12 27 28 31 
 4  9 12 27 28 31 
 3 10 12 27 28 31 
 2 11 12 27 28 31 
 5  7 13 27 28 31 
 4  8 13 27 28 31 
 3  9 13 27 28 31 
 2 10 13 27 28 31 
 1 11 13 27 28 31 
 5  6 14 27 28 31 
 4  7 14 27 28 31 
 3  8 14 27 28 31 
 2  9 14 27 28 31 
 1 10 14 27 28 31 
 4  6 15 27 28 31 
 3  7 15 27 28 31 
 2  8 15 27 28 31 
 1  9 15 27 28 31 
 4  5 16 27 28 31 
 3  6 16 27 28 31 
 2  7 16 27 28 31 
 1  8 16 27 28 31 
 3  5 17 27 28 31 
 2  6 17 27 28 31 
 1  7 17 27 28 31 
 3  4 18 27 28 31 
 2  5 18 27 28 31 
 1  6 18 27 28 31 
 2  4 19 27 28 31 
 1  5 19 27 28 31 
 2  3 20 27 28 31 
 1  4 20 27 28 31 
 1  3 21 27 28 31 
 1  2 22 27 28 31 
11 12 13 15 29 31 
10 12 14 15 29 31 
 9 13 14 15 29 31 
10 12 13 16 29 31 
10 11 14 16 29 31 
 9 12 14 16 29 31 
 8 13 14 16 29 31 
 9 11 15 16 29 31 
 8 12 15 16 29 31 
 7 13 15 16 29 31 
 6 14 15 16 29 31 
10 11 13 17 29 31 
 9 12 13 17 29 31 
 9 11 14 17 29 31 
 8 12 14 17 29 31 
 7 13 14 17 29 31 
 9 10 15 17 29 31 
 8 11 15 17 29 31 
 7 12 15 17 29 31 
 6 13 15 17 29 31 
 5 14 15 17 29 31 
 8 10 16 17 29 31 
 7 11 16 17 29 31 
 6 12 16 17 29 31 
 5 13 16 17 29 31 
 4 14 16 17 29 31 
 3 15 16 17 29 31 
10 11 12 18 29 31 
 9 11 13 18 29 31 
 8 12 13 18 29 31 
 9 10 14 18 29 31 
 8 11 14 18 29 31 
 7 12 14 18 29 31 
 6 13 14 18 29 31 
 8 10 15 18 29 31 
 7 11 15 18 29 31 
 6 12 15 18 29 31 
 5 13 15 18 29 31 
 4 14 15 18 29 31 
 8  9 16 18 29 31 
 7 10 16 18 29 31 
 6 11 16 18 29 31 
 5 12 16 18 29 31 
 4 13 16 18 29 31 
 3 14 16 18 29 31 
 2 15 16 18 29 31 
 7  9 17 18 29 31 
 6 10 17 18 29 31 
 5 11 17 18 29 31 
 4 12 17 18 29 31 
 3 13 17 18 29 31 
 2 14 17 18 29 31 
 1 15 17 18 29 31 
 9 11 12 19 29 31 
 9 10 13 19 29 31 
 8 11 13 19 29 31 
 7 12 13 19 29 31 
 8 10 14 19 29 31 
 7 11 14 19 29 31 
 6 12 14 19 29 31 
 5 13 14 19 29 31 
 8  9 15 19 29 31 
 7 10 15 19 29 31 
 6 11 15 19 29 31 
 5 12 15 19 29 31 
 4 13 15 19 29 31 
 3 14 15 19 29 31 
 7  9 16 19 29 31 
 6 10 16 19 29 31 
 5 11 16 19 29 31 
 4 12 16 19 29 31 
 3 13 16 19 29 31 
 2 14 16 19 29 31 
 1 15 16 19 29 31 
 7  8 17 19 29 31 
 6  9 17 19 29 31 
 5 10 17 19 29 31 
 4 11 17 19 29 31 
 3 12 17 19 29 31 
 2 13 17 19 29 31 
 1 14 17 19 29 31 
 6  8 18 19 29 31 
 5  9 18 19 29 31 
 4 10 18 19 29 31 
 3 11 18 19 29 31 
 2 12 18 19 29 31 
 1 13 18 19 29 31 
 9 10 12 20 29 31 
 8 11 12 20 29 31 
 8 10 13 20 29 31 
 7 11 13 20 29 31 
 6 12 13 20 29 31 
 8  9 14 20 29 31 
 7 10 14 20 29 31 
 6 11 14 20 29 31 
 5 12 14 20 29 31 
 4 13 14 20 29 31 
 7  9 15 20 29 31 
 6 10 15 20 29 31 
 5 11 15 20 29 31 
 4 12 15 20 29 31 
 3 13 15 20 29 31 
 2 14 15 20 29 31 
 7  8 16 20 29 31 
 6  9 16 20 29 31 
 5 10 16 20 29 31 
 4 11 16 20 29 31 
 3 12 16 20 29 31 
 2 13 16 20 29 31 
 1 14 16 20 29 31 
 6  8 17 20 29 31 
 5  9 17 20 29 31 
 4 10 17 20 29 31 
 3 11 17 20 29 31 
 2 12 17 20 29 31 
 1 13 17 20 29 31 
 6  7 18 20 29 31 
 5  8 18 20 29 31 
 4  9 18 20 29 31 
 3 10 18 20 29 31 
 2 11 18 20 29 31 
 1 12 18 20 29 31 
 5  7 19 20 29 31 
 4  8 19 20 29 31 
 3  9 19 20 29 31 
 2 10 19 20 29 31 
 1 11 19 20 29 31 
 9 10 11 21 29 31 
 8 10 12 21 29 31 
 7 11 12 21 29 31 
 8  9 13 21 29 31 
 7 10 13 21 29 31 
 6 11 13 21 29 31 
 5 12 13 21 29 31 
 7  9 14 21 29 31 
 6 10 14 21 29 31 
 5 11 14 21 29 31 
 4 12 14 21 29 31 
 3 13 14 21 29 31 
 7  8 15 21 29 31 
 6  9 15 21 29 31 
 5 10 15 21 29 31 
 4 11 15 21 29 31 
 3 12 15 21 29 31 
 2 13 15 21 29 31 
 1 14 15 21 29 31 
 6  8 16 21 29 31 
 5  9 16 21 29 31 
 4 10 16 21 29 31 
 3 11 16 21 29 31 
 2 12 16 21 29 31 
 1 13 16 21 29 31 
 6  7 17 21 29 31 
 5  8 17 21 29 31 
 4  9 17 21 29 31 
 3 10 17 21 29 31 
 2 11 17 21 29 31 
 1 12 17 21 29 31 
 5  7 18 21 29 31 
 4  8 18 21 29 31 
 3  9 18 21 29 31 
 2 10 18 21 29 31 
 1 11 18 21 29 31 
 5  6 19 21 29 31 
 4  7 19 21 29 31 
 3  8 19 21 29 31 
 2  9 19 21 29 31 
 1 10 19 21 29 31 
 4  6 20 21 29 31 
 3  7 20 21 29 31 
 2  8 20 21 29 31 
 1  9 20 21 29 31 
 8 10 11 22 29 31 
 8  9 12 22 29 31 
 7 10 12 22 29 31 
 6 11 12 22 29 31 
 7  9 13 22 29 31 
 6 10 13 22 29 31 
 5 11 13 22 29 31 
 4 12 13 22 29 31 
 7  8 14 22 29 31 
 6  9 14 22 29 31 
 5 10 14 22 29 31 
 4 11 14 22 29 31 
 3 12 14 22 29 31 
 2 13 14 22 29 31 
 6  8 15 22 29 31 
 5  9 15 22 29 31 
 4 10 15 22 29 31 
 3 11 15 22 29 31 
 2 12 15 22 29 31 
 1 13 15 22 29 31 
 6  7 16 22 29 31 
 5  8 16 22 29 31 
 4  9 16 22 29 31 
 3 10 16 22 29 31 
 2 11 16 22 29 31 
 1 12 16 22 29 31 
 5  7 17 22 29 31 
 4  8 17 22 29 31 
 3  9 17 22 29 31 
 2 10 17 22 29 31 
 1 11 17 22 29 31 
 5  6 18 22 29 31 
 4  7 18 22 29 31 
 3  8 18 22 29 31 
 2  9 18 22 29 31 
 1 10 18 22 29 31 
 4  6 19 22 29 31 
 3  7 19 22 29 31 
 2  8 19 22 29 31 
 1  9 19 22 29 31 
 4  5 20 22 29 31 
 3  6 20 22 29 31 
 2  7 20 22 29 31 
 1  8 20 22 29 31 
 3  5 21 22 29 31 
 2  6 21 22 29 31 
 1  7 21 22 29 31 
 8  9 11 23 29 31 
 7 10 11 23 29 31 
 7  9 12 23 29 31 
 6 10 12 23 29 31 
 5 11 12 23 29 31 
 7  8 13 23 29 31 
 6  9 13 23 29 31 
 5 10 13 23 29 31 
 4 11 13 23 29 31 
 3 12 13 23 29 31 
 6  8 14 23 29 31 
 5  9 14 23 29 31 
 4 10 14 23 29 31 
 3 11 14 23 29 31 
 2 12 14 23 29 31 
 1 13 14 23 29 31 
 6  7 15 23 29 31 
 5  8 15 23 29 31 
 4  9 15 23 29 31 
 3 10 15 23 29 31 
 2 11 15 23 29 31 
 1 12 15 23 29 31 
 5  7 16 23 29 31 
 4  8 16 23 29 31 
 3  9 16 23 29 31 
 2 10 16 23 29 31 
 1 11 16 23 29 31 
 5  6 17 23 29 31 
 4  7 17 23 29 31 
 3  8 17 23 29 31 
 2  9 17 23 29 31 
 1 10 17 23 29 31 
 4  6 18 23 29 31 
 3  7 18 23 29 31 
 2  8 18 23 29 31 
 1  9 18 23 29 31 
 4  5 19 23 29 31 
 3  6 19 23 29 31 
 2  7 19 23 29 31 
 1  8 19 23 29 31 
 3  5 20 23 29 31 
 2  6 20 23 29 31 
 1  7 20 23 29 31 
 3  4 21 23 29 31 
 2  5 21 23 29 31 
 1  6 21 23 29 31 
 2  4 22 23 29 31 
 1  5 22 23 29 31 
 8  9 10 24 29 31 
 7  9 11 24 29 31 
 6 10 11 24 29 31 
 7  8 12 24 29 31 
 6  9 12 24 29 31 
 5 10 12 24 29 31 
 4 11 12 24 29 31 
 6  8 13 24 29 31 
 5  9 13 24 29 31 
 4 10 13 24 29 31 
 3 11 13 24 29 31 
 2 12 13 24 29 31 
 6  7 14 24 29 31 
 5  8 14 24 29 31 
 4  9 14 24 29 31 
 3 10 14 24 29 31 
 2 11 14 24 29 31 
 1 12 14 24 29 31 
 5  7 15 24 29 31 
 4  8 15 24 29 31 
 3  9 15 24 29 31 
 2 10 15 24 29 31 
 1 11 15 24 29 31 
 5  6 16 24 29 31 
 4  7 16 24 29 31 
 3  8 16 24 29 31 
 2  9 16 24 29 31 
 1 10 16 24 29 31 
 4  6 17 24 29 31 
 3  7 17 24 29 31 
 2  8 17 24 29 31 
 1  9 17 24 29 31 
 4  5 18 24 29 31 
 3  6 18 24 29 31 
 2  7 18 24 29 31 
 1  8 18 24 29 31 
 3  5 19 24 29 31 
 2  6 19 24 29 31 
 1  7 19 24 29 31 
 3  4 20 24 29 31 
 2  5 20 24 29 31 
 1  6 20 24 29 31 
 2  4 21 24 29 31 
 1  5 21 24 29 31 
 2  3 22 24 29 31 
 1  4 22 24 29 31 
 1  3 23 24 29 31 
 7  9 10 25 29 31 
 7  8 11 25 29 31 
 6  9 11 25 29 31 
 5 10 11 25 29 31 
 6  8 12 25 29 31 
 5  9 12 25 29 31 
 4 10 12 25 29 31 
 3 11 12 25 29 31 
 6  7 13 25 29 31 
 5  8 13 25 29 31 
 4  9 13 25 29 31 
 3 10 13 25 29 31 
 2 11 13 25 29 31 
 1 12 13 25 29 31 
 5  7 14 25 29 31 
 4  8 14 25 29 31 
 3  9 14 25 29 31 
 2 10 14 25 29 31 
 1 11 14 25 29 31 
 5  6 15 25 29 31 
 4  7 15 25 29 31 
 3  8 15 25 29 31 
 2  9 15 25 29 31 
 1 10 15 25 29 31 
 4  6 16 25 29 31 
 3  7 16 25 29 31 
 2  8 16 25 29 31 
 1  9 16 25 29 31 
 4  5 17 25 29 31 
 3  6 17 25 29 31 
 2  7 17 25 29 31 
 1  8 17 25 29 31 
 3  5 18 25 29 31 
 2  6 18 25 29 31 
 1  7 18 25 29 31 
 3  4 19 25 29 31 
 2  5 19 25 29 31 
 1  6 19 25 29 31 
 2  4 20 25 29 31 
 1  5 20 25 29 31 
 2  3 21 25 29 31 
 1  4 21 25 29 31 
 1  3 22 25 29 31 
 1  2 23 25 29 31 
 7  8 10 26 29 31 
 6  9 10 26 29 31 
 6  8 11 26 29 31 
 5  9 11 26 29 31 
 4 10 11 26 29 31 
 6  7 12 26 29 31 
 5  8 12 26 29 31 
 4  9 12 26 29 31 
 3 10 12 26 29 31 
 2 11 12 26 29 31 
 5  7 13 26 29 31 
 4  8 13 26 29 31 
 3  9 13 26 29 31 
 2 10 13 26 29 31 
 1 11 13 26 29 31 
 5  6 14 26 29 31 
 4  7 14 26 29 31 
 3  8 14 26 29 31 
 2  9 14 26 29 31 
 1 10 14 26 29 31 
 4  6 15 26 29 31 
 3  7 15 26 29 31 
 2  8 15 26 29 31 
 1  9 15 26 29 31 
 4  5 16 26 29 31 
 3  6 16 26 29 31 
 2  7 16 26 29 31 
 1  8 16 26 29 31 
 3  5 17 26 29 31 
 2  6 17 26 29 31 
 1  7 17 26 29 31 
 3  4 18 26 29 31 
 2  5 18 26 29 31 
 1  6 18 26 29 31 
 2  4 19 26 29 31 
 1  5 19 26 29 31 
 2  3 20 26 29 31 
 1  4 20 26 29 31 
 1  3 21 26 29 31 
 1  2 22 26 29 31 
 7  8  9 27 29 31 
 6  8 10 27 29 31 
 5  9 10 27 29 31 
 6  7 11 27 29 31 
 5  8 11 27 29 31 
 4  9 11 27 29 31 
 3 10 11 27 29 31 
 5  7 12 27 29 31 
 4  8 12 27 29 31 
 3  9 12 27 29 31 
 2 10 12 27 29 31 
 1 11 12 27 29 31 
 5  6 13 27 29 31 
 4  7 13 27 29 31 
 3  8 13 27 29 31 
 2  9 13 27 29 31 
 1 10 13 27 29 31 
 4  6 14 27 29 31 
 3  7 14 27 29 31 
 2  8 14 27 29 31 
 1  9 14 27 29 31 
 4  5 15 27 29 31 
 3  6 15 27 29 31 
 2  7 15 27 29 31 
 1  8 15 27 29 31 
 3  5 16 27 29 31 
 2  6 16 27 29 31 
 1  7 16 27 29 31 
 3  4 17 27 29 31 
 2  5 17 27 29 31 
 1  6 17 27 29 31 
 2  4 18 27 29 31 
 1  5 18 27 29 31 
 2  3 19 27 29 31 
 1  4 19 27 29 31 
 1  3 20 27 29 31 
 1  2 21 27 29 31 
 6  8  9 28 29 31 
 6  7 10 28 29 31 
 5  8 10 28 29 31 
 4  9 10 28 29 31 
 5  7 11 28 29 31 
 4  8 11 28 29 31 
 3  9 11 28 29 31 
 2 10 11 28 29 31 
 5  6 12 28 29 31 
 4  7 12 28 29 31 
 3  8 12 28 29 31 
 2  9 12 28 29 31 
 1 10 12 28 29 31 
 4  6 13 28 29 31 
 3  7 13 28 29 31 
 2  8 13 28 29 31 
 1  9 13 28 29 31 
 4  5 14 28 29 31 
 3  6 14 28 29 31 
 2  7 14 28 29 31 
 1  8 14 28 29 31 
 3  5 15 28 29 31 
 2  6 15 28 29 31 
 1  7 15 28 29 31 
 3  4 16 28 29 31 
 2  5 16 28 29 31 
 1  6 16 28 29 31 
 2  4 17 28 29 31 
 1  5 17 28 29 31 
 2  3 18 28 29 31 
 1  4 18 28 29 31 
 1  3 19 28 29 31 
 1  2 20 28 29 31 
11 12 13 14 30 31 
10 12 13 15 30 31 
10 11 14 15 30 31 
 9 12 14 15 30 31 
 8 13 14 15 30 31 
10 11 13 16 30 31 
 9 12 13 16 30 31 
 9 11 14 16 30 31 
 8 12 14 16 30 31 
 7 13 14 16 30 31 
 9 10 15 16 30 31 
 8 11 15 16 30 31 
 7 12 15 16 30 31 
 6 13 15 16 30 31 
 5 14 15 16 30 31 
10 11 12 17 30 31 
 9 11 13 17 30 31 
 8 12 13 17 30 31 
 9 10 14 17 30 31 
 8 11 14 17 30 31 
 7 12 14 17 30 31 
 6 13 14 17 30 31 
 8 10 15 17 30 31 
 7 11 15 17 30 31 
 6 12 15 17 30 31 
 5 13 15 17 30 31 
 4 14 15 17 30 31 
 8  9 16 17 30 31 
 7 10 16 17 30 31 
 6 11 16 17 30 31 
 5 12 16 17 30 31 
 4 13 16 17 30 31 
 3 14 16 17 30 31 
 2 15 16 17 30 31 
 9 11 12 18 30 31 
 9 10 13 18 30 31 
 8 11 13 18 30 31 
 7 12 13 18 30 31 
 8 10 14 18 30 31 
 7 11 14 18 30 31 
 6 12 14 18 30 31 
 5 13 14 18 30 31 
 8  9 15 18 30 31 
 7 10 15 18 30 31 
 6 11 15 18 30 31 
 5 12 15 18 30 31 
 4 13 15 18 30 31 
 3 14 15 18 30 31 
 7  9 16 18 30 31 
 6 10 16 18 30 31 
 5 11 16 18 30 31 
 4 12 16 18 30 31 
 3 13 16 18 30 31 
 2 14 16 18 30 31 
 1 15 16 18 30 31 
 7  8 17 18 30 31 
 6  9 17 18 30 31 
 5 10 17 18 30 31 
 4 11 17 18 30 31 
 3 12 17 18 30 31 
 2 13 17 18 30 31 
 1 14 17 18 30 31 
 9 10 12 19 30 31 
 8 11 12 19 30 31 
 8 10 13 19 30 31 
 7 11 13 19 30 31 
 6 12 13 19 30 31 
 8  9 14 19 30 31 
 7 10 14 19 30 31 
 6 11 14 19 30 31 
 5 12 14 19 30 31 
 4 13 14 19 30 31 
 7  9 15 19 30 31 
 6 10 15 19 30 31 
 5 11 15 19 30 31 
 4 12 15 19 30 31 
 3 13 15 19 30 31 
 2 14 15 19 30 31 
 7  8 16 19 30 31 
 6  9 16 19 30 31 
 5 10 16 19 30 31 
 4 11 16 19 30 31 
 3 12 16 19 30 31 
 2 13 16 19 30 31 
 1 14 16 19 30 31 
 6  8 17 19 30 31 
 5  9 17 19 30 31 
 4 10 17 19 30 31 
 3 11 17 19 30 31 
 2 12 17 19 30 31 
 1 13 17 19 30 31 
 6  7 18 19 30 31 
 5  8 18 19 30 31 
 4  9 18 19 30 31 
 3 10 18 19 30 31 
 2 11 18 19 30 31 
 1 12 18 19 30 31 
 9 10 11 20 30 31 
 8 10 12 20 30 31 
 7 11 12 20 30 31 
 8  9 13 20 30 31 
 7 10 13 20 30 31 
 6 11 13 20 30 31 
 5 12 13 20 30 31 
 7  9 14 20 30 31 
 6 10 14 20 30 31 
 5 11 14 20 30 31 
 4 12 14 20 30 31 
 3 13 14 20 30 31 
 7  8 15 20 30 31 
 6  9 15 20 30 31 
 5 10 15 20 30 31 
 4 11 15 20 30 31 
 3 12 15 20 30 31 
 2 13 15 20 30 31 
 1 14 15 20 30 31 
 6  8 16 20 30 31 
 5  9 16 20 30 31 
 4 10 16 20 30 31 
 3 11 16 20 30 31 
 2 12 16 20 30 31 
 1 13 16 20 30 31 
 6  7 17 20 30 31 
 5  8 17 20 30 31 
 4  9 17 20 30 31 
 3 10 17 20 30 31 
 2 11 17 20 30 31 
 1 12 17 20 30 31 
 5  7 18 20 30 31 
 4  8 18 20 30 31 
 3  9 18 20 30 31 
 2 10 18 20 30 31 
 1 11 18 20 30 31 
 5  6 19 20 30 31 
 4  7 19 20 30 31 
 3  8 19 20 30 31 
 2  9 19 20 30 31 
 1 10 19 20 30 31 
 8 10 11 21 30 31 
 8  9 12 21 30 31 
 7 10 12 21 30 31 
 6 11 12 21 30 31 
 7  9 13 21 30 31 
 6 10 13 21 30 31 
 5 11 13 21 30 31 
 4 12 13 21 30 31 
 7  8 14 21 30 31 
 6  9 14 21 30 31 
 5 10 14 21 30 31 
 4 11 14 21 30 31 
 3 12 14 21 30 31 
 2 13 14 21 30 31 
 6  8 15 21 30 31 
 5  9 15 21 30 31 
 4 10 15 21 30 31 
 3 11 15 21 30 31 
 2 12 15 21 30 31 
 1 13 15 21 30 31 
 6  7 16 21 30 31 
 5  8 16 21 30 31 
 4  9 16 21 30 31 
 3 10 16 21 30 31 
 2 11 16 21 30 31 
 1 12 16 21 30 31 
 5  7 17 21 30 31 
 4  8 17 21 30 31 
 3  9 17 21 30 31 
 2 10 17 21 30 31 
 1 11 17 21 30 31 
 5  6 18 21 30 31 
 4  7 18 21 30 31 
 3  8 18 21 30 31 
 2  9 18 21 30 31 
 1 10 18 21 30 31 
 4  6 19 21 30 31 
 3  7 19 21 30 31 
 2  8 19 21 30 31 
 1  9 19 21 30 31 
 4  5 20 21 30 31 
 3  6 20 21 30 31 
 2  7 20 21 30 31 
 1  8 20 21 30 31 
 8  9 11 22 30 31 
 7 10 11 22 30 31 
 7  9 12 22 30 31 
 6 10 12 22 30 31 
 5 11 12 22 30 31 
 7  8 13 22 30 31 
 6  9 13 22 30 31 
 5 10 13 22 30 31 
 4 11 13 22 30 31 
 3 12 13 22 30 31 
 6  8 14 22 30 31 
 5  9 14 22 30 31 
 4 10 14 22 30 31 
 3 11 14 22 30 31 
 2 12 14 22 30 31 
 1 13 14 22 30 31 
 6  7 15 22 30 31 
 5  8 15 22 30 31 
 4  9 15 22 30 31 
 3 10 15 22 30 31 
 2 11 15 22 30 31 
 1 12 15 22 30 31 
 5  7 16 22 30 31 
 4  8 16 22 30 31 
 3  9 16 22 30 31 
 2 10 16 22 30 31 
 1 11 16 22 30 31 
 5  6 17 22 30 31 
 4  7 17 22 30 31 
 3  8 17 22 30 31 
 2  9 17 22 30 31 
 1 10 17 22 30 31 
 4  6 18 22 30 31 
 3  7 18 22 30 31 
 2  8 18 22 30 31 
 1  9 18 22 30 31 
 4  5 19 22 30 31 
 3  6 19 22 30 31 
 2  7 19 22 30 31 
 1  8 19 22 30 31 
 3  5 20 22 30 31 
 2  6 20 22 30 31 
 1  7 20 22 30 31 
 3  4 21 22 30 31 
 2  5 21 22 30 31 
 1  6 21 22 30 31 
 8  9 10 23 30 31 
 7  9 11 23 30 31 
 6 10 11 23 30 31 
 7  8 12 23 30 31 
 6  9 12 23 30 31 
 5 10 12 23 30 31 
 4 11 12 23 30 31 
 6  8 13 23 30 31 
 5  9 13 23 30 31 
 4 10 13 23 30 31 
 3 11 13 23 30 31 
 2 12 13 23 30 31 
 6  7 14 23 30 31 
 5  8 14 23 30 31 
 4  9 14 23 30 31 
 3 10 14 23 30 31 
 2 11 14 23 30 31 
 1 12 14 23 30 31 
 5  7 15 23 30 31 
 4  8 15 23 30 31 
 3  9 15 23 30 31 
 2 10 15 23 30 31 
 1 11 15 23 30 31 
 5  6 16 23 30 31 
 4  7 16 23 30 31 
 3  8 16 23 30 31 
 2  9 16 23 30 31 
 1 10 16 23 30 31 
 4  6 17 23 30 31 
 3  7 17 23 30 31 
 2  8 17 23 30 31 
 1  9 17 23 30 31 
 4  5 18 23 30 31 
 3  6 18 23 30 31 
 2  7 18 23 30 31 
 1  8 18 23 30 31 
 3  5 19 23 30 31 
 2  6 19 23 30 31 
 1  7 19 23 30 31 
 3  4 20 23 30 31 
 2  5 20 23 30 31 
 1  6 20 23 30 31 
 2  4 21 23 30 31 
 1  5 21 23 30 31 
 2  3 22 23 30 31 
 1  4 22 23 30 31 
 7  9 10 24 30 31 
 7  8 11 24 30 31 
 6  9 11 24 30 31 
 5 10 11 24 30 31 
 6  8 12 24 30 31 
 5  9 12 24 30 31 
 4 10 12 24 30 31 
 3 11 12 24 30 31 
 6  7 13 24 30 31 
 5  8 13 24 30 31 
 4  9 13 24 30 31 
 3 10 13 24 30 31 
 2 11 13 24 30 31 
 1 12 13 24 30 31 
 5  7 14 24 30 31 
 4  8 14 24 30 31 
 3  9 14 24 30 31 
 2 10 14 24 30 31 
 1 11 14 24 30 31 
 5  6 15 24 30 31 
 4  7 15 24 30 31 
 3  8 15 24 30 31 
 2  9 15 24 30 31 
 1 10 15 24 30 31 
 4  6 16 24 30 31 
 3  7 16 24 30 31 
 2  8 16 24 30 31 
 1  9 16 24 30 31 
 4  5 17 24 30 31 
 3  6 17 24 30 31 
 2  7 17 24 30 31 
 1  8 17 24 30 31 
 3  5 18 24 30 31 
 2  6 18 24 30 31 
 1  7 18 24 30 31 
 3  4 19 24 30 31 
 2  5 19 24 30 31 
 1  6 19 24 30 31 
 2  4 20 24 30 31 
 1  5 20 24 30 31 
 2  3 21 24 30 31 
 1  4 21 24 30 31 
 1  3 22 24 30 31 
 1  2 23 24 30 31 
 7  8 10 25 30 31 
 6  9 10 25 30 31 
 6  8 11 25 30 31 
 5  9 11 25 30 31 
 4 10 11 25 30 31 
 6  7 12 25 30 31 
 5  8 12 25 30 31 
 4  9 12 25 30 31 
 3 10 12 25 30 31 
 2 11 12 25 30 31 
 5  7 13 25 30 31 
 4  8 13 25 30 31 
 3  9 13 25 30 31 
 2 10 13 25 30 31 
 1 11 13 25 30 31 
 5  6 14 25 30 31 
 4  7 14 25 30 31 
 3  8 14 25 30 31 
 2  9 14 25 30 31 
 1 10 14 25 30 31 
 4  6 15 25 30 31 
 3  7 15 25 30 31 
 2  8 15 25 30 31 
 1  9 15 25 30 31 
 4  5 16 25 30 31 
 3  6 16 25 30 31 
 2  7 16 25 30 31 
 1  8 16 25 30 31 
 3  5 17 25 30 31 
 2  6 17 25 30 31 
 1  7 17 25 30 31 
 3  4 18 25 30 31 
 2  5 18 25 30 31 
 1  6 18 25 30 31 
 2  4 19 25 30 31 
 1  5 19 25 30 31 
 2  3 20 25 30 31 
 1  4 20 25 30 31 
 1  3 21 25 30 31 
 1  2 22 25 30 31 
 7  8  9 26 30 31 
 6  8 10 26 30 31 
 5  9 10 26 30 31 
 6  7 11 26 30 31 
 5  8 11 26 30 31 
 4  9 11 26 30 31 
 3 10 11 26 30 31 
 5  7 12 26 30 31 
 4  8 12 26 30 31 
 3  9 12 26 30 31 
 2 10 12 26 30 31 
 1 11 12 26 30 31 
 5  6 13 26 30 31 
 4  7 13 26 30 31 
 3  8 13 26 30 31 
 2  9 13 26 30 31 
 1 10 13 26 30 31 
 4  6 14 26 30 31 
 3  7 14 26 30 31 
 2  8 14 26 30 31 
 1  9 14 26 30 31 
 4  5 15 26 30 31 
 3  6 15 26 30 31 
 2  7 15 26 30 31 
 1  8 15 26 30 31 
 3  5 16 26 30 31 
 2  6 16 26 30 31 
 1  7 16 26 30 31 
 3  4 17 26 30 31 
 2  5 17 26 30 31 
 1  6 17 26 30 31 
 2  4 18 26 30 31 
 1  5 18 26 30 31 
 2  3 19 26 30 31 
 1  4 19 26 30 31 
 1  3 20 26 30 31 
 1  2 21 26 30 31 
 6  8  9 27 30 31 
 6  7 10 27 30 31 
 5  8 10 27 30 31 
 4  9 10 27 30 31 
 5  7 11 27 30 31 
 4  8 11 27 30 31 
 3  9 11 27 30 31 
 2 10 11 27 30 31 
 5  6 12 27 30 31 
 4  7 12 27 30 31 
 3  8 12 27 30 31 
 2  9 12 27 30 31 
 1 10 12 27 30 31 
 4  6 13 27 30 31 
 3  7 13 27 30 31 
 2  8 13 27 30 31 
 1  9 13 27 30 31 
 4  5 14 27 30 31 
 3  6 14 27 30 31 
 2  7 14 27 30 31 
 1  8 14 27 30 31 
 3  5 15 27 30 31 
 2  6 15 27 30 31 
 1  7 15 27 30 31 
 3  4 16 27 30 31 
 2  5 16 27 30 31 
 1  6 16 27 30 31 
 2  4 17 27 30 31 
 1  5 17 27 30 31 
 2  3 18 27 30 31 
 1  4 18 27 30 31 
 1  3 19 27 30 31 
 1  2 20 27 30 31 
 6  7  9 28 30 31 
 5  8  9 28 30 31 
 5  7 10 28 30 31 
 4  8 10 28 30 31 
 3  9 10 28 30 31 
 5  6 11 28 30 31 
 4  7 11 28 30 31 
 3  8 11 28 30 31 
 2  9 11 28 30 31 
 1 10 11 28 30 31 
 4  6 12 28 30 31 
 3  7 12 28 30 31 
 2  8 12 28 30 31 
 1  9 12 28 30 31 
 4  5 13 28 30 31 
 3  6 13 28 30 31 
 2  7 13 28 30 31 
 1  8 13 28 30 31 
 3  5 14 28 30 31 
 2  6 14 28 30 31 
 1  7 14 28 30 31 
 3  4 15 28 30 31 
 2  5 15 28 30 31 
 1  6 15 28 30 31 
 2  4 16 28 30 31 
 1  5 16 28 30 31 
 2  3 17 28 30 31 
 1  4 17 28 30 31 
 1  3 18 28 30 31 
 1  2 19 28 30 31 
 6  7  8 29 30 31 
 5  7  9 29 30 31 
 4  8  9 29 30 31 
 5  6 10 29 30 31 
 4  7 10 29 30 31 
 3  8 10 29 30 31 
 2  9 10 29 30 31 
 4  6 11 29 30 31 
 3  7 11 29 30 31 
 2  8 11 29 30 31 
 1  9 11 29 30 31 
 4  5 12 29 30 31 
 3  6 12 29 30 31 
 2  7 12 29 30 31 
 1  8 12 29 30 31 
 3  5 13 29 30 31 
 2  6 13 29 30 31 
 1  7 13 29 30 31 
 3  4 14 29 30 31 
 2  5 14 29 30 31 
 1  6 14 29 30 31 
 2  4 15 29 30 31 
 1  5 15 29 30 31 
 2  3 16 29 30 31 
 1  4 16 29 30 31 
 1  3 17 29 30 31 
 1  2 18 29 30 31 
13 15 16 17 18 32 
13 14 16 17 19 32 
12 15 16 17 19 32 
13 14 15 18 19 32 
12 14 16 18 19 32 
11 15 16 18 19 32 
12 13 17 18 19 32 
11 14 17 18 19 32 
10 15 17 18 19 32 
 9 16 17 18 19 32 
13 14 15 17 20 32 
12 14 16 17 20 32 
11 15 16 17 20 32 
12 14 15 18 20 32 
12 13 16 18 20 32 
11 14 16 18 20 32 
10 15 16 18 20 32 
11 13 17 18 20 32 
10 14 17 18 20 32 
 9 15 17 18 20 32 
 8 16 17 18 20 32 
12 13 15 19 20 32 
11 14 15 19 20 32 
11 13 16 19 20 32 
10 14 16 19 20 32 
 9 15 16 19 20 32 
11 12 17 19 20 32 
10 13 17 19 20 32 
 9 14 17 19 20 32 
 8 15 17 19 20 32 
 7 16 17 19 20 32 
10 12 18 19 20 32 
 9 13 18 19 20 32 
 8 14 18 19 20 32 
 7 15 18 19 20 32 
 6 16 18 19 20 32 
 5 17 18 19 20 32 
13 14 15 16 21 32 
12 14 15 17 21 32 
12 13 16 17 21 32 
11 14 16 17 21 32 
10 15 16 17 21 32 
12 13 15 18 21 32 
11 14 15 18 21 32 
11 13 16 18 21 32 
10 14 16 18 21 32 
 9 15 16 18 21 32 
11 12 17 18 21 32 
10 13 17 18 21 32 
 9 14 17 18 21 32 
 8 15 17 18 21 32 
 7 16 17 18 21 32 
12 13 14 19 21 32 
11 13 15 19 21 32 
10 14 15 19 21 32 
11 12 16 19 21 32 
10 13 16 19 21 32 
 9 14 16 19 21 32 
 8 15 16 19 21 32 
10 12 17 19 21 32 
 9 13 17 19 21 32 
 8 14 17 19 21 32 
 7 15 17 19 21 32 
 6 16 17 19 21 32 
10 11 18 19 21 32 
 9 12 18 19 21 32 
 8 13 18 19 21 32 
 7 14 18 19 21 32 
 6 15 18 19 21 32 
 5 16 18 19 21 32 
 4 17 18 19 21 32 
11 13 14 20 21 32 
11 12 15 20 21 32 
10 13 15 20 21 32 
 9 14 15 20 21 32 
10 12 16 20 21 32 
 9 13 16 20 21 32 
 8 14 16 20 21 32 
 7 15 16 20 21 32 
10 11 17 20 21 32 
 9 12 17 20 21 32 
 8 13 17 20 21 32 
 7 14 17 20 21 32 
 6 15 17 20 21 32 
 5 16 17 20 21 32 
 9 11 18 20 21 32 
 8 12 18 20 21 32 
 7 13 18 20 21 32 
 6 14 18 20 21 32 
 5 15 18 20 21 32 
 4 16 18 20 21 32 
 3 17 18 20 21 32 
 9 10 19 20 21 32 
 8 11 19 20 21 32 
 7 12 19 20 21 32 
 6 13 19 20 21 32 
 5 14 19 20 21 32 
 4 15 19 20 21 32 
 3 16 19 20 21 32 
 2 17 19 20 21 32 
 1 18 19 20 21 32 
12 14 15 16 22 32 
12 13 15 17 22 32 
11 14 15 17 22 32 
11 13 16 17 22 32 
10 14 16 17 22 32 
 9 15 16 17 22 32 
12 13 14 18 22 32 
11 13 15 18 22 32 
10 14 15 18 22 32 
11 12 16 18 22 32 
10 13 16 18 22 32 
 9 14 16 18 22 32 
 8 15 16 18 22 32 
10 12 17 18 22 32 
 9 13 17 18 22 32 
 8 14 17 18 22 32 
 7 15 17 18 22 32 
 6 16 17 18 22 32 
11 13 14 19 22 32 
11 12 15 19 22 32 
10 13 15 19 22 32 
 9 14 15 19 22 32 
10 12 16 19 22 32 
 9 13 16 19 22 32 
 8 14 16 19 22 32 
 7 15 16 19 22 32 
10 11 17 19 22 32 
 9 12 17 19 22 32 
 8 13 17 19 22 32 
 7 14 17 19 22 32 
 6 15 17 19 22 32 
 5 16 17 19 22 32 
 9 11 18 19 22 32 
 8 12 18 19 22 32 
 7 13 18 19 22 32 
 6 14 18 19 22 32 
 5 15 18 19 22 32 
 4 16 18 19 22 32 
 3 17 18 19 22 32 
11 12 14 20 22 32 
10 13 14 20 22 32 
10 12 15 20 22 32 
 9 13 15 20 22 32 
 8 14 15 20 22 32 
10 11 16 20 22 32 
 9 12 16 20 22 32 
 8 13 16 20 22 32 
 7 14 16 20 22 32 
 6 15 16 20 22 32 
 9 11 17 20 22 32 
 8 12 17 20 22 32 
 7 13 17 20 22 32 
 6 14 17 20 22 32 
 5 15 17 20 22 32 
 4 16 17 20 22 32 
 9 10 18 20 22 32 
 8 11 18 20 22 32 
 7 12 18 20 22 32 
 6 13 18 20 22 32 
 5 14 18 20 22 32 
 4 15 18 20 22 32 
 3 16 18 20 22 32 
 2 17 18 20 22 32 
 8 10 19 20 22 32 
 7 11 19 20 22 32 
 6 12 19 20 22 32 
 5 13 19 20 22 32 
 4 14 19 20 22 32 
 3 15 19 20 22 32 
 2 16 19 20 22 32 
 1 17 19 20 22 32 
11 12 13 21 22 32 
10 12 14 21 22 32 
 9 13 14 21 22 32 
10 11 15 21 22 32 
 9 12 15 21 22 32 
 8 13 15 21 22 32 
 7 14 15 21 22 32 
 9 11 16 21 22 32 
 8 12 16 21 22 32 
 7 13 16 21 22 32 
 6 14 16 21 22 32 
 5 15 16 21 22 32 
 9 10 17 21 22 32 
 8 11 17 21 22 32 
 7 12 17 21 22 32 
 6 13 17 21 22 32 
 5 14 17 21 22 32 
 4 15 17 21 22 32 
 3 16 17 21 22 32 
 8 10 18 21 22 32 
 7 11 18 21 22 32 
 6 12 18 21 22 32 
 5 13 18 21 22 32 
 4 14 18 21 22 32 
 3 15 18 21 22 32 
 2 16 18 21 22 32 
 1 17 18 21 22 32 
 8  9 19 21 22 32 
 7 10 19 21 22 32 
 6 11 19 21 22 32 
 5 12 19 21 22 32 
 4 13 19 21 22 32 
 3 14 19 21 22 32 
 2 15 19 21 22 32 
 1 16 19 21 22 32 
 7  9 20 21 22 32 
 6 10 20 21 22 32 
 5 11 20 21 22 32 
 4 12 20 21 22 32 
 3 13 20 21 22 32 
 2 14 20 21 22 32 
 1 15 20 21 22 32 
12 13 15 16 23 32 
11 14 15 16 23 32 
12 13 14 17 23 32 
11 13 15 17 23 32 
10 14 15 17 23 32 
11 12 16 17 23 32 
10 13 16 17 23 32 
 9 14 16 17 23 32 
 8 15 16 17 23 32 
11 13 14 18 23 32 
11 12 15 18 23 32 
10 13 15 18 23 32 
 9 14 15 18 23 32 
10 12 16 18 23 32 
 9 13 16 18 23 32 
 8 14 16 18 23 32 
 7 15 16 18 23 32 
10 11 17 18 23 32 
 9 12 17 18 23 32 
 8 13 17 18 23 32 
 7 14 17 18 23 32 
 6 15 17 18 23 32 
 5 16 17 18 23 32 
11 12 14 19 23 32 
10 13 14 19 23 32 
10 12 15 19 23 32 
 9 13 15 19 23 32 
 8 14 15 19 23 32 
10 11 16 19 23 32 
 9 12 16 19 23 32 
 8 13 16 19 23 32 
 7 14 16 19 23 32 
 6 15 16 19 23 32 
 9 11 17 19 23 32 
 8 12 17 19 23 32 
 7 13 17 19 23 32 
 6 14 17 19 23 32 
 5 15 17 19 23 32 
 4 16 17 19 23 32 
 9 10 18 19 23 32 
 8 11 18 19 23 32 
 7 12 18 19 23 32 
 6 13 18 19 23 32 
 5 14 18 19 23 32 
 4 15 18 19 23 32 
 3 16 18 19 23 32 
 2 17 18 19 23 32 
11 12 13 20 23 32 
10 12 14 20 23 32 
 9 13 14 20 23 32 
10 11 15 20 23 32 
 9 12 15 20 23 32 
 8 13 15 20 23 32 
 7 14 15 20 23 32 
 9 11 16 20 23 32 
 8 12 16 20 23 32 
 7 13 16 20 23 32 
 6 14 16 20 23 32 
 5 15 16 20 23 32 
 9 10 17 20 23 32 
 8 11 17 20 23 32 
 7 12 17 20 23 32 
 6 13 17 20 23 32 
 5 14 17 20 23 32 
 4 15 17 20 23 32 
 3 16 17 20 23 32 
 8 10 18 20 23 32 
 7 11 18 20 23 32 
 6 12 18 20 23 32 
 5 13 18 20 23 32 
 4 14 18 20 23 32 
 3 15 18 20 23 32 
 2 16 18 20 23 32 
 1 17 18 20 23 32 
 8  9 19 20 23 32 
 7 10 19 20 23 32 
 6 11 19 20 23 32 
 5 12 19 20 23 32 
 4 13 19 20 23 32 
 3 14 19 20 23 32 
 2 15 19 20 23 32 
 1 16 19 20 23 32 
10 12 13 21 23 32 
10 11 14 21 23 32 
 9 12 14 21 23 32 
 8 13 14 21 23 32 
 9 11 15 21 23 32 
 8 12 15 21 23 32 
 7 13 15 21 23 32 
 6 14 15 21 23 32 
 9 10 16 21 23 32 
 8 11 16 21 23 32 
 7 12 16 21 23 32 
 6 13 16 21 23 32 
 5 14 16 21 23 32 
 4 15 16 21 23 32 
 8 10 17 21 23 32 
 7 11 17 21 23 32 
 6 12 17 21 23 32 
 5 13 17 21 23 32 
 4 14 17 21 23 32 
 3 15 17 21 23 32 
 2 16 17 21 23 32 
 8  9 18 21 23 32 
 7 10 18 21 23 32 
 6 11 18 21 23 32 
 5 12 18 21 23 32 
 4 13 18 21 23 32 
 3 14 18 21 23 32 
 2 15 18 21 23 32 
 1 16 18 21 23 32 
 7  9 19 21 23 32 
 6 10 19 21 23 32 
 5 11 19 21 23 32 
 4 12 19 21 23 32 
 3 13 19 21 23 32 
 2 14 19 21 23 32 
 1 15 19 21 23 32 
 7  8 20 21 23 32 
 6  9 20 21 23 32 
 5 10 20 21 23 32 
 4 11 20 21 23 32 
 3 12 20 21 23 32 
 2 13 20 21 23 32 
 1 14 20 21 23 32 
10 11 13 22 23 32 
 9 12 13 22 23 32 
 9 11 14 22 23 32 
 8 12 14 22 23 32 
 7 13 14 22 23 32 
 9 10 15 22 23 32 
 8 11 15 22 23 32 
 7 12 15 22 23 32 
 6 13 15 22 23 32 
 5 14 15 22 23 32 
 8 10 16 22 23 32 
 7 11 16 22 23 32 
 6 12 16 22 23 32 
 5 13 16 22 23 32 
 4 14 16 22 23 32 
 3 15 16 22 23 32 
 8  9 17 22 23 32 
 7 10 17 22 23 32 
 6 11 17 22 23 32 
 5 12 17 22 23 32 
 4 13 17 22 23 32 
 3 14 17 22 23 32 
 2 15 17 22 23 32 
 1 16 17 22 23 32 
 7  9 18 22 23 32 
 6 10 18 22 23 32 
 5 11 18 22 23 32 
 4 12 18 22 23 32 
 3 13 18 22 23 32 
 2 14 18 22 23 32 
 1 15 18 22 23 32 
 7  8 19 22 23 32 
 6  9 19 22 23 32 
 5 10 19 22 23 32 
 4 11 19 22 23 32 
 3 12 19 22 23 32 
 2 13 19 22 23 32 
 1 14 19 22 23 32 
 6  8 20 22 23 32 
 5  9 20 22 23 32 
 4 10 20 22 23 32 
 3 11 20 22 23 32 
 2 12 20 22 23 32 
 1 13 20 22 23 32 
 6  7 21 22 23 32 
 5  8 21 22 23 32 
 4  9 21 22 23 32 
 3 10 21 22 23 32 
 2 11 21 22 23 32 
 1 12 21 22 23 32 
12 13 14 16 24 32 
11 13 15 16 24 32 
10 14 15 16 24 32 
11 13 14 17 24 32 
11 12 15 17 24 32 
10 13 15 17 24 32 
 9 14 15 17 24 32 
10 12 16 17 24 32 
 9 13 16 17 24 32 
 8 14 16 17 24 32 
 7 15 16 17 24 32 
11 12 14 18 24 32 
10 13 14 18 24 32 
10 12 15 18 24 32 
 9 13 15 18 24 32 
 8 14 15 18 24 32 
10 11 16 18 24 32 
 9 12 16 18 24 32 
 8 13 16 18 24 32 
 7 14 16 18 24 32 
 6 15 16 18 24 32 
 9 11 17 18 24 32 
 8 12 17 18 24 32 
 7 13 17 18 24 32 
 6 14 17 18 24 32 
 5 15 17 18 24 32 
 4 16 17 18 24 32 
11 12 13 19 24 32 
10 12 14 19 24 32 
 9 13 14 19 24 32 
10 11 15 19 24 32 
 9 12 15 19 24 32 
 8 13 15 19 24 32 
 7 14 15 19 24 32 
 9 11 16 19 24 32 
 8 12 16 19 24 32 
 7 13 16 19 24 32 
 6 14 16 19 24 32 
 5 15 16 19 24 32 
 9 10 17 19 24 32 
 8 11 17 19 24 32 
 7 12 17 19 24 32 
 6 13 17 19 24 32 
 5 14 17 19 24 32 
 4 15 17 19 24 32 
 3 16 17 19 24 32 
 8 10 18 19 24 32 
 7 11 18 19 24 32 
 6 12 18 19 24 32 
 5 13 18 19 24 32 
 4 14 18 19 24 32 
 3 15 18 19 24 32 
 2 16 18 19 24 32 
 1 17 18 19 24 32 
10 12 13 20 24 32 
10 11 14 20 24 32 
 9 12 14 20 24 32 
 8 13 14 20 24 32 
 9 11 15 20 24 32 
 8 12 15 20 24 32 
 7 13 15 20 24 32 
 6 14 15 20 24 32 
 9 10 16 20 24 32 
 8 11 16 20 24 32 
 7 12 16 20 24 32 
 6 13 16 20 24 32 
 5 14 16 20 24 32 
 4 15 16 20 24 32 
 8 10 17 20 24 32 
 7 11 17 20 24 32 
 6 12 17 20 24 32 
 5 13 17 20 24 32 
 4 14 17 20 24 32 
 3 15 17 20 24 32 
 2 16 17 20 24 32 
 8  9 18 20 24 32 
 7 10 18 20 24 32 
 6 11 18 20 24 32 
 5 12 18 20 24 32 
 4 13 18 20 24 32 
 3 14 18 20 24 32 
 2 15 18 20 24 32 
 1 16 18 20 24 32 
 7  9 19 20 24 32 
 6 10 19 20 24 32 
 5 11 19 20 24 32 
 4 12 19 20 24 32 
 3 13 19 20 24 32 
 2 14 19 20 24 32 
 1 15 19 20 24 32 
10 11 13 21 24 32 
 9 12 13 21 24 32 
 9 11 14 21 24 32 
 8 12 14 21 24 32 
 7 13 14 21 24 32 
 9 10 15 21 24 32 
 8 11 15 21 24 32 
 7 12 15 21 24 32 
 6 13 15 21 24 32 
 5 14 15 21 24 32 
 8 10 16 21 24 32 
 7 11 16 21 24 32 
 6 12 16 21 24 32 
 5 13 16 21 24 32 
 4 14 16 21 24 32 
 3 15 16 21 24 32 
 8  9 17 21 24 32 
 7 10 17 21 24 32 
 6 11 17 21 24 32 
 5 12 17 21 24 32 
 4 13 17 21 24 32 
 3 14 17 21 24 32 
 2 15 17 21 24 32 
 1 16 17 21 24 32 
 7  9 18 21 24 32 
 6 10 18 21 24 32 
 5 11 18 21 24 32 
 4 12 18 21 24 32 
 3 13 18 21 24 32 
 2 14 18 21 24 32 
 1 15 18 21 24 32 
 7  8 19 21 24 32 
 6  9 19 21 24 32 
 5 10 19 21 24 32 
 4 11 19 21 24 32 
 3 12 19 21 24 32 
 2 13 19 21 24 32 
 1 14 19 21 24 32 
 6  8 20 21 24 32 
 5  9 20 21 24 32 
 4 10 20 21 24 32 
 3 11 20 21 24 32 
 2 12 20 21 24 32 
 1 13 20 21 24 32 
10 11 12 22 24 32 
 9 11 13 22 24 32 
 8 12 13 22 24 32 
 9 10 14 22 24 32 
 8 11 14 22 24 32 
 7 12 14 22 24 32 
 6 13 14 22 24 32 
 8 10 15 22 24 32 
 7 11 15 22 24 32 
 6 12 15 22 24 32 
 5 13 15 22 24 32 
 4 14 15 22 24 32 
 8  9 16 22 24 32 
 7 10 16 22 24 32 
 6 11 16 22 24 32 
 5 12 16 22 24 32 
 4 13 16 22 24 32 
 3 14 16 22 24 32 
 2 15 16 22 24 32 
 7  9 17 22 24 32 
 6 10 17 22 24 32 
 5 11 17 22 24 32 
 4 12 17 22 24 32 
 3 13 17 22 24 32 
 2 14 17 22 24 32 
 1 15 17 22 24 32 
 7  8 18 22 24 32 
 6  9 18 22 24 32 
 5 10 18 22 24 32 
 4 11 18 22 24 32 
 3 12 18 22 24 32 
 2 13 18 22 24 32 
 1 14 18 22 24 32 
 6  8 19 22 24 32 
 5  9 19 22 24 32 
 4 10 19 22 24 32 
 3 11 19 22 24 32 
 2 12 19 22 24 32 
 1 13 19 22 24 32 
 6  7 20 22 24 32 
 5  8 20 22 24 32 
 4  9 20 22 24 32 
 3 10 20 22 24 32 
 2 11 20 22 24 32 
 1 12 20 22 24 32 
 5  7 21 22 24 32 
 4  8 21 22 24 32 
 3  9 21 22 24 32 
 2 10 21 22 24 32 
 1 11 21 22 24 32 
 9 11 12 23 24 32 
 9 10 13 23 24 32 
 8 11 13 23 24 32 
 7 12 13 23 24 32 
 8 10 14 23 24 32 
 7 11 14 23 24 32 
 6 12 14 23 24 32 
 5 13 14 23 24 32 
 8  9 15 23 24 32 
 7 10 15 23 24 32 
 6 11 15 23 24 32 
 5 12 15 23 24 32 
 4 13 15 23 24 32 
 3 14 15 23 24 32 
 7  9 16 23 24 32 
 6 10 16 23 24 32 
 5 11 16 23 24 32 
 4 12 16 23 24 32 
 3 13 16 23 24 32 
 2 14 16 23 24 32 
 1 15 16 23 24 32 
 7  8 17 23 24 32 
 6  9 17 23 24 32 
 5 10 17 23 24 32 
 4 11 17 23 24 32 
 3 12 17 23 24 32 
 2 13 17 23 24 32 
 1 14 17 23 24 32 
 6  8 18 23 24 32 
 5  9 18 23 24 32 
 4 10 18 23 24 32 
 3 11 18 23 24 32 
 2 12 18 23 24 32 
 1 13 18 23 24 32 
 6  7 19 23 24 32 
 5  8 19 23 24 32 
 4  9 19 23 24 32 
 3 10 19 23 24 32 
 2 11 19 23 24 32 
 1 12 19 23 24 32 
 5  7 20 23 24 32 
 4  8 20 23 24 32 
 3  9 20 23 24 32 
 2 10 20 23 24 32 
 1 11 20 23 24 32 
 5  6 21 23 24 32 
 4  7 21 23 24 32 
 3  8 21 23 24 32 
 2  9 21 23 24 32 
 1 10 21 23 24 32 
 4  6 22 23 24 32 
 3  7 22 23 24 32 
 2  8 22 23 24 32 
 1  9 22 23 24 32 
12 13 14 15 25 32 
11 13 14 16 25 32 
11 12 15 16 25 32 
10 13 15 16 25 32 
 9 14 15 16 25 32 
11 12 14 17 25 32 
10 13 14 17 25 32 
10 12 15 17 25 32 
 9 13 15 17 25 32 
 8 14 15 17 25 32 
10 11 16 17 25 32 
 9 12 16 17 25 32 
 8 13 16 17 25 32 
 7 14 16 17 25 32 
 6 15 16 17 25 32 
11 12 13 18 25 32 
10 12 14 18 25 32 
 9 13 14 18 25 32 
10 11 15 18 25 32 
 9 12 15 18 25 32 
 8 13 15 18 25 32 
 7 14 15 18 25 32 
 9 11 16 18 25 32 
 8 12 16 18 25 32 
 7 13 16 18 25 32 
 6 14 16 18 25 32 
 5 15 16 18 25 32 
 9 10 17 18 25 32 
 8 11 17 18 25 32 
 7 12 17 18 25 32 
 6 13 17 18 25 32 
 5 14 17 18 25 32 
 4 15 17 18 25 32 
 3 16 17 18 25 32 
10 12 13 19 25 32 
10 11 14 19 25 32 
 9 12 14 19 25 32 
 8 13 14 19 25 32 
 9 11 15 19 25 32 
 8 12 15 19 25 32 
 7 13 15 19 25 32 
 6 14 15 19 25 32 
 9 10 16 19 25 32 
 8 11 16 19 25 32 
 7 12 16 19 25 32 
 6 13 16 19 25 32 
 5 14 16 19 25 32 
 4 15 16 19 25 32 
 8 10 17 19 25 32 
 7 11 17 19 25 32 
 6 12 17 19 25 32 
 5 13 17 19 25 32 
 4 14 17 19 25 32 
 3 15 17 19 25 32 
 2 16 17 19 25 32 
 8  9 18 19 25 32 
 7 10 18 19 25 32 
 6 11 18 19 25 32 
 5 12 18 19 25 32 
 4 13 18 19 25 32 
 3 14 18 19 25 32 
 2 15 18 19 25 32 
 1 16 18 19 25 32 
10 11 13 20 25 32 
 9 12 13 20 25 32 
 9 11 14 20 25 32 
 8 12 14 20 25 32 
 7 13 14 20 25 32 
 9 10 15 20 25 32 
 8 11 15 20 25 32 
 7 12 15 20 25 32 
 6 13 15 20 25 32 
 5 14 15 20 25 32 
 8 10 16 20 25 32 
 7 11 16 20 25 32 
 6 12 16 20 25 32 
 5 13 16 20 25 32 
 4 14 16 20 25 32 
 3 15 16 20 25 32 
 8  9 17 20 25 32 
 7 10 17 20 25 32 
 6 11 17 20 25 32 
 5 12 17 20 25 32 
 4 13 17 20 25 32 
 3 14 17 20 25 32 
 2 15 17 20 25 32 
 1 16 17 20 25 32 
 7  9 18 20 25 32 
 6 10 18 20 25 32 
 5 11 18 20 25 32 
 4 12 18 20 25 32 
 3 13 18 20 25 32 
 2 14 18 20 25 32 
 1 15 18 20 25 32 
 7  8 19 20 25 32 
 6  9 19 20 25 32 
 5 10 19 20 25 32 
 4 11 19 20 25 32 
 3 12 19 20 25 32 
 2 13 19 20 25 32 
 1 14 19 20 25 32 
10 11 12 21 25 32 
 9 11 13 21 25 32 
 8 12 13 21 25 32 
 9 10 14 21 25 32 
 8 11 14 21 25 32 
 7 12 14 21 25 32 
 6 13 14 21 25 32 
 8 10 15 21 25 32 
 7 11 15 21 25 32 
 6 12 15 21 25 32 
 5 13 15 21 25 32 
 4 14 15 21 25 32 
 8  9 16 21 25 32 
 7 10 16 21 25 32 
 6 11 16 21 25 32 
 5 12 16 21 25 32 
 4 13 16 21 25 32 
 3 14 16 21 25 32 
 2 15 16 21 25 32 
 7  9 17 21 25 32 
 6 10 17 21 25 32 
 5 11 17 21 25 32 
 4 12 17 21 25 32 
 3 13 17 21 25 32 
 2 14 17 21 25 32 
 1 15 17 21 25 32 
 7  8 18 21 25 32 
 6  9 18 21 25 32 
 5 10 18 21 25 32 
 4 11 18 21 25 32 
 3 12 18 21 25 32 
 2 13 18 21 25 32 
 1 14 18 21 25 32 
 6  8 19 21 25 32 
 5  9 19 21 25 32 
 4 10 19 21 25 32 
 3 11 19 21 25 32 
 2 12 19 21 25 32 
 1 13 19 21 25 32 
 6  7 20 21 25 32 
 5  8 20 21 25 32 
 4  9 20 21 25 32 
 3 10 20 21 25 32 
 2 11 20 21 25 32 
 1 12 20 21 25 32 
 9 11 12 22 25 32 
 9 10 13 22 25 32 
 8 11 13 22 25 32 
 7 12 13 22 25 32 
 8 10 14 22 25 32 
 7 11 14 22 25 32 
 6 12 14 22 25 32 
 5 13 14 22 25 32 
 8  9 15 22 25 32 
 7 10 15 22 25 32 
 6 11 15 22 25 32 
 5 12 15 22 25 32 
 4 13 15 22 25 32 
 3 14 15 22 25 32 
 7  9 16 22 25 32 
 6 10 16 22 25 32 
 5 11 16 22 25 32 
 4 12 16 22 25 32 
 3 13 16 22 25 32 
 2 14 16 22 25 32 
 1 15 16 22 25 32 
 7  8 17 22 25 32 
 6  9 17 22 25 32 
 5 10 17 22 25 32 
 4 11 17 22 25 32 
 3 12 17 22 25 32 
 2 13 17 22 25 32 
 1 14 17 22 25 32 
 6  8 18 22 25 32 
 5  9 18 22 25 32 
 4 10 18 22 25 32 
 3 11 18 22 25 32 
 2 12 18 22 25 32 
 1 13 18 22 25 32 
 6  7 19 22 25 32 
 5  8 19 22 25 32 
 4  9 19 22 25 32 
 3 10 19 22 25 32 
 2 11 19 22 25 32 
 1 12 19 22 25 32 
 5  7 20 22 25 32 
 4  8 20 22 25 32 
 3  9 20 22 25 32 
 2 10 20 22 25 32 
 1 11 20 22 25 32 
 5  6 21 22 25 32 
 4  7 21 22 25 32 
 3  8 21 22 25 32 
 2  9 21 22 25 32 
 1 10 21 22 25 32 
 9 10 12 23 25 32 
 8 11 12 23 25 32 
 8 10 13 23 25 32 
 7 11 13 23 25 32 
 6 12 13 23 25 32 
 8  9 14 23 25 32 
 7 10 14 23 25 32 
 6 11 14 23 25 32 
 5 12 14 23 25 32 
 4 13 14 23 25 32 
 7  9 15 23 25 32 
 6 10 15 23 25 32 
 5 11 15 23 25 32 
 4 12 15 23 25 32 
 3 13 15 23 25 32 
 2 14 15 23 25 32 
 7  8 16 23 25 32 
 6  9 16 23 25 32 
 5 10 16 23 25 32 
 4 11 16 23 25 32 
 3 12 16 23 25 32 
 2 13 16 23 25 32 
 1 14 16 23 25 32 
 6  8 17 23 25 32 
 5  9 17 23 25 32 
 4 10 17 23 25 32 
 3 11 17 23 25 32 
 2 12 17 23 25 32 
 1 13 17 23 25 32 
 6  7 18 23 25 32 
 5  8 18 23 25 32 
 4  9 18 23 25 32 
 3 10 18 23 25 32 
 2 11 18 23 25 32 
 1 12 18 23 25 32 
 5  7 19 23 25 32 
 4  8 19 23 25 32 
 3  9 19 23 25 32 
 2 10 19 23 25 32 
 1 11 19 23 25 32 
 5  6 20 23 25 32 
 4  7 20 23 25 32 
 3  8 20 23 25 32 
 2  9 20 23 25 32 
 1 10 20 23 25 32 
 4  6 21 23 25 32 
 3  7 21 23 25 32 
 2  8 21 23 25 32 
 1  9 21 23 25 32 
 4  5 22 23 25 32 
 3  6 22 23 25 32 
 2  7 22 23 25 32 
 1  8 22 23 25 32 
 9 10 11 24 25 32 
 8 10 12 24 25 32 
 7 11 12 24 25 32 
 8  9 13 24 25 32 
 7 10 13 24 25 32 
 6 11 13 24 25 32 
 5 12 13 24 25 32 
 7  9 14 24 25 32 
 6 10 14 24 25 32 
 5 11 14 24 25 32 
 4 12 14 24 25 32 
 3 13 14 24 25 32 
 7  8 15 24 25 32 
 6  9 15 24 25 32 
 5 10 15 24 25 32 
 4 11 15 24 25 32 
 3 12 15 24 25 32 
 2 13 15 24 25 32 
 1 14 15 24 25 32 
 6  8 16 24 25 32 
 5  9 16 24 25 32 
 4 10 16 24 25 32 
 3 11 16 24 25 32 
 2 12 16 24 25 32 
 1 13 16 24 25 32 
 6  7 17 24 25 32 
 5  8 17 24 25 32 
 4  9 17 24 25 32 
 3 10 17 24 25 32 
 2 11 17 24 25 32 
 1 12 17 24 25 32 
 5  7 18 24 25 32 
 4  8 18 24 25 32 
 3  9 18 24 25 32 
 2 10 18 24 25 32 
 1 11 18 24 25 32 
 5  6 19 24 25 32 
 4  7 19 24 25 32 
 3  8 19 24 25 32 
 2  9 19 24 25 32 
 1 10 19 24 25 32 
 4  6 20 24 25 32 
 3  7 20 24 25 32 
 2  8 20 24 25 32 
 1  9 20 24 25 32 
 4  5 21 24 25 32 
 3  6 21 24 25 32 
 2  7 21 24 25 32 
 1  8 21 24 25 32 
 3  5 22 24 25 32 
 2  6 22 24 25 32 
 1  7 22 24 25 32 
 3  4 23 24 25 32 
 2  5 23 24 25 32 
 1  6 23 24 25 32 
11 13 14 15 26 32 
11 12 14 16 26 32 
10 13 14 16 26 32 
10 12 15 16 26 32 
 9 13 15 16 26 32 
 8 14 15 16 26 32 
11 12 13 17 26 32 
10 12 14 17 26 32 
 9 13 14 17 26 32 
10 11 15 17 26 32 
 9 12 15 17 26 32 
 8 13 15 17 26 32 
 7 14 15 17 26 32 
 9 11 16 17 26 32 
 8 12 16 17 26 32 
 7 13 16 17 26 32 
 6 14 16 17 26 32 
 5 15 16 17 26 32 
10 12 13 18 26 32 
10 11 14 18 26 32 
 9 12 14 18 26 32 
 8 13 14 18 26 32 
 9 11 15 18 26 32 
 8 12 15 18 26 32 
 7 13 15 18 26 32 
 6 14 15 18 26 32 
 9 10 16 18 26 32 
 8 11 16 18 26 32 
 7 12 16 18 26 32 
 6 13 16 18 26 32 
 5 14 16 18 26 32 
 4 15 16 18 26 32 
 8 10 17 18 26 32 
 7 11 17 18 26 32 
 6 12 17 18 26 32 
 5 13 17 18 26 32 
 4 14 17 18 26 32 
 3 15 17 18 26 32 
 2 16 17 18 26 32 
10 11 13 19 26 32 
 9 12 13 19 26 32 
 9 11 14 19 26 32 
 8 12 14 19 26 32 
 7 13 14 19 26 32 
 9 10 15 19 26 32 
 8 11 15 19 26 32 
 7 12 15 19 26 32 
 6 13 15 19 26 32 
 5 14 15 19 26 32 
 8 10 16 19 26 32 
 7 11 16 19 26 32 
 6 12 16 19 26 32 
 5 13 16 19 26 32 
 4 14 16 19 26 32 
 3 15 16 19 26 32 
 8  9 17 19 26 32 
 7 10 17 19 26 32 
 6 11 17 19 26 32 
 5 12 17 19 26 32 
 4 13 17 19 26 32 
 3 14 17 19 26 32 
 2 15 17 19 26 32 
 1 16 17 19 26 32 
 7  9 18 19 26 32 
 6 10 18 19 26 32 
 5 11 18 19 26 32 
 4 12 18 19 26 32 
 3 13 18 19 26 32 
 2 14 18 19 26 32 
 1 15 18 19 26 32 
10 11 12 20 26 32 
 9 11 13 20 26 32 
 8 12 13 20 26 32 
 9 10 14 20 26 32 
 8 11 14 20 26 32 
 7 12 14 20 26 32 
 6 13 14 20 26 32 
 8 10 15 20 26 32 
 7 11 15 20 26 32 
 6 12 15 20 26 32 
 5 13 15 20 26 32 
 4 14 15 20 26 32 
 8  9 16 20 26 32 
 7 10 16 20 26 32 
 6 11 16 20 26 32 
 5 12 16 20 26 32 
 4 13 16 20 26 32 
 3 14 16 20 26 32 
 2 15 16 20 26 32 
 7  9 17 20 26 32 
 6 10 17 20 26 32 
 5 11 17 20 26 32 
 4 12 17 20 26 32 
 3 13 17 20 26 32 
 2 14 17 20 26 32 
 1 15 17 20 26 32 
 7  8 18 20 26 32 
 6  9 18 20 26 32 
 5 10 18 20 26 32 
 4 11 18 20 26 32 
 3 12 18 20 26 32 
 2 13 18 20 26 32 
 1 14 18 20 26 32 
 6  8 19 20 26 32 
 5  9 19 20 26 32 
 4 10 19 20 26 32 
 3 11 19 20 26 32 
 2 12 19 20 26 32 
 1 13 19 20 26 32 
 9 11 12 21 26 32 
 9 10 13 21 26 32 
 8 11 13 21 26 32 
 7 12 13 21 26 32 
 8 10 14 21 26 32 
 7 11 14 21 26 32 
 6 12 14 21 26 32 
 5 13 14 21 26 32 
 8  9 15 21 26 32 
 7 10 15 21 26 32 
 6 11 15 21 26 32 
 5 12 15 21 26 32 
 4 13 15 21 26 32 
 3 14 15 21 26 32 
 7  9 16 21 26 32 
 6 10 16 21 26 32 
 5 11 16 21 26 32 
 4 12 16 21 26 32 
 3 13 16 21 26 32 
 2 14 16 21 26 32 
 1 15 16 21 26 32 
 7  8 17 21 26 32 
 6  9 17 21 26 32 
 5 10 17 21 26 32 
 4 11 17 21 26 32 
 3 12 17 21 26 32 
 2 13 17 21 26 32 
 1 14 17 21 26 32 
 6  8 18 21 26 32 
 5  9 18 21 26 32 
 4 10 18 21 26 32 
 3 11 18 21 26 32 
 2 12 18 21 26 32 
 1 13 18 21 26 32 
 6  7 19 21 26 32 
 5  8 19 21 26 32 
 4  9 19 21 26 32 
 3 10 19 21 26 32 
 2 11 19 21 26 32 
 1 12 19 21 26 32 
 5  7 20 21 26 32 
 4  8 20 21 26 32 
 3  9 20 21 26 32 
 2 10 20 21 26 32 
 1 11 20 21 26 32 
 9 10 12 22 26 32 
 8 11 12 22 26 32 
 8 10 13 22 26 32 
 7 11 13 22 26 32 
 6 12 13 22 26 32 
 8  9 14 22 26 32 
 7 10 14 22 26 32 
 6 11 14 22 26 32 
 5 12 14 22 26 32 
 4 13 14 22 26 32 
 7  9 15 22 26 32 
 6 10 15 22 26 32 
 5 11 15 22 26 32 
 4 12 15 22 26 32 
 3 13 15 22 26 32 
 2 14 15 22 26 32 
 7  8 16 22 26 32 
 6  9 16 22 26 32 
 5 10 16 22 26 32 
 4 11 16 22 26 32 
 3 12 16 22 26 32 
 2 13 16 22 26 32 
 1 14 16 22 26 32 
 6  8 17 22 26 32 
 5  9 17 22 26 32 
 4 10 17 22 26 32 
 3 11 17 22 26 32 
 2 12 17 22 26 32 
 1 13 17 22 26 32 
 6  7 18 22 26 32 
 5  8 18 22 26 32 
 4  9 18 22 26 32 
 3 10 18 22 26 32 
 2 11 18 22 26 32 
 1 12 18 22 26 32 
 5  7 19 22 26 32 
 4  8 19 22 26 32 
 3  9 19 22 26 32 
 2 10 19 22 26 32 
 1 11 19 22 26 32 
 5  6 20 22 26 32 
 4  7 20 22 26 32 
 3  8 20 22 26 32 
 2  9 20 22 26 32 
 1 10 20 22 26 32 
 4  6 21 22 26 32 
 3  7 21 22 26 32 
 2  8 21 22 26 32 
 1  9 21 22 26 32 
 9 10 11 23 26 32 
 8 10 12 23 26 32 
 7 11 12 23 26 32 
 8  9 13 23 26 32 
 7 10 13 23 26 32 
 6 11 13 23 26 32 
 5 12 13 23 26 32 
 7  9 14 23 26 32 
 6 10 14 23 26 32 
 5 11 14 23 26 32 
 4 12 14 23 26 32 
 3 13 14 23 26 32 
 7  8 15 23 26 32 
 6  9 15 23 26 32 
 5 10 15 23 26 32 
 4 11 15 23 26 32 
 3 12 15 23 26 32 
 2 13 15 23 26 32 
 1 14 15 23 26 32 
 6  8 16 23 26 32 
 5  9 16 23 26 32 
 4 10 16 23 26 32 
 3 11 16 23 26 32 
 2 12 16 23 26 32 
 1 13 16 23 26 32 
 6  7 17 23 26 32 
 5  8 17 23 26 32 
 4  9 17 23 26 32 
 3 10 17 23 26 32 
 2 11 17 23 26 32 
 1 12 17 23 26 32 
 5  7 18 23 26 32 
 4  8 18 23 26 32 
 3  9 18 23 26 32 
 2 10 18 23 26 32 
 1 11 18 23 26 32 
 5  6 19 23 26 32 
 4  7 19 23 26 32 
 3  8 19 23 26 32 
 2  9 19 23 26 32 
 1 10 19 23 26 32 
 4  6 20 23 26 32 
 3  7 20 23 26 32 
 2  8 20 23 26 32 
 1  9 20 23 26 32 
 4  5 21 23 26 32 
 3  6 21 23 26 32 
 2  7 21 23 26 32 
 1  8 21 23 26 32 
 3  5 22 23 26 32 
 2  6 22 23 26 32 
 1  7 22 23 26 32 
 8 10 11 24 26 32 
 8  9 12 24 26 32 
 7 10 12 24 26 32 
 6 11 12 24 26 32 
 7  9 13 24 26 32 
 6 10 13 24 26 32 
 5 11 13 24 26 32 
 4 12 13 24 26 32 
 7  8 14 24 26 32 
 6  9 14 24 26 32 
 5 10 14 24 26 32 
 4 11 14 24 26 32 
 3 12 14 24 26 32 
 2 13 14 24 26 32 
 6  8 15 24 26 32 
 5  9 15 24 26 32 
 4 10 15 24 26 32 
 3 11 15 24 26 32 
 2 12 15 24 26 32 
 1 13 15 24 26 32 
 6  7 16 24 26 32 
 5  8 16 24 26 32 
 4  9 16 24 26 32 
 3 10 16 24 26 32 
 2 11 16 24 26 32 
 1 12 16 24 26 32 
 5  7 17 24 26 32 
 4  8 17 24 26 32 
 3  9 17 24 26 32 
 2 10 17 24 26 32 
 1 11 17 24 26 32 
 5  6 18 24 26 32 
 4  7 18 24 26 32 
 3  8 18 24 26 32 
 2  9 18 24 26 32 
 1 10 18 24 26 32 
 4  6 19 24 26 32 
 3  7 19 24 26 32 
 2  8 19 24 26 32 
 1  9 19 24 26 32 
 4  5 20 24 26 32 
 3  6 20 24 26 32 
 2  7 20 24 26 32 
 1  8 20 24 26 32 
 3  5 21 24 26 32 
 2  6 21 24 26 32 
 1  7 21 24 26 32 
 3  4 22 24 26 32 
 2  5 22 24 26 32 
 1  6 22 24 26 32 
 2  4 23 24 26 32 
 1  5 23 24 26 32 
 8  9 11 25 26 32 
 7 10 11 25 26 32 
 7  9 12 25 26 32 
 6 10 12 25 26 32 
 5 11 12 25 26 32 
 7  8 13 25 26 32 
 6  9 13 25 26 32 
 5 10 13 25 26 32 
 4 11 13 25 26 32 
 3 12 13 25 26 32 
 6  8 14 25 26 32 
 5  9 14 25 26 32 
 4 10 14 25 26 32 
 3 11 14 25 26 32 
 2 12 14 25 26 32 
 1 13 14 25 26 32 
 6  7 15 25 26 32 
 5  8 15 25 26 32 
 4  9 15 25 26 32 
 3 10 15 25 26 32 
 2 11 15 25 26 32 
 1 12 15 25 26 32 
 5  7 16 25 26 32 
 4  8 16 25 26 32 
 3  9 16 25 26 32 
 2 10 16 25 26 32 
 1 11 16 25 26 32 
 5  6 17 25 26 32 
 4  7 17 25 26 32 
 3  8 17 25 26 32 
 2  9 17 25 26 32 
 1 10 17 25 26 32 
 4  6 18 25 26 32 
 3  7 18 25 26 32 
 2  8 18 25 26 32 
 1  9 18 25 26 32 
 4  5 19 25 26 32 
 3  6 19 25 26 32 
 2  7 19 25 26 32 
 1  8 19 25 26 32 
 3  5 20 25 26 32 
 2  6 20 25 26 32 
 1  7 20 25 26 32 
 3  4 21 25 26 32 
 2  5 21 25 26 32 
 1  6 21 25 26 32 
 2  4 22 25 26 32 
 1  5 22 25 26 32 
 2  3 23 25 26 32 
 1  4 23 25 26 32 
 1  3 24 25 26 32 
11 12 14 15 27 32 
10 13 14 15 27 32 
11 12 13 16 27 32 
10 12 14 16 27 32 
 9 13 14 16 27 32 
10 11 15 16 27 32 
 9 12 15 16 27 32 
 8 13 15 16 27 32 
 7 14 15 16 27 32 
10 12 13 17 27 32 
10 11 14 17 27 32 
 9 12 14 17 27 32 
 8 13 14 17 27 32 
 9 11 15 17 27 32 
 8 12 15 17 27 32 
 7 13 15 17 27 32 
 6 14 15 17 27 32 
 9 10 16 17 27 32 
 8 11 16 17 27 32 
 7 12 16 17 27 32 
 6 13 16 17 27 32 
 5 14 16 17 27 32 
 4 15 16 17 27 32 
10 11 13 18 27 32 
 9 12 13 18 27 32 
 9 11 14 18 27 32 
 8 12 14 18 27 32 
 7 13 14 18 27 32 
 9 10 15 18 27 32 
 8 11 15 18 27 32 
 7 12 15 18 27 32 
 6 13 15 18 27 32 
 5 14 15 18 27 32 
 8 10 16 18 27 32 
 7 11 16 18 27 32 
 6 12 16 18 27 32 
 5 13 16 18 27 32 
 4 14 16 18 27 32 
 3 15 16 18 27 32 
 8  9 17 18 27 32 
 7 10 17 18 27 32 
 6 11 17 18 27 32 
 5 12 17 18 27 32 
 4 13 17 18 27 32 
 3 14 17 18 27 32 
 2 15 17 18 27 32 
 1 16 17 18 27 32 
10 11 12 19 27 32 
 9 11 13 19 27 32 
 8 12 13 19 27 32 
 9 10 14 19 27 32 
 8 11 14 19 27 32 
 7 12 14 19 27 32 
 6 13 14 19 27 32 
 8 10 15 19 27 32 
 7 11 15 19 27 32 
 6 12 15 19 27 32 
 5 13 15 19 27 32 
 4 14 15 19 27 32 
 8  9 16 19 27 32 
 7 10 16 19 27 32 
 6 11 16 19 27 32 
 5 12 16 19 27 32 
 4 13 16 19 27 32 
 3 14 16 19 27 32 
 2 15 16 19 27 32 
 7  9 17 19 27 32 
 6 10 17 19 27 32 
 5 11 17 19 27 32 
 4 12 17 19 27 32 
 3 13 17 19 27 32 
 2 14 17 19 27 32 
 1 15 17 19 27 32 
 7  8 18 19 27 32 
 6  9 18 19 27 32 
 5 10 18 19 27 32 
 4 11 18 19 27 32 
 3 12 18 19 27 32 
 2 13 18 19 27 32 
 1 14 18 19 27 32 
 9 11 12 20 27 32 
 9 10 13 20 27 32 
 8 11 13 20 27 32 
 7 12 13 20 27 32 
 8 10 14 20 27 32 
 7 11 14 20 27 32 
 6 12 14 20 27 32 
 5 13 14 20 27 32 
 8  9 15 20 27 32 
 7 10 15 20 27 32 
 6 11 15 20 27 32 
 5 12 15 20 27 32 
 4 13 15 20 27 32 
 3 14 15 20 27 32 
 7  9 16 20 27 32 
 6 10 16 20 27 32 
 5 11 16 20 27 32 
 4 12 16 20 27 32 
 3 13 16 20 27 32 
 2 14 16 20 27 32 
 1 15 16 20 27 32 
 7  8 17 20 27 32 
 6  9 17 20 27 32 
 5 10 17 20 27 32 
 4 11 17 20 27 32 
 3 12 17 20 27 32 
 2 13 17 20 27 32 
 1 14 17 20 27 32 
 6  8 18 20 27 32 
 5  9 18 20 27 32 
 4 10 18 20 27 32 
 3 11 18 20 27 32 
 2 12 18 20 27 32 
 1 13 18 20 27 32 
 6  7 19 20 27 32 
 5  8 19 20 27 32 
 4  9 19 20 27 32 
 3 10 19 20 27 32 
 2 11 19 20 27 32 
 1 12 19 20 27 32 
 9 10 12 21 27 32 
 8 11 12 21 27 32 
 8 10 13 21 27 32 
 7 11 13 21 27 32 
 6 12 13 21 27 32 
 8  9 14 21 27 32 
 7 10 14 21 27 32 
 6 11 14 21 27 32 
 5 12 14 21 27 32 
 4 13 14 21 27 32 
 7  9 15 21 27 32 
 6 10 15 21 27 32 
 5 11 15 21 27 32 
 4 12 15 21 27 32 
 3 13 15 21 27 32 
 2 14 15 21 27 32 
 7  8 16 21 27 32 
 6  9 16 21 27 32 
 5 10 16 21 27 32 
 4 11 16 21 27 32 
 3 12 16 21 27 32 
 2 13 16 21 27 32 
 1 14 16 21 27 32 
 6  8 17 21 27 32 
 5  9 17 21 27 32 
 4 10 17 21 27 32 
 3 11 17 21 27 32 
 2 12 17 21 27 32 
 1 13 17 21 27 32 
 6  7 18 21 27 32 
 5  8 18 21 27 32 
 4  9 18 21 27 32 
 3 10 18 21 27 32 
 2 11 18 21 27 32 
 1 12 18 21 27 32 
 5  7 19 21 27 32 
 4  8 19 21 27 32 
 3  9 19 21 27 32 
 2 10 19 21 27 32 
 1 11 19 21 27 32 
 5  6 20 21 27 32 
 4  7 20 21 27 32 
 3  8 20 21 27 32 
 2  9 20 21 27 32 
 1 10 20 21 27 32 
 9 10 11 22 27 32 
 8 10 12 22 27 32 
 7 11 12 22 27 32 
 8  9 13 22 27 32 
 7 10 13 22 27 32 
 6 11 13 22 27 32 
 5 12 13 22 27 32 
 7  9 14 22 27 32 
 6 10 14 22 27 32 
 5 11 14 22 27 32 
 4 12 14 22 27 32 
 3 13 14 22 27 32 
 7  8 15 22 27 32 
 6  9 15 22 27 32 
 5 10 15 22 27 32 
 4 11 15 22 27 32 
 3 12 15 22 27 32 
 2 13 15 22 27 32 
 1 14 15 22 27 32 
 6  8 16 22 27 32 
 5  9 16 22 27 32 
 4 10 16 22 27 32 
 3 11 16 22 27 32 
 2 12 16 22 27 32 
 1 13 16 22 27 32 
 6  7 17 22 27 32 
 5  8 17 22 27 32 
 4  9 17 22 27 32 
 3 10 17 22 27 32 
 2 11 17 22 27 32 
 1 12 17 22 27 32 
 5  7 18 22 27 32 
 4  8 18 22 27 32 
 3  9 18 22 27 32 
 2 10 18 22 27 32 
 1 11 18 22 27 32 
 5  6 19 22 27 32 
 4  7 19 22 27 32 
 3  8 19 22 27 32 
 2  9 19 22 27 32 
 1 10 19 22 27 32 
 4  6 20 22 27 32 
 3  7 20 22 27 32 
 2  8 20 22 27 32 
 1  9 20 22 27 32 
 4  5 21 22 27 32 
 3  6 21 22 27 32 
 2  7 21 22 27 32 
 1  8 21 22 27 32 
 8 10 11 23 27 32 
 8  9 12 23 27 32 
 7 10 12 23 27 32 
 6 11 12 23 27 32 
 7  9 13 23 27 32 
 6 10 13 23 27 32 
 5 11 13 23 27 32 
 4 12 13 23 27 32 
 7  8 14 23 27 32 
 6  9 14 23 27 32 
 5 10 14 23 27 32 
 4 11 14 23 27 32 
 3 12 14 23 27 32 
 2 13 14 23 27 32 
 6  8 15 23 27 32 
 5  9 15 23 27 32 
 4 10 15 23 27 32 
 3 11 15 23 27 32 
 2 12 15 23 27 32 
 1 13 15 23 27 32 
 6  7 16 23 27 32 
 5  8 16 23 27 32 
 4  9 16 23 27 32 
 3 10 16 23 27 32 
 2 11 16 23 27 32 
 1 12 16 23 27 32 
 5  7 17 23 27 32 
 4  8 17 23 27 32 
 3  9 17 23 27 32 
 2 10 17 23 27 32 
 1 11 17 23 27 32 
 5  6 18 23 27 32 
 4  7 18 23 27 32 
 3  8 18 23 27 32 
 2  9 18 23 27 32 
 1 10 18 23 27 32 
 4  6 19 23 27 32 
 3  7 19 23 27 32 
 2  8 19 23 27 32 
 1  9 19 23 27 32 
 4  5 20 23 27 32 
 3  6 20 23 27 32 
 2  7 20 23 27 32 
 1  8 20 23 27 32 
 3  5 21 23 27 32 
 2  6 21 23 27 32 
 1  7 21 23 27 32 
 3  4 22 23 27 32 
 2  5 22 23 27 32 
 1  6 22 23 27 32 
 8  9 11 24 27 32 
 7 10 11 24 27 32 
 7  9 12 24 27 32 
 6 10 12 24 27 32 
 5 11 12 24 27 32 
 7  8 13 24 27 32 
 6  9 13 24 27 32 
 5 10 13 24 27 32 
 4 11 13 24 27 32 
 3 12 13 24 27 32 
 6  8 14 24 27 32 
 5  9 14 24 27 32 
 4 10 14 24 27 32 
 3 11 14 24 27 32 
 2 12 14 24 27 32 
 1 13 14 24 27 32 
 6  7 15 24 27 32 
 5  8 15 24 27 32 
 4  9 15 24 27 32 
 3 10 15 24 27 32 
 2 11 15 24 27 32 
 1 12 15 24 27 32 
 5  7 16 24 27 32 
 4  8 16 24 27 32 
 3  9 16 24 27 32 
 2 10 16 24 27 32 
 1 11 16 24 27 32 
 5  6 17 24 27 32 
 4  7 17 24 27 32 
 3  8 17 24 27 32 
 2  9 17 24 27 32 
 1 10 17 24 27 32 
 4  6 18 24 27 32 
 3  7 18 24 27 32 
 2  8 18 24 27 32 
 1  9 18 24 27 32 
 4  5 19 24 27 32 
 3  6 19 24 27 32 
 2  7 19 24 27 32 
 1  8 19 24 27 32 
 3  5 20 24 27 32 
 2  6 20 24 27 32 
 1  7 20 24 27 32 
 3  4 21 24 27 32 
 2  5 21 24 27 32 
 1  6 21 24 27 32 
 2  4 22 24 27 32 
 1  5 22 24 27 32 
 2  3 23 24 27 32 
 1  4 23 24 27 32 
 8  9 10 25 27 32 
 7  9 11 25 27 32 
 6 10 11 25 27 32 
 7  8 12 25 27 32 
 6  9 12 25 27 32 
 5 10 12 25 27 32 
 4 11 12 25 27 32 
 6  8 13 25 27 32 
 5  9 13 25 27 32 
 4 10 13 25 27 32 
 3 11 13 25 27 32 
 2 12 13 25 27 32 
 6  7 14 25 27 32 
 5  8 14 25 27 32 
 4  9 14 25 27 32 
 3 10 14 25 27 32 
 2 11 14 25 27 32 
 1 12 14 25 27 32 
 5  7 15 25 27 32 
 4  8 15 25 27 32 
 3  9 15 25 27 32 
 2 10 15 25 27 32 
 1 11 15 25 27 32 
 5  6 16 25 27 32 
 4  7 16 25 27 32 
 3  8 16 25 27 32 
 2  9 16 25 27 32 
 1 10 16 25 27 32 
 4  6 17 25 27 32 
 3  7 17 25 27 32 
 2  8 17 25 27 32 
 1  9 17 25 27 32 
 4  5 18 25 27 32 
 3  6 18 25 27 32 
 2  7 18 25 27 32 
 1  8 18 25 27 32 
 3  5 19 25 27 32 
 2  6 19 25 27 32 
 1  7 19 25 27 32 
 3  4 20 25 27 32 
 2  5 20 25 27 32 
 1  6 20 25 27 32 
 2  4 21 25 27 32 
 1  5 21 25 27 32 
 2  3 22 25 27 32 
 1  4 22 25 27 32 
 1  3 23 25 27 32 
 1  2 24 25 27 32 
 7  9 10 26 27 32 
 7  8 11 26 27 32 
 6  9 11 26 27 32 
 5 10 11 26 27 32 
 6  8 12 26 27 32 
 5  9 12 26 27 32 
 4 10 12 26 27 32 
 3 11 12 26 27 32 
 6  7 13 26 27 32 
 5  8 13 26 27 32 
 4  9 13 26 27 32 
 3 10 13 26 27 32 
 2 11 13 26 27 32 
 1 12 13 26 27 32 
 5  7 14 26 27 32 
 4  8 14 26 27 32 
 3  9 14 26 27 32 
 2 10 14 26 27 32 
 1 11 14 26 27 32 
 5  6 15 26 27 32 
 4  7 15 26 27 32 
 3  8 15 26 27 32 
 2  9 15 26 27 32 
 1 10 15 26 27 32 
 4  6 16 26 27 32 
 3  7 16 26 27 32 
 2  8 16 26 27 32 
 1  9 16 26 27 32 
 4  5 17 26 27 32 
 3  6 17 26 27 32 
 2  7 17 26 27 32 
 1  8 17 26 27 32 
 3  5 18 26 27 32 
 2  6 18 26 27 32 
 1  7 18 26 27 32 
 3  4 19 26 27 32 
 2  5 19 26 27 32 
 1  6 19 26 27 32 
 2  4 20 26 27 32 
 1  5 20 26 27 32 
 2  3 21 26 27 32 
 1  4 21 26 27 32 
 1  3 22 26 27 32 
 1  2 23 26 27 32 
11 12 13 15 28 32 
10 12 14 15 28 32 
 9 13 14 15 28 32 
10 12 13 16 28 32 
10 11 14 16 28 32 
 9 12 14 16 28 32 
 8 13 14 16 28 32 
 9 11 15 16 28 32 
 8 12 15 16 28 32 
 7 13 15 16 28 32 
 6 14 15 16 28 32 
10 11 13 17 28 32 
 9 12 13 17 28 32 
 9 11 14 17 28 32 
 8 12 14 17 28 32 
 7 13 14 17 28 32 
 9 10 15 17 28 32 
 8 11 15 17 28 32 
 7 12 15 17 28 32 
 6 13 15 17 28 32 
 5 14 15 17 28 32 
 8 10 16 17 28 32 
 7 11 16 17 28 32 
 6 12 16 17 28 32 
 5 13 16 17 28 32 
 4 14 16 17 28 32 
 3 15 16 17 28 32 
10 11 12 18 28 32 
 9 11 13 18 28 32 
 8 12 13 18 28 32 
 9 10 14 18 28 32 
 8 11 14 18 28 32 
 7 12 14 18 28 32 
 6 13 14 18 28 32 
 8 10 15 18 28 32 
 7 11 15 18 28 32 
 6 12 15 18 28 32 
 5 13 15 18 28 32 
 4 14 15 18 28 32 
 8  9 16 18 28 32 
 7 10 16 18 28 32 
 6 11 16 18 28 32 
 5 12 16 18 28 32 
 4 13 16 18 28 32 
 3 14 16 18 28 32 
 2 15 16 18 28 32 
 7  9 17 18 28 32 
 6 10 17 18 28 32 
 5 11 17 18 28 32 
 4 12 17 18 28 32 
 3 13 17 18 28 32 
 2 14 17 18 28 32 
 1 15 17 18 28 32 
 9 11 12 19 28 32 
 9 10 13 19 28 32 
 8 11 13 19 28 32 
 7 12 13 19 28 32 
 8 10 14 19 28 32 
 7 11 14 19 28 32 
 6 12 14 19 28 32 
 5 13 14 19 28 32 
 8  9 15 19 28 32 
 7 10 15 19 28 32 
 6 11 15 19 28 32 
 5 12 15 19 28 32 
 4 13 15 19 28 32 
 3 14 15 19 28 32 
 7  9 16 19 28 32 
 6 10 16 19 28 32 
 5 11 16 19 28 32 
 4 12 16 19 28 32 
 3 13 16 19 28 32 
 2 14 16 19 28 32 
 1 15 16 19 28 32 
 7  8 17 19 28 32 
 6  9 17 19 28 32 
 5 10 17 19 28 32 
 4 11 17 19 28 32 
 3 12 17 19 28 32 
 2 13 17 19 28 32 
 1 14 17 19 28 32 
 6  8 18 19 28 32 
 5  9 18 19 28 32 
 4 10 18 19 28 32 
 3 11 18 19 28 32 
 2 12 18 19 28 32 
 1 13 18 19 28 32 
 9 10 12 20 28 32 
 8 11 12 20 28 32 
 8 10 13 20 28 32 
 7 11 13 20 28 32 
 6 12 13 20 28 32 
 8  9 14 20 28 32 
 7 10 14 20 28 32 
 6 11 14 20 28 32 
 5 12 14 20 28 32 
 4 13 14 20 28 32 
 7  9 15 20 28 32 
 6 10 15 20 28 32 
 5 11 15 20 28 32 
 4 12 15 20 28 32 
 3 13 15 20 28 32 
 2 14 15 20 28 32 
 7  8 16 20 28 32 
 6  9 16 20 28 32 
 5 10 16 20 28 32 
 4 11 16 20 28 32 
 3 12 16 20 28 32 
 2 13 16 20 28 32 
 1 14 16 20 28 32 
 6  8 17 20 28 32 
 5  9 17 20 28 32 
 4 10 17 20 28 32 
 3 11 17 20 28 32 
 2 12 17 20 28 32 
 1 13 17 20 28 32 
 6  7 18 20 28 32 
 5  8 18 20 28 32 
 4  9 18 20 28 32 
 3 10 18 20 28 32 
 2 11 18 20 28 32 
 1 12 18 20 28 32 
 5  7 19 20 28 32 
 4  8 19 20 28 32 
 3  9 19 20 28 32 
 2 10 19 20 28 32 
 1 11 19 20 28 32 
 9 10 11 21 28 32 
 8 10 12 21 28 32 
 7 11 12 21 28 32 
 8  9 13 21 28 32 
 7 10 13 21 28 32 
 6 11 13 21 28 32 
 5 12 13 21 28 32 
 7  9 14 21 28 32 
 6 10 14 21 28 32 
 5 11 14 21 28 32 
 4 12 14 21 28 32 
 3 13 14 21 28 32 
 7  8 15 21 28 32 
 6  9 15 21 28 32 
 5 10 15 21 28 32 
 4 11 15 21 28 32 
 3 12 15 21 28 32 
 2 13 15 21 28 32 
 1 14 15 21 28 32 
 6  8 16 21 28 32 
 5  9 16 21 28 32 
 4 10 16 21 28 32 
 3 11 16 21 28 32 
 2 12 16 21 28 32 
 1 13 16 21 28 32 
 6  7 17 21 28 32 
 5  8 17 21 28 32 
 4  9 17 21 28 32 
 3 10 17 21 28 32 
 2 11 17 21 28 32 
 1 12 17 21 28 32 
 5  7 18 21 28 32 
 4  8 18 21 28 32 
 3  9 18 21 28 32 
 2 10 18 21 28 32 
 1 11 18 21 28 32 
 5  6 19 21 28 32 
 4  7 19 21 28 32 
 3  8 19 21 28 32 
 2  9 19 21 28 32 
 1 10 19 21 28 32 
 4  6 20 21 28 32 
 3  7 20 21 28 32 
 2  8 20 21 28 32 
 1  9 20 21 28 32 
 8 10 11 22 28 32 
 8  9 12 22 28 32 
 7 10 12 22 28 32 
 6 11 12 22 28 32 
 7  9 13 22 28 32 
 6 10 13 22 28 32 
 5 11 13 22 28 32 
 4 12 13 22 28 32 
 7  8 14 22 28 32 
 6  9 14 22 28 32 
 5 10 14 22 28 32 
 4 11 14 22 28 32 
 3 12 14 22 28 32 
 2 13 14 22 28 32 
 6  8 15 22 28 32 
 5  9 15 22 28 32 
 4 10 15 22 28 32 
 3 11 15 22 28 32 
 2 12 15 22 28 32 
 1 13 15 22 28 32 
 6  7 16 22 28 32 
 5  8 16 22 28 32 
 4  9 16 22 28 32 
 3 10 16 22 28 32 
 2 11 16 22 28 32 
 1 12 16 22 28 32 
 5  7 17 22 28 32 
 4  8 17 22 28 32 
 3  9 17 22 28 32 
 2 10 17 22 28 32 
 1 11 17 22 28 32 
 5  6 18 22 28 32 
 4  7 18 22 28 32 
 3  8 18 22 28 32 
 2  9 18 22 28 32 
 1 10 18 22 28 32 
 4  6 19 22 28 32 
 3  7 19 22 28 32 
 2  8 19 22 28 32 
 1  9 19 22 28 32 
 4  5 20 22 28 32 
 3  6 20 22 28 32 
 2  7 20 22 28 32 
 1  8 20 22 28 32 
 3  5 21 22 28 32 
 2  6 21 22 28 32 
 1  7 21 22 28 32 
 8  9 11 23 28 32 
 7 10 11 23 28 32 
 7  9 12 23 28 32 
 6 10 12 23 28 32 
 5 11 12 23 28 32 
 7  8 13 23 28 32 
 6  9 13 23 28 32 
 5 10 13 23 28 32 
 4 11 13 23 28 32 
 3 12 13 23 28 32 
 6  8 14 23 28 32 
 5  9 14 23 28 32 
 4 10 14 23 28 32 
 3 11 14 23 28 32 
 2 12 14 23 28 32 
 1 13 14 23 28 32 
 6  7 15 23 28 32 
 5  8 15 23 28 32 
 4  9 15 23 28 32 
 3 10 15 23 28 32 
 2 11 15 23 28 32 
 1 12 15 23 28 32 
 5  7 16 23 28 32 
 4  8 16 23 28 32 
 3  9 16 23 28 32 
 2 10 16 23 28 32 
 1 11 16 23 28 32 
 5  6 17 23 28 32 
 4  7 17 23 28 32 
 3  8 17 23 28 32 
 2  9 17 23 28 32 
 1 10 17 23 28 32 
 4  6 18 23 28 32 
 3  7 18 23 28 32 
 2  8 18 23 28 32 
 1  9 18 23 28 32 
 4  5 19 23 28 32 
 3  6 19 23 28 32 
 2  7 19 23 28 32 
 1  8 19 23 28 32 
 3  5 20 23 28 32 
 2  6 20 23 28 32 
 1  7 20 23 28 32 
 3  4 21 23 28 32 
 2  5 21 23 28 32 
 1  6 21 23 28 32 
 2  4 22 23 28 32 
 1  5 22 23 28 32 
 8  9 10 24 28 32 
 7  9 11 24 28 32 
 6 10 11 24 28 32 
 7  8 12 24 28 32 
 6  9 12 24 28 32 
 5 10 12 24 28 32 
 4 11 12 24 28 32 
 6  8 13 24 28 32 
 5  9 13 24 28 32 
 4 10 13 24 28 32 
 3 11 13 24 28 32 
 2 12 13 24 28 32 
 6  7 14 24 28 32 
 5  8 14 24 28 32 
 4  9 14 24 28 32 
 3 10 14 24 28 32 
 2 11 14 24 28 32 
 1 12 14 24 28 32 
 5  7 15 24 28 32 
 4  8 15 24 28 32 
 3  9 15 24 28 32 
 2 10 15 24 28 32 
 1 11 15 24 28 32 
 5  6 16 24 28 32 
 4  7 16 24 28 32 
 3  8 16 24 28 32 
 2  9 16 24 28 32 
 1 10 16 24 28 32 
 4  6 17 24 28 32 
 3  7 17 24 28 32 
 2  8 17 24 28 32 
 1  9 17 24 28 32 
 4  5 18 24 28 32 
 3  6 18 24 28 32 
 2  7 18 24 28 32 
 1  8 18 24 28 32 
 3  5 19 24 28 32 
 2  6 19 24 28 32 
 1  7 19 24 28 32 
 3  4 20 24 28 32 
 2  5 20 24 28 32 
 1  6 20 24 28 32 
 2  4 21 24 28 32 
 1  5 21 24 28 32 
 2  3 22 24 28 32 
 1  4 22 24 28 32 
 1  3 23 24 28 32 
 7  9 10 25 28 32 
 7  8 11 25 28 32 
 6  9 11 25 28 32 
 5 10 11 25 28 32 
 6  8 12 25 28 32 
 5  9 12 25 28 32 
 4 10 12 25 28 32 
 3 11 12 25 28 32 
 6  7 13 25 28 32 
 5  8 13 25 28 32 
 4  9 13 25 28 32 
 3 10 13 25 28 32 
 2 11 13 25 28 32 
 1 12 13 25 28 32 
 5  7 14 25 28 32 
 4  8 14 25 28 32 
 3  9 14 25 28 32 
 2 10 14 25 28 32 
 1 11 14 25 28 32 
 5  6 15 25 28 32 
 4  7 15 25 28 32 
 3  8 15 25 28 32 
 2  9 15 25 28 32 
 1 10 15 25 28 32 
 4  6 16 25 28 32 
 3  7 16 25 28 32 
 2  8 16 25 28 32 
 1  9 16 25 28 32 
 4  5 17 25 28 32 
 3  6 17 25 28 32 
 2  7 17 25 28 32 
 1  8 17 25 28 32 
 3  5 18 25 28 32 
 2  6 18 25 28 32 
 1  7 18 25 28 32 
 3  4 19 25 28 32 
 2  5 19 25 28 32 
 1  6 19 25 28 32 
 2  4 20 25 28 32 
 1  5 20 25 28 32 
 2  3 21 25 28 32 
 1  4 21 25 28 32 
 1  3 22 25 28 32 
 1  2 23 25 28 32 
 7  8 10 26 28 32 
 6  9 10 26 28 32 
 6  8 11 26 28 32 
 5  9 11 26 28 32 
 4 10 11 26 28 32 
 6  7 12 26 28 32 
 5  8 12 26 28 32 
 4  9 12 26 28 32 
 3 10 12 26 28 32 
 2 11 12 26 28 32 
 5  7 13 26 28 32 
 4  8 13 26 28 32 
 3  9 13 26 28 32 
 2 10 13 26 28 32 
 1 11 13 26 28 32 
 5  6 14 26 28 32 
 4  7 14 26 28 32 
 3  8 14 26 28 32 
 2  9 14 26 28 32 
 1 10 14 26 28 32 
 4  6 15 26 28 32 
 3  7 15 26 28 32 
 2  8 15 26 28 32 
 1  9 15 26 28 32 
 4  5 16 26 28 32 
 3  6 16 26 28 32 
 2  7 16 26 28 32 
 1  8 16 26 28 32 
 3  5 17 26 28 32 
 2  6 17 26 28 32 
 1  7 17 26 28 32 
 3  4 18 26 28 32 
 2  5 18 26 28 32 
 1  6 18 26 28 32 
 2  4 19 26 28 32 
 1  5 19 26 28 32 
 2  3 20 26 28 32 
 1  4 20 26 28 32 
 1  3 21 26 28 32 
 1  2 22 26 28 32 
 7  8  9 27 28 32 
 6  8 10 27 28 32 
 5  9 10 27 28 32 
 6  7 11 27 28 32 
 5  8 11 27 28 32 
 4  9 11 27 28 32 
 3 10 11 27 28 32 
 5  7 12 27 28 32 
 4  8 12 27 28 32 
 3  9 12 27 28 32 
 2 10 12 27 28 32 
 1 11 12 27 28 32 
 5  6 13 27 28 32 
 4  7 13 27 28 32 
 3  8 13 27 28 32 
 2  9 13 27 28 32 
 1 10 13 27 28 32 
 4  6 14 27 28 32 
 3  7 14 27 28 32 
 2  8 14 27 28 32 
 1  9 14 27 28 32 
 4  5 15 27 28 32 
 3  6 15 27 28 32 
 2  7 15 27 28 32 
 1  8 15 27 28 32 
 3  5 16 27 28 32 
 2  6 16 27 28 32 
 1  7 16 27 28 32 
 3  4 17 27 28 32 
 2  5 17 27 28 32 
 1  6 17 27 28 32 
 2  4 18 27 28 32 
 1  5 18 27 28 32 
 2  3 19 27 28 32 
 1  4 19 27 28 32 
 1  3 20 27 28 32 
 1  2 21 27 28 32 
11 12 13 14 29 32 
10 12 13 15 29 32 
10 11 14 15 29 32 
 9 12 14 15 29 32 
 8 13 14 15 29 32 
10 11 13 16 29 32 
 9 12 13 16 29 32 
 9 11 14 16 29 32 
 8 12 14 16 29 32 
 7 13 14 16 29 32 
 9 10 15 16 29 32 
 8 11 15 16 29 32 
 7 12 15 16 29 32 
 6 13 15 16 29 32 
 5 14 15 16 29 32 
10 11 12 17 29 32 
 9 11 13 17 29 32 
 8 12 13 17 29 32 
 9 10 14 17 29 32 
 8 11 14 17 29 32 
 7 12 14 17 29 32 
 6 13 14 17 29 32 
 8 10 15 17 29 32 
 7 11 15 17 29 32 
 6 12 15 17 29 32 
 5 13 15 17 29 32 
 4 14 15 17 29 32 
 8  9 16 17 29 32 
 7 10 16 17 29 32 
 6 11 16 17 29 32 
 5 12 16 17 29 32 
 4 13 16 17 29 32 
 3 14 16 17 29 32 
 2 15 16 17 29 32 
 9 11 12 18 29 32 
 9 10 13 18 29 32 
 8 11 13 18 29 32 
 7 12 13 18 29 32 
 8 10 14 18 29 32 
 7 11 14 18 29 32 
 6 12 14 18 29 32 
 5 13 14 18 29 32 
 8  9 15 18 29 32 
 7 10 15 18 29 32 
 6 11 15 18 29 32 
 5 12 15 18 29 32 
 4 13 15 18 29 32 
 3 14 15 18 29 32 
 7  9 16 18 29 32 
 6 10 16 18 29 32 
 5 11 16 18 29 32 
 4 12 16 18 29 32 
 3 13 16 18 29 32 
 2 14 16 18 29 32 
 1 15 16 18 29 32 
 7  8 17 18 29 32 
 6  9 17 18 29 32 
 5 10 17 18 29 32 
 4 11 17 18 29 32 
 3 12 17 18 29 32 
 2 13 17 18 29 32 
 1 14 17 18 29 32 
 9 10 12 19 29 32 
 8 11 12 19 29 32 
 8 10 13 19 29 32 
 7 11 13 19 29 32 
 6 12 13 19 29 32 
 8  9 14 19 29 32 
 7 10 14 19 29 32 
 6 11 14 19 29 32 
 5 12 14 19 29 32 
 4 13 14 19 29 32 
 7  9 15 19 29 32 
 6 10 15 19 29 32 
 5 11 15 19 29 32 
 4 12 15 19 29 32 
 3 13 15 19 29 32 
 2 14 15 19 29 32 
 7  8 16 19 29 32 
 6  9 16 19 29 32 
 5 10 16 19 29 32 
 4 11 16 19 29 32 
 3 12 16 19 29 32 
 2 13 16 19 29 32 
 1 14 16 19 29 32 
 6  8 17 19 29 32 
 5  9 17 19 29 32 
 4 10 17 19 29 32 
 3 11 17 19 29 32 
 2 12 17 19 29 32 
 1 13 17 19 29 32 
 6  7 18 19 29 32 
 5  8 18 19 29 32 
 4  9 18 19 29 32 
 3 10 18 19 29 32 
 2 11 18 19 29 32 
 1 12 18 19 29 32 
 9 10 11 20 29 32 
 8 10 12 20 29 32 
 7 11 12 20 29 32 
 8  9 13 20 29 32 
 7 10 13 20 29 32 
 6 11 13 20 29 32 
 5 12 13 20 29 32 
 7  9 14 20 29 32 
 6 10 14 20 29 32 
 5 11 14 20 29 32 
 4 12 14 20 29 32 
 3 13 14 20 29 32 
 7  8 15 20 29 32 
 6  9 15 20 29 32 
 5 10 15 20 29 32 
 4 11 15 20 29 32 
 3 12 15 20 29 32 
 2 13 15 20 29 32 
 1 14 15 20 29 32 
 6  8 16 20 29 32 
 5  9 16 20 29 32 
 4 10 16 20 29 32 
 3 11 16 20 29 32 
 2 12 16 20 29 32 
 1 13 16 20 29 32 
 6  7 17 20 29 32 
 5  8 17 20 29 32 
 4  9 17 20 29 32 
 3 10 17 20 29 32 
 2 11 17 20 29 32 
 1 12 17 20 29 32 
 5  7 18 20 29 32 
 4  8 18 20 29 32 
 3  9 18 20 29 32 
 2 10 18 20 29 32 
 1 11 18 20 29 32 
 5  6 19 20 29 32 
 4  7 19 20 29 32 
 3  8 19 20 29 32 
 2  9 19 20 29 32 
 1 10 19 20 29 32 
 8 10 11 21 29 32 
 8  9 12 21 29 32 
 7 10 12 21 29 32 
 6 11 12 21 29 32 
 7  9 13 21 29 32 
 6 10 13 21 29 32 
 5 11 13 21 29 32 
 4 12 13 21 29 32 
 7  8 14 21 29 32 
 6  9 14 21 29 32 
 5 10 14 21 29 32 
 4 11 14 21 29 32 
 3 12 14 21 29 32 
 2 13 14 21 29 32 
 6  8 15 21 29 32 
 5  9 15 21 29 32 
 4 10 15 21 29 32 
 3 11 15 21 29 32 
 2 12 15 21 29 32 
 1 13 15 21 29 32 
 6  7 16 21 29 32 
 5  8 16 21 29 32 
 4  9 16 21 29 32 
 3 10 16 21 29 32 
 2 11 16 21 29 32 
 1 12 16 21 29 32 
 5  7 17 21 29 32 
 4  8 17 21 29 32 
 3  9 17 21 29 32 
 2 10 17 21 29 32 
 1 11 17 21 29 32 
 5  6 18 21 29 32 
 4  7 18 21 29 32 
 3  8 18 21 29 32 
 2  9 18 21 29 32 
 1 10 18 21 29 32 
 4  6 19 21 29 32 
 3  7 19 21 29 32 
 2  8 19 21 29 32 
 1  9 19 21 29 32 
 4  5 20 21 29 32 
 3  6 20 21 29 32 
 2  7 20 21 29 32 
 1  8 20 21 29 32 
 8  9 11 22 29 32 
 7 10 11 22 29 32 
 7  9 12 22 29 32 
 6 10 12 22 29 32 
 5 11 12 22 29 32 
 7  8 13 22 29 32 
 6  9 13 22 29 32 
 5 10 13 22 29 32 
 4 11 13 22 29 32 
 3 12 13 22 29 32 
 6  8 14 22 29 32 
 5  9 14 22 29 32 
 4 10 14 22 29 32 
 3 11 14 22 29 32 
 2 12 14 22 29 32 
 1 13 14 22 29 32 
 6  7 15 22 29 32 
 5  8 15 22 29 32 
 4  9 15 22 29 32 
 3 10 15 22 29 32 
 2 11 15 22 29 32 
 1 12 15 22 29 32 
 5  7 16 22 29 32 
 4  8 16 22 29 32 
 3  9 16 22 29 32 
 2 10 16 22 29 32 
 1 11 16 22 29 32 
 5  6 17 22 29 32 
 4  7 17 22 29 32 
 3  8 17 22 29 32 
 2  9 17 22 29 32 
 1 10 17 22 29 32 
 4  6 18 22 29 32 
 3  7 18 22 29 32 
 2  8 18 22 29 32 
 1  9 18 22 29 32 
 4  5 19 22 29 32 
 3  6 19 22 29 32 
 2  7 19 22 29 32 
 1  8 19 22 29 32 
 3  5 20 22 29 32 
 2  6 20 22 29 32 
 1  7 20 22 29 32 
 3  4 21 22 29 32 
 2  5 21 22 29 32 
 1  6 21 22 29 32 
 8  9 10 23 29 32 
 7  9 11 23 29 32 
 6 10 11 23 29 32 
 7  8 12 23 29 32 
 6  9 12 23 29 32 
 5 10 12 23 29 32 
 4 11 12 23 29 32 
 6  8 13 23 29 32 
 5  9 13 23 29 32 
 4 10 13 23 29 32 
 3 11 13 23 29 32 
 2 12 13 23 29 32 
 6  7 14 23 29 32 
 5  8 14 23 29 32 
 4  9 14 23 29 32 
 3 10 14 23 29 32 
 2 11 14 23 29 32 
 1 12 14 23 29 32 
 5  7 15 23 29 32 
 4  8 15 23 29 32 
 3  9 15 23 29 32 
 2 10 15 23 29 32 
 1 11 15 23 29 32 
 5  6 16 23 29 32 
 4  7 16 23 29 32 
 3  8 16 23 29 32 
 2  9 16 23 29 32 
 1 10 16 23 29 32 
 4  6 17 23 29 32 
 3  7 17 23 29 32 
 2  8 17 23 29 32 
 1  9 17 23 29 32 
 4  5 18 23 29 32 
 3  6 18 23 29 32 
 2  7 18 23 29 32 
 1  8 18 23 29 32 
 3  5 19 23 29 32 
 2  6 19 23 29 32 
 1  7 19 23 29 32 
 3  4 20 23 29 32 
 2  5 20 23 29 32 
 1  6 20 23 29 32 
 2  4 21 23 29 32 
 1  5 21 23 29 32 
 2  3 22 23 29 32 
 1  4 22 23 29 32 
 7  9 10 24 29 32 
 7  8 11 24 29 32 
 6  9 11 24 29 32 
 5 10 11 24 29 32 
 6  8 12 24 29 32 
 5  9 12 24 29 32 
 4 10 12 24 29 32 
 3 11 12 24 29 32 
 6  7 13 24 29 32 
 5  8 13 24 29 32 
 4  9 13 24 29 32 
 3 10 13 24 29 32 
 2 11 13 24 29 32 
 1 12 13 24 29 32 
 5  7 14 24 29 32 
 4  8 14 24 29 32 
 3  9 14 24 29 32 
 2 10 14 24 29 32 
 1 11 14 24 29 32 
 5  6 15 24 29 32 
 4  7 15 24 29 32 
 3  8 15 24 29 32 
 2  9 15 24 29 32 
 1 10 15 24 29 32 
 4  6 16 24 29 32 
 3  7 16 24 29 32 
 2  8 16 24 29 32 
 1  9 16 24 29 32 
 4  5 17 24 29 32 
 3  6 17 24 29 32 
 2  7 17 24 29 32 
 1  8 17 24 29 32 
 3  5 18 24 29 32 
 2  6 18 24 29 32 
 1  7 18 24 29 32 
 3  4 19 24 29 32 
 2  5 19 24 29 32 
 1  6 19 24 29 32 
 2  4 20 24 29 32 
 1  5 20 24 29 32 
 2  3 21 24 29 32 
 1  4 21 24 29 32 
 1  3 22 24 29 32 
 1  2 23 24 29 32 
 7  8 10 25 29 32 
 6  9 10 25 29 32 
 6  8 11 25 29 32 
 5  9 11 25 29 32 
 4 10 11 25 29 32 
 6  7 12 25 29 32 
 5  8 12 25 29 32 
 4  9 12 25 29 32 
 3 10 12 25 29 32 
 2 11 12 25 29 32 
 5  7 13 25 29 32 
 4  8 13 25 29 32 
 3  9 13 25 29 32 
 2 10 13 25 29 32 
 1 11 13 25 29 32 
 5  6 14 25 29 32 
 4  7 14 25 29 32 
 3  8 14 25 29 32 
 2  9 14 25 29 32 
 1 10 14 25 29 32 
 4  6 15 25 29 32 
 3  7 15 25 29 32 
 2  8 15 25 29 32 
 1  9 15 25 29 32 
 4  5 16 25 29 32 
 3  6 16 25 29 32 
 2  7 16 25 29 32 
 1  8 16 25 29 32 
 3  5 17 25 29 32 
 2  6 17 25 29 32 
 1  7 17 25 29 32 
 3  4 18 25 29 32 
 2  5 18 25 29 32 
 1  6 18 25 29 32 
 2  4 19 25 29 32 
 1  5 19 25 29 32 
 2  3 20 25 29 32 
 1  4 20 25 29 32 
 1  3 21 25 29 32 
 1  2 22 25 29 32 
 7  8  9 26 29 32 
 6  8 10 26 29 32 
 5  9 10 26 29 32 
 6  7 11 26 29 32 
 5  8 11 26 29 32 
 4  9 11 26 29 32 
 3 10 11 26 29 32 
 5  7 12 26 29 32 
 4  8 12 26 29 32 
 3  9 12 26 29 32 
 2 10 12 26 29 32 
 1 11 12 26 29 32 
 5  6 13 26 29 32 
 4  7 13 26 29 32 
 3  8 13 26 29 32 
 2  9 13 26 29 32 
 1 10 13 26 29 32 
 4  6 14 26 29 32 
 3  7 14 26 29 32 
 2  8 14 26 29 32 
 1  9 14 26 29 32 
 4  5 15 26 29 32 
 3  6 15 26 29 32 
 2  7 15 26 29 32 
 1  8 15 26 29 32 
 3  5 16 26 29 32 
 2  6 16 26 29 32 
 1  7 16 26 29 32 
 3  4 17 26 29 32 
 2  5 17 26 29 32 
 1  6 17 26 29 32 
 2  4 18 26 29 32 
 1  5 18 26 29 32 
 2  3 19 26 29 32 
 1  4 19 26 29 32 
 1  3 20 26 29 32 
 1  2 21 26 29 32 
 6  8  9 27 29 32 
 6  7 10 27 29 32 
 5  8 10 27 29 32 
 4  9 10 27 29 32 
 5  7 11 27 29 32 
 4  8 11 27 29 32 
 3  9 11 27 29 32 
 2 10 11 27 29 32 
 5  6 12 27 29 32 
 4  7 12 27 29 32 
 3  8 12 27 29 32 
 2  9 12 27 29 32 
 1 10 12 27 29 32 
 4  6 13 27 29 32 
 3  7 13 27 29 32 
 2  8 13 27 29 32 
 1  9 13 27 29 32 
 4  5 14 27 29 32 
 3  6 14 27 29 32 
 2  7 14 27 29 32 
 1  8 14 27 29 32 
 3  5 15 27 29 32 
 2  6 15 27 29 32 
 1  7 15 27 29 32 
 3  4 16 27 29 32 
 2  5 16 27 29 32 
 1  6 16 27 29 32 
 2  4 17 27 29 32 
 1  5 17 27 29 32 
 2  3 18 27 29 32 
 1  4 18 27 29 32 
 1  3 19 27 29 32 
 1  2 20 27 29 32 
 6  7  9 28 29 32 
 5  8  9 28 29 32 
 5  7 10 28 29 32 
 4  8 10 28 29 32 
 3  9 10 28 29 32 
 5  6 11 28 29 32 
 4  7 11 28 29 32 
 3  8 11 28 29 32 
 2  9 11 28 29 32 
 1 10 11 28 29 32 
 4  6 12 28 29 32 
 3  7 12 28 29 32 
 2  8 12 28 29 32 
 1  9 12 28 29 32 
 4  5 13 28 29 32 
 3  6 13 28 29 32 
 2  7 13 28 29 32 
 1  8 13 28 29 32 
 3  5 14 28 29 32 
 2  6 14 28 29 32 
 1  7 14 28 29 32 
 3  4 15 28 29 32 
 2  5 15 28 29 32 
 1  6 15 28 29 32 
 2  4 16 28 29 32 
 1  5 16 28 29 32 
 2  3 17 28 29 32 
 1  4 17 28 29 32 
 1  3 18 28 29 32 
 1  2 19 28 29 32 
10 12 13 14 30 32 
10 11 13 15 30 32 
 9 12 13 15 30 32 
 9 11 14 15 30 32 
 8 12 14 15 30 32 
 7 13 14 15 30 32 
10 11 12 16 30 32 
 9 11 13 16 30 32 
 8 12 13 16 30 32 
 9 10 14 16 30 32 
 8 11 14 16 30 32 
 7 12 14 16 30 32 
 6 13 14 16 30 32 
 8 10 15 16 30 32 
 7 11 15 16 30 32 
 6 12 15 16 30 32 
 5 13 15 16 30 32 
 4 14 15 16 30 32 
 9 11 12 17 30 32 
 9 10 13 17 30 32 
 8 11 13 17 30 32 
 7 12 13 17 30 32 
 8 10 14 17 30 32 
 7 11 14 17 30 32 
 6 12 14 17 30 32 
 5 13 14 17 30 32 
 8  9 15 17 30 32 
 7 10 15 17 30 32 
 6 11 15 17 30 32 
 5 12 15 17 30 32 
 4 13 15 17 30 32 
 3 14 15 17 30 32 
 7  9 16 17 30 32 
 6 10 16 17 30 32 
 5 11 16 17 30 32 
 4 12 16 17 30 32 
 3 13 16 17 30 32 
 2 14 16 17 30 32 
 1 15 16 17 30 32 
 9 10 12 18 30 32 
 8 11 12 18 30 32 
 8 10 13 18 30 32 
 7 11 13 18 30 32 
 6 12 13 18 30 32 
 8  9 14 18 30 32 
 7 10 14 18 30 32 
 6 11 14 18 30 32 
 5 12 14 18 30 32 
 4 13 14 18 30 32 
 7  9 15 18 30 32 
 6 10 15 18 30 32 
 5 11 15 18 30 32 
 4 12 15 18 30 32 
 3 13 15 18 30 32 
 2 14 15 18 30 32 
 7  8 16 18 30 32 
 6  9 16 18 30 32 
 5 10 16 18 30 32 
 4 11 16 18 30 32 
 3 12 16 18 30 32 
 2 13 16 18 30 32 
 1 14 16 18 30 32 
 6  8 17 18 30 32 
 5  9 17 18 30 32 
 4 10 17 18 30 32 
 3 11 17 18 30 32 
 2 12 17 18 30 32 
 1 13 17 18 30 32 
 9 10 11 19 30 32 
 8 10 12 19 30 32 
 7 11 12 19 30 32 
 8  9 13 19 30 32 
 7 10 13 19 30 32 
 6 11 13 19 30 32 
 5 12 13 19 30 32 
 7  9 14 19 30 32 
 6 10 14 19 30 32 
 5 11 14 19 30 32 
 4 12 14 19 30 32 
 3 13 14 19 30 32 
 7  8 15 19 30 32 
 6  9 15 19 30 32 
 5 10 15 19 30 32 
 4 11 15 19 30 32 
 3 12 15 19 30 32 
 2 13 15 19 30 32 
 1 14 15 19 30 32 
 6  8 16 19 30 32 
 5  9 16 19 30 32 
 4 10 16 19 30 32 
 3 11 16 19 30 32 
 2 12 16 19 30 32 
 1 13 16 19 30 32 
 6  7 17 19 30 32 
 5  8 17 19 30 32 
 4  9 17 19 30 32 
 3 10 17 19 30 32 
 2 11 17 19 30 32 
 1 12 17 19 30 32 
 5  7 18 19 30 32 
 4  8 18 19 30 32 
 3  9 18 19 30 32 
 2 10 18 19 30 32 
 1 11 18 19 30 32 
 8 10 11 20 30 32 
 8  9 12 20 30 32 
 7 10 12 20 30 32 
 6 11 12 20 30 32 
 7  9 13 20 30 32 
 6 10 13 20 30 32 
 5 11 13 20 30 32 
 4 12 13 20 30 32 
 7  8 14 20 30 32 
 6  9 14 20 30 32 
 5 10 14 20 30 32 
 4 11 14 20 30 32 
 3 12 14 20 30 32 
 2 13 14 20 30 32 
 6  8 15 20 30 32 
 5  9 15 20 30 32 
 4 10 15 20 30 32 
 3 11 15 20 30 32 
 2 12 15 20 30 32 
 1 13 15 20 30 32 
 6  7 16 20 30 32 
 5  8 16 20 30 32 
 4  9 16 20 30 32 
 3 10 16 20 30 32 
 2 11 16 20 30 32 
 1 12 16 20 30 32 
 5  7 17 20 30 32 
 4  8 17 20 30 32 
 3  9 17 20 30 32 
 2 10 17 20 30 32 
 1 11 17 20 30 32 
 5  6 18 20 30 32 
 4  7 18 20 30 32 
 3  8 18 20 30 32 
 2  9 18 20 30 32 
 1 10 18 20 30 32 
 4  6 19 20 30 32 
 3  7 19 20 30 32 
 2  8 19 20 30 32 
 1  9 19 20 30 32 
 8  9 11 21 30 32 
 7 10 11 21 30 32 
 7  9 12 21 30 32 
 6 10 12 21 30 32 
 5 11 12 21 30 32 
 7  8 13 21 30 32 
 6  9 13 21 30 32 
 5 10 13 21 30 32 
 4 11 13 21 30 32 
 3 12 13 21 30 32 
 6  8 14 21 30 32 
 5  9 14 21 30 32 
 4 10 14 21 30 32 
 3 11 14 21 30 32 
 2 12 14 21 30 32 
 1 13 14 21 30 32 
 6  7 15 21 30 32 
 5  8 15 21 30 32 
 4  9 15 21 30 32 
 3 10 15 21 30 32 
 2 11 15 21 30 32 
 1 12 15 21 30 32 
 5  7 16 21 30 32 
 4  8 16 21 30 32 
 3  9 16 21 30 32 
 2 10 16 21 30 32 
 1 11 16 21 30 32 
 5  6 17 21 30 32 
 4  7 17 21 30 32 
 3  8 17 21 30 32 
 2  9 17 21 30 32 
 1 10 17 21 30 32 
 4  6 18 21 30 32 
 3  7 18 21 30 32 
 2  8 18 21 30 32 
 1  9 18 21 30 32 
 4  5 19 21 30 32 
 3  6 19 21 30 32 
 2  7 19 21 30 32 
 1  8 19 21 30 32 
 3  5 20 21 30 32 
 2  6 20 21 30 32 
 1  7 20 21 30 32 
 8  9 10 22 30 32 
 7  9 11 22 30 32 
 6 10 11 22 30 32 
 7  8 12 22 30 32 
 6  9 12 22 30 32 
 5 10 12 22 30 32 
 4 11 12 22 30 32 
 6  8 13 22 30 32 
 5  9 13 22 30 32 
 4 10 13 22 30 32 
 3 11 13 22 30 32 
 2 12 13 22 30 32 
 6  7 14 22 30 32 
 5  8 14 22 30 32 
 4  9 14 22 30 32 
 3 10 14 22 30 32 
 2 11 14 22 30 32 
 1 12 14 22 30 32 
 5  7 15 22 30 32 
 4  8 15 22 30 32 
 3  9 15 22 30 32 
 2 10 15 22 30 32 
 1 11 15 22 30 32 
 5  6 16 22 30 32 
 4  7 16 22 30 32 
 3  8 16 22 30 32 
 2  9 16 22 30 32 
 1 10 16 22 30 32 
 4  6 17 22 30 32 
 3  7 17 22 30 32 
 2  8 17 22 30 32 
 1  9 17 22 30 32 
 4  5 18 22 30 32 
 3  6 18 22 30 32 
 2  7 18 22 30 32 
 1  8 18 22 30 32 
 3  5 19 22 30 32 
 2  6 19 22 30 32 
 1  7 19 22 30 32 
 3  4 20 22 30 32 
 2  5 20 22 30 32 
 1  6 20 22 30 32 
 2  4 21 22 30 32 
 1  5 21 22 30 32 
 7  9 10 23 30 32 
 7  8 11 23 30 32 
 6  9 11 23 30 32 
 5 10 11 23 30 32 
 6  8 12 23 30 32 
 5  9 12 23 30 32 
 4 10 12 23 30 32 
 3 11 12 23 30 32 
 6  7 13 23 30 32 
 5  8 13 23 30 32 
 4  9 13 23 30 32 
 3 10 13 23 30 32 
 2 11 13 23 30 32 
 1 12 13 23 30 32 
 5  7 14 23 30 32 
 4  8 14 23 30 32 
 3  9 14 23 30 32 
 2 10 14 23 30 32 
 1 11 14 23 30 32 
 5  6 15 23 30 32 
 4  7 15 23 30 32 
 3  8 15 23 30 32 
 2  9 15 23 30 32 
 1 10 15 23 30 32 
 4  6 16 23 30 32 
 3  7 16 23 30 32 
 2  8 16 23 30 32 
 1  9 16 23 30 32 
 4  5 17 23 30 32 
 3  6 17 23 30 32 
 2  7 17 23 30 32 
 1  8 17 23 30 32 
 3  5 18 23 30 32 
 2  6 18 23 30 32 
 1  7 18 23 30 32 
 3  4 19 23 30 32 
 2  5 19 23 30 32 
 1  6 19 23 30 32 
 2  4 20 23 30 32 
 1  5 20 23 30 32 
 2  3 21 23 30 32 
 1  4 21 23 30 32 
 1  3 22 23 30 32 
 7  8 10 24 30 32 
 6  9 10 24 30 32 
 6  8 11 24 30 32 
 5  9 11 24 30 32 
 4 10 11 24 30 32 
 6  7 12 24 30 32 
 5  8 12 24 30 32 
 4  9 12 24 30 32 
 3 10 12 24 30 32 
 2 11 12 24 30 32 
 5  7 13 24 30 32 
 4  8 13 24 30 32 
 3  9 13 24 30 32 
 2 10 13 24 30 32 
 1 11 13 24 30 32 
 5  6 14 24 30 32 
 4  7 14 24 30 32 
 3  8 14 24 30 32 
 2  9 14 24 30 32 
 1 10 14 24 30 32 
 4  6 15 24 30 32 
 3  7 15 24 30 32 
 2  8 15 24 30 32 
 1  9 15 24 30 32 
 4  5 16 24 30 32 
 3  6 16 24 30 32 
 2  7 16 24 30 32 
 1  8 16 24 30 32 
 3  5 17 24 30 32 
 2  6 17 24 30 32 
 1  7 17 24 30 32 
 3  4 18 24 30 32 
 2  5 18 24 30 32 
 1  6 18 24 30 32 
 2  4 19 24 30 32 
 1  5 19 24 30 32 
 2  3 20 24 30 32 
 1  4 20 24 30 32 
 1  3 21 24 30 32 
 1  2 22 24 30 32 
 7  8  9 25 30 32 
 6  8 10 25 30 32 
 5  9 10 25 30 32 
 6  7 11 25 30 32 
 5  8 11 25 30 32 
 4  9 11 25 30 32 
 3 10 11 25 30 32 
 5  7 12 25 30 32 
 4  8 12 25 30 32 
 3  9 12 25 30 32 
 2 10 12 25 30 32 
 1 11 12 25 30 32 
 5  6 13 25 30 32 
 4  7 13 25 30 32 
 3  8 13 25 30 32 
 2  9 13 25 30 32 
 1 10 13 25 30 32 
 4  6 14 25 30 32 
 3  7 14 25 30 32 
 2  8 14 25 30 32 
 1  9 14 25 30 32 
 4  5 15 25 30 32 
 3  6 15 25 30 32 
 2  7 15 25 30 32 
 1  8 15 25 30 32 
 3  5 16 25 30 32 
 2  6 16 25 30 32 
 1  7 16 25 30 32 
 3  4 17 25 30 32 
 2  5 17 25 30 32 
 1  6 17 25 30 32 
 2  4 18 25 30 32 
 1  5 18 25 30 32 
 2  3 19 25 30 32 
 1  4 19 25 30 32 
 1  3 20 25 30 32 
 1  2 21 25 30 32 
 6  8  9 26 30 32 
 6  7 10 26 30 32 
 5  8 10 26 30 32 
 4  9 10 26 30 32 
 5  7 11 26 30 32 
 4  8 11 26 30 32 
 3  9 11 26 30 32 
 2 10 11 26 30 32 
 5  6 12 26 30 32 
 4  7 12 26 30 32 
 3  8 12 26 30 32 
 2  9 12 26 30 32 
 1 10 12 26 30 32 
 4  6 13 26 30 32 
 3  7 13 26 30 32 
 2  8 13 26 30 32 
 1  9 13 26 30 32 
 4  5 14 26 30 32 
 3  6 14 26 30 32 
 2  7 14 26 30 32 
 1  8 14 26 30 32 
 3  5 15 26 30 32 
 2  6 15 26 30 32 
 1  7 15 26 30 32 
 3  4 16 26 30 32 
 2  5 16 26 30 32 
 1  6 16 26 30 32 
 2  4 17 26 30 32 
 1  5 17 26 30 32 
 2  3 18 26 30 32 
 1  4 18 26 30 32 
 1  3 19 26 30 32 
 1  2 20 26 30 32 
 6  7  9 27 30 32 
 5  8  9 27 30 32 
 5  7 10 27 30 32 
 4  8 10 27 30 32 
 3  9 10 27 30 32 
 5  6 11 27 30 32 
 4  7 11 27 30 32 
 3  8 11 27 30 32 
 2  9 11 27 30 32 
 1 10 11 27 30 32 
 4  6 12 27 30 32 
 3  7 12 27 30 32 
 2  8 12 27 30 32 
 1  9 12 27 30 32 
 4  5 13 27 30 32 
 3  6 13 27 30 32 
 2  7 13 27 30 32 
 1  8 13 27 30 32 
 3  5 14 27 30 32 
 2  6 14 27 30 32 
 1  7 14 27 30 32 
 3  4 15 27 30 32 
 2  5 15 27 30 32 
 1  6 15 27 30 32 
 2  4 16 27 30 32 
 1  5 16 27 30 32 
 2  3 17 27 30 32 
 1  4 17 27 30 32 
 1  3 18 27 30 32 
 1  2 19 27 30 32 
 6  7  8 28 30 32 
 5  7  9 28 30 32 
 4  8  9 28 30 32 
 5  6 10 28 30 32 
 4  7 10 28 30 32 
 3  8 10 28 30 32 
 2  9 10 28 30 32 
 4  6 11 28 30 32 
 3  7 11 28 30 32 
 2  8 11 28 30 32 
 1  9 11 28 30 32 
 4  5 12 28 30 32 
 3  6 12 28 30 32 
 2  7 12 28 30 32 
 1  8 12 28 30 32 
 3  5 13 28 30 32 
 2  6 13 28 30 32 
 1  7 13 28 30 32 
 3  4 14 28 30 32 
 2  5 14 28 30 32 
 1  6 14 28 30 32 
 2  4 15 28 30 32 
 1  5 15 28 30 32 
 2  3 16 28 30 32 
 1  4 16 28 30 32 
 1  3 17 28 30 32 
 1  2 18 28 30 32 
 5  7  8 29 30 32 
 5  6  9 29 30 32 
 4  7  9 29 30 32 
 3  8  9 29 30 32 
 4  6 10 29 30 32 
 3  7 10 29 30 32 
 2  8 10 29 30 32 
 1  9 10 29 30 32 
 4  5 11 29 30 32 
 3  6 11 29 30 32 
 2  7 11 29 30 32 
 1  8 11 29 30 32 
 3  5 12 29 30 32 
 2  6 12 29 30 32 
 1  7 12 29 30 32 
 3  4 13 29 30 32 
 2  5 13 29 30 32 
 1  6 13 29 30 32 
 2  4 14 29 30 32 
 1  5 14 29 30 32 
 2  3 15 29 30 32 
 1  4 15 29 30 32 
 1  3 16 29 30 32 
 1  2 17 29 30 32 
10 11 13 14 31 32 
 9 12 13 14 31 32 
10 11 12 15 31 32 
 9 11 13 15 31 32 
 8 12 13 15 31 32 
 9 10 14 15 31 32 
 8 11 14 15 31 32 
 7 12 14 15 31 32 
 6 13 14 15 31 32 
 9 11 12 16 31 32 
 9 10 13 16 31 32 
 8 11 13 16 31 32 
 7 12 13 16 31 32 
 8 10 14 16 31 32 
 7 11 14 16 31 32 
 6 12 14 16 31 32 
 5 13 14 16 31 32 
 8  9 15 16 31 32 
 7 10 15 16 31 32 
 6 11 15 16 31 32 
 5 12 15 16 31 32 
 4 13 15 16 31 32 
 3 14 15 16 31 32 
 9 10 12 17 31 32 
 8 11 12 17 31 32 
 8 10 13 17 31 32 
 7 11 13 17 31 32 
 6 12 13 17 31 32 
 8  9 14 17 31 32 
 7 10 14 17 31 32 
 6 11 14 17 31 32 
 5 12 14 17 31 32 
 4 13 14 17 31 32 
 7  9 15 17 31 32 
 6 10 15 17 31 32 
 5 11 15 17 31 32 
 4 12 15 17 31 32 
 3 13 15 17 31 32 
 2 14 15 17 31 32 
 7  8 16 17 31 32 
 6  9 16 17 31 32 
 5 10 16 17 31 32 
 4 11 16 17 31 32 
 3 12 16 17 31 32 
 2 13 16 17 31 32 
 1 14 16 17 31 32 
 9 10 11 18 31 32 
 8 10 12 18 31 32 
 7 11 12 18 31 32 
 8  9 13 18 31 32 
 7 10 13 18 31 32 
 6 11 13 18 31 32 
 5 12 13 18 31 32 
 7  9 14 18 31 32 
 6 10 14 18 31 32 
 5 11 14 18 31 32 
 4 12 14 18 31 32 
 3 13 14 18 31 32 
 7  8 15 18 31 32 
 6  9 15 18 31 32 
 5 10 15 18 31 32 
 4 11 15 18 31 32 
 3 12 15 18 31 32 
 2 13 15 18 31 32 
 1 14 15 18 31 32 
 6  8 16 18 31 32 
 5  9 16 18 31 32 
 4 10 16 18 31 32 
 3 11 16 18 31 32 
 2 12 16 18 31 32 
 1 13 16 18 31 32 
 6  7 17 18 31 32 
 5  8 17 18 31 32 
 4  9 17 18 31 32 
 3 10 17 18 31 32 
 2 11 17 18 31 32 
 1 12 17 18 31 32 
 8 10 11 19 31 32 
 8  9 12 19 31 32 
 7 10 12 19 31 32 
 6 11 12 19 31 32 
 7  9 13 19 31 32 
 6 10 13 19 31 32 
 5 11 13 19 31 32 
 4 12 13 19 31 32 
 7  8 14 19 31 32 
 6  9 14 19 31 32 
 5 10 14 19 31 32 
 4 11 14 19 31 32 
 3 12 14 19 31 32 
 2 13 14 19 31 32 
 6  8 15 19 31 32 
 5  9 15 19 31 32 
 4 10 15 19 31 32 
 3 11 15 19 31 32 
 2 12 15 19 31 32 
 1 13 15 19 31 32 
 6  7 16 19 31 32 
 5  8 16 19 31 32 
 4  9 16 19 31 32 
 3 10 16 19 31 32 
 2 11 16 19 31 32 
 1 12 16 19 31 32 
 5  7 17 19 31 32 
 4  8 17 19 31 32 
 3  9 17 19 31 32 
 2 10 17 19 31 32 
 1 11 17 19 31 32 
 5  6 18 19 31 32 
 4  7 18 19 31 32 
 3  8 18 19 31 32 
 2  9 18 19 31 32 
 1 10 18 19 31 32 
 8  9 11 20 31 32 
 7 10 11 20 31 32 
 7  9 12 20 31 32 
 6 10 12 20 31 32 
 5 11 12 20 31 32 
 7  8 13 20 31 32 
 6  9 13 20 31 32 
 5 10 13 20 31 32 
 4 11 13 20 31 32 
 3 12 13 20 31 32 
 6  8 14 20 31 32 
 5  9 14 20 31 32 
 4 10 14 20 31 32 
 3 11 14 20 31 32 
 2 12 14 20 31 32 
 1 13 14 20 31 32 
 6  7 15 20 31 32 
 5  8 15 20 31 32 
 4  9 15 20 31 32 
 3 10 15 20 31 32 
 2 11 15 20 31 32 
 1 12 15 20 31 32 
 5  7 16 20 31 32 
 4  8 16 20 31 32 
 3  9 16 20 31 32 
 2 10 16 20 31 32 
 1 11 16 20 31 32 
 5  6 17 20 31 32 
 4  7 17 20 31 32 
 3  8 17 20 31 32 
 2  9 17 20 31 32 
 1 10 17 20 31 32 
 4  6 18 20 31 32 
 3  7 18 20 31 32 
 2  8 18 20 31 32 
 1  9 18 20 31 32 
 4  5 19 20 31 32 
 3  6 19 20 31 32 
 2  7 19 20 31 32 
 1  8 19 20 31 32 
 8  9 10 21 31 32 
 7  9 11 21 31 32 
 6 10 11 21 31 32 
 7  8 12 21 31 32 
 6  9 12 21 31 32 
 5 10 12 21 31 32 
 4 11 12 21 31 32 
 6  8 13 21 31 32 
 5  9 13 21 31 32 
 4 10 13 21 31 32 
 3 11 13 21 31 32 
 2 12 13 21 31 32 
 6  7 14 21 31 32 
 5  8 14 21 31 32 
 4  9 14 21 31 32 
 3 10 14 21 31 32 
 2 11 14 21 31 32 
 1 12 14 21 31 32 
 5  7 15 21 31 32 
 4  8 15 21 31 32 
 3  9 15 21 31 32 
 2 10 15 21 31 32 
 1 11 15 21 31 32 
 5  6 16 21 31 32 
 4  7 16 21 31 32 
 3  8 16 21 31 32 
 2  9 16 21 31 32 
 1 10 16 21 31 32 
 4  6 17 21 31 32 
 3  7 17 21 31 32 
 2  8 17 21 31 32 
 1  9 17 21 31 32 
 4  5 18 21 31 32 
 3  6 18 21 31 32 
 2  7 18 21 31 32 
 1  8 18 21 31 32 
 3  5 19 21 31 32 
 2  6 19 21 31 32 
 1  7 19 21 31 32 
 3  4 20 21 31 32 
 2  5 20 21 31 32 
 1  6 20 21 31 32 
 7  9 10 22 31 32 
 7  8 11 22 31 32 
 6  9 11 22 31 32 
 5 10 11 22 31 32 
 6  8 12 22 31 32 
 5  9 12 22 31 32 
 4 10 12 22 31 32 
 3 11 12 22 31 32 
 6  7 13 22 31 32 
 5  8 13 22 31 32 
 4  9 13 22 31 32 
 3 10 13 22 31 32 
 2 11 13 22 31 32 
 1 12 13 22 31 32 
 5  7 14 22 31 32 
 4  8 14 22 31 32 
 3  9 14 22 31 32 
 2 10 14 22 31 32 
 1 11 14 22 31 32 
 5  6 15 22 31 32 
 4  7 15 22 31 32 
 3  8 15 22 31 32 
 2  9 15 22 31 32 
 1 10 15 22 31 32 
 4  6 16 22 31 32 
 3  7 16 22 31 32 
 2  8 16 22 31 32 
 1  9 16 22 31 32 
 4  5 17 22 31 32 
 3  6 17 22 31 32 
 2  7 17 22 31 32 
 1  8 17 22 31 32 
 3  5 18 22 31 32 
 2  6 18 22 31 32 
 1  7 18 22 31 32 
 3  4 19 22 31 32 
 2  5 19 22 31 32 
 1  6 19 22 31 32 
 2  4 20 22 31 32 
 1  5 20 22 31 32 
 2  3 21 22 31 32 
 1  4 21 22 31 32 
 7  8 10 23 31 32 
 6  9 10 23 31 32 
 6  8 11 23 31 32 
 5  9 11 23 31 32 
 4 10 11 23 31 32 
 6  7 12 23 31 32 
 5  8 12 23 31 32 
 4  9 12 23 31 32 
 3 10 12 23 31 32 
 2 11 12 23 31 32 
 5  7 13 23 31 32 
 4  8 13 23 31 32 
 3  9 13 23 31 32 
 2 10 13 23 31 32 
 1 11 13 23 31 32 
 5  6 14 23 31 32 
 4  7 14 23 31 32 
 3  8 14 23 31 32 
 2  9 14 23 31 32 
 1 10 14 23 31 32 
 4  6 15 23 31 32 
 3  7 15 23 31 32 
 2  8 15 23 31 32 
 1  9 15 23 31 32 
 4  5 16 23 31 32 
 3  6 16 23 31 32 
 2  7 16 23 31 32 
 1  8 16 23 31 32 
 3  5 17 23 31 32 
 2  6 17 23 31 32 
 1  7 17 23 31 32 
 3  4 18 23 31 32 
 2  5 18 23 31 32 
 1  6 18 23 31 32 
 2  4 19 23 31 32 
 1  5 19 23 31 32 
 2  3 20 23 31 32 
 1  4 20 23 31 32 
 1  3 21 23 31 32 
 1  2 22 23 31 32 
 7  8  9 24 31 32 
 6  8 10 24 31 32 
 5  9 10 24 31 32 
 6  7 11 24 31 32 
 5  8 11 24 31 32 
 4  9 11 24 31 32 
 3 10 11 24 31 32 
 5  7 12 24 31 32 
 4  8 12 24 31 32 
 3  9 12 24 31 32 
 2 10 12 24 31 32 
 1 11 12 24 31 32 
 5  6 13 24 31 32 
 4  7 13 24 31 32 
 3  8 13 24 31 32 
 2  9 13 24 31 32 
 1 10 13 24 31 32 
 4  6 14 24 31 32 
 3  7 14 24 31 32 
 2  8 14 24 31 32 
 1  9 14 24 31 32 
 4  5 15 24 31 32 
 3  6 15 24 31 32 
 2  7 15 24 31 32 
 1  8 15 24 31 32 
 3  5 16 24 31 32 
 2  6 16 24 31 32 
 1  7 16 24 31 32 
 3  4 17 24 31 32 
 2  5 17 24 31 32 
 1  6 17 24 31 32 
 2  4 18 24 31 32 
 1  5 18 24 31 32 
 2  3 19 24 31 32 
 1  4 19 24 31 32 
 1  3 20 24 31 32 
 1  2 21 24 31 32 
 6  8  9 25 31 32 
 6  7 10 25 31 32 
 5  8 10 25 31 32 
 4  9 10 25 31 32 
 5  7 11 25 31 32 
 4  8 11 25 31 32 
 3  9 11 25 31 32 
 2 10 11 25 31 32 
 5  6 12 25 31 32 
 4  7 12 25 31 32 
 3  8 12 25 31 32 
 2  9 12 25 31 32 
 1 10 12 25 31 32 
 4  6 13 25 31 32 
 3  7 13 25 31 32 
 2  8 13 25 31 32 
 1  9 13 25 31 32 
 4  5 14 25 31 32 
 3  6 14 25 31 32 
 2  7 14 25 31 32 
 1  8 14 25 31 32 
 3  5 15 25 31 32 
 2  6 15 25 31 32 
 1  7 15 25 31 32 
 3  4 16 25 31 32 
 2  5 16 25 31 32 
 1  6 16 25 31 32 
 2  4 17 25 31 32 
 1  5 17 25 31 32 
 2  3 18 25 31 32 
 1  4 18 25 31 32 
 1  3 19 25 31 32 
 1  2 20 25 31 32 
 6  7  9 26 31 32 
 5  8  9 26 31 32 
 5  7 10 26 31 32 
 4  8 10 26 31 32 
 3  9 10 26 31 32 
 5  6 11 26 31 32 
 4  7 11 26 31 32 
 3  8 11 26 31 32 
 2  9 11 26 31 32 
 1 10 11 26 31 32 
 4  6 12 26 31 32 
 3  7 12 26 31 32 
 2  8 12 26 31 32 
 1  9 12 26 31 32 
 4  5 13 26 31 32 
 3  6 13 26 31 32 
 2  7 13 26 31 32 
 1  8 13 26 31 32 
 3  5 14 26 31 32 
 2  6 14 26 31 32 
 1  7 14 26 31 32 
 3  4 15 26 31 32 
 2  5 15 26 31 32 
 1  6 15 26 31 32 
 2  4 16 26 31 32 
 1  5 16 26 31 32 
 2  3 17 26 31 32 
 1  4 17 26 31 32 
 1  3 18 26 31 32 
 1  2 19 26 31 32 
 6  7  8 27 31 32 
 5  7  9 27 31 32 
 4  8  9 27 31 32 
 5  6 10 27 31 32 
 4  7 10 27 31 32 
 3  8 10 27 31 32 
 2  9 10 27 31 32 
 4  6 11 27 31 32 
 3  7 11 27 31 32 
 2  8 11 27 31 32 
 1  9 11 27 31 32 
 4  5 12 27 31 32 
 3  6 12 27 31 32 
 2  7 12 27 31 32 
 1  8 12 27 31 32 
 3  5 13 27 31 32 
 2  6 13 27 31 32 
 1  7 13 27 31 32 
 3  4 14 27 31 32 
 2  5 14 27 31 32 
 1  6 14 27 31 32 
 2  4 15 27 31 32 
 1  5 15 27 31 32 
 2  3 16 27 31 32 
 1  4 16 27 31 32 
 1  3 17 27 31 32 
 1  2 18 27 31 32 
 5  7  8 28 31 32 
 5  6  9 28 31 32 
 4  7  9 28 31 32 
 3  8  9 28 31 32 
 4  6 10 28 31 32 
 3  7 10 28 31 32 
 2  8 10 28 31 32 
 1  9 10 28 31 32 
 4  5 11 28 31 32 
 3  6 11 28 31 32 
 2  7 11 28 31 32 
 1  8 11 28 31 32 
 3  5 12 28 31 32 
 2  6 12 28 31 32 
 1  7 12 28 31 32 
 3  4 13 28 31 32 
 2  5 13 28 31 32 
 1  6 13 28 31 32 
 2  4 14 28 31 32 
 1  5 14 28 31 32 
 2  3 15 28 31 32 
 1  4 15 28 31 32 
 1  3 16 28 31 32 
 1  2 17 28 31 32 
 5  6  8 29 31 32 
 4  7  8 29 31 32 
 4  6  9 29 31 32 
 3  7  9 29 31 32 
 2  8  9 29 31 32 
 4  5 10 29 31 32 
 3  6 10 29 31 32 
 2  7 10 29 31 32 
 1  8 10 29 31 32 
 3  5 11 29 31 32 
 2  6 11 29 31 32 
 1  7 11 29 31 32 
 3  4 12 29 31 32 
 2  5 12 29 31 32 
 1  6 12 29 31 32 
 2  4 13 29 31 32 
 1  5 13 29 31 32 
 2  3 14 29 31 32 
 1  4 14 29 31 32 
 1  3 15 29 31 32 
 1  2 16 29 31 32 
 5  6  7 30 31 32 
 4  6  8 30 31 32 
 3  7  8 30 31 32 
 4  5  9 30 31 32 
 3  6  9 30 31 32 
 2  7  9 30 31 32 
 1  8  9 30 31 32 
 3  5 10 30 31 32 
 2  6 10 30 31 32 
 1  7 10 30 31 32 
 3  4 11 30 31 32 
 2  5 11 30 31 32 
 1  6 11 30 31 32 
 2  4 12 30 31 32 
 1  5 12 30 31 32 
 2  3 13 30 31 32 
 1  4 13 30 31 32 
 1  3 14 30 31 32 
 1  2 15 30 31 32 
13 14 16 17 18 33 
12 15 16 17 18 33 
13 14 15 17 19 33 
12 14 16 17 19 33 
11 15 16 17 19 33 
12 14 15 18 19 33 
12 13 16 18 19 33 
11 14 16 18 19 33 
10 15 16 18 19 33 
11 13 17 18 19 33 
10 14 17 18 19 33 
 9 15 17 18 19 33 
 8 16 17 18 19 33 
13 14 15 16 20 33 
12 14 15 17 20 33 
12 13 16 17 20 33 
11 14 16 17 20 33 
10 15 16 17 20 33 
12 13 15 18 20 33 
11 14 15 18 20 33 
11 13 16 18 20 33 
10 14 16 18 20 33 
 9 15 16 18 20 33 
11 12 17 18 20 33 
10 13 17 18 20 33 
 9 14 17 18 20 33 
 8 15 17 18 20 33 
 7 16 17 18 20 33 
12 13 14 19 20 33 
11 13 15 19 20 33 
10 14 15 19 20 33 
11 12 16 19 20 33 
10 13 16 19 20 33 
 9 14 16 19 20 33 
 8 15 16 19 20 33 
10 12 17 19 20 33 
 9 13 17 19 20 33 
 8 14 17 19 20 33 
 7 15 17 19 20 33 
 6 16 17 19 20 33 
10 11 18 19 20 33 
 9 12 18 19 20 33 
 8 13 18 19 20 33 
 7 14 18 19 20 33 
 6 15 18 19 20 33 
 5 16 18 19 20 33 
 4 17 18 19 20 33 
12 14 15 16 21 33 
12 13 15 17 21 33 
11 14 15 17 21 33 
11 13 16 17 21 33 
10 14 16 17 21 33 
 9 15 16 17 21 33 
12 13 14 18 21 33 
11 13 15 18 21 33 
10 14 15 18 21 33 
11 12 16 18 21 33 
10 13 16 18 21 33 
 9 14 16 18 21 33 
 8 15 16 18 21 33 
10 12 17 18 21 33 
 9 13 17 18 21 33 
 8 14 17 18 21 33 
 7 15 17 18 21 33 
 6 16 17 18 21 33 
11 13 14 19 21 33 
11 12 15 19 21 33 
10 13 15 19 21 33 
 9 14 15 19 21 33 
10 12 16 19 21 33 
 9 13 16 19 21 33 
 8 14 16 19 21 33 
 7 15 16 19 21 33 
10 11 17 19 21 33 
 9 12 17 19 21 33 
 8 13 17 19 21 33 
 7 14 17 19 21 33 
 6 15 17 19 21 33 
 5 16 17 19 21 33 
 9 11 18 19 21 33 
 8 12 18 19 21 33 
 7 13 18 19 21 33 
 6 14 18 19 21 33 
 5 15 18 19 21 33 
 4 16 18 19 21 33 
 3 17 18 19 21 33 
11 12 14 20 21 33 
10 13 14 20 21 33 
10 12 15 20 21 33 
 9 13 15 20 21 33 
 8 14 15 20 21 33 
10 11 16 20 21 33 
 9 12 16 20 21 33 
 8 13 16 20 21 33 
 7 14 16 20 21 33 
 6 15 16 20 21 33 
 9 11 17 20 21 33 
 8 12 17 20 21 33 
 7 13 17 20 21 33 
 6 14 17 20 21 33 
 5 15 17 20 21 33 
 4 16 17 20 21 33 
 9 10 18 20 21 33 
 8 11 18 20 21 33 
 7 12 18 20 21 33 
 6 13 18 20 21 33 
 5 14 18 20 21 33 
 4 15 18 20 21 33 
 3 16 18 20 21 33 
 2 17 18 20 21 33 
 8 10 19 20 21 33 
 7 11 19 20 21 33 
 6 12 19 20 21 33 
 5 13 19 20 21 33 
 4 14 19 20 21 33 
 3 15 19 20 21 33 
 2 16 19 20 21 33 
 1 17 19 20 21 33 
12 13 15 16 22 33 
11 14 15 16 22 33 
12 13 14 17 22 33 
11 13 15 17 22 33 
10 14 15 17 22 33 
11 12 16 17 22 33 
10 13 16 17 22 33 
 9 14 16 17 22 33 
 8 15 16 17 22 33 
11 13 14 18 22 33 
11 12 15 18 22 33 
10 13 15 18 22 33 
 9 14 15 18 22 33 
10 12 16 18 22 33 
 9 13 16 18 22 33 
 8 14 16 18 22 33 
 7 15 16 18 22 33 
10 11 17 18 22 33 
 9 12 17 18 22 33 
 8 13 17 18 22 33 
 7 14 17 18 22 33 
 6 15 17 18 22 33 
 5 16 17 18 22 33 
11 12 14 19 22 33 
10 13 14 19 22 33 
10 12 15 19 22 33 
 9 13 15 19 22 33 
 8 14 15 19 22 33 
10 11 16 19 22 33 
 9 12 16 19 22 33 
 8 13 16 19 22 33 
 7 14 16 19 22 33 
 6 15 16 19 22 33 
 9 11 17 19 22 33 
 8 12 17 19 22 33 
 7 13 17 19 22 33 
 6 14 17 19 22 33 
 5 15 17 19 22 33 
 4 16 17 19 22 33 
 9 10 18 19 22 33 
 8 11 18 19 22 33 
 7 12 18 19 22 33 
 6 13 18 19 22 33 
 5 14 18 19 22 33 
 4 15 18 19 22 33 
 3 16 18 19 22 33 
 2 17 18 19 22 33 
11 12 13 20 22 33 
10 12 14 20 22 33 
 9 13 14 20 22 33 
10 11 15 20 22 33 
 9 12 15 20 22 33 
 8 13 15 20 22 33 
 7 14 15 20 22 33 
 9 11 16 20 22 33 
 8 12 16 20 22 33 
 7 13 16 20 22 33 
 6 14 16 20 22 33 
 5 15 16 20 22 33 
 9 10 17 20 22 33 
 8 11 17 20 22 33 
 7 12 17 20 22 33 
 6 13 17 20 22 33 
 5 14 17 20 22 33 
 4 15 17 20 22 33 
 3 16 17 20 22 33 
 8 10 18 20 22 33 
 7 11 18 20 22 33 
 6 12 18 20 22 33 
 5 13 18 20 22 33 
 4 14 18 20 22 33 
 3 15 18 20 22 33 
 2 16 18 20 22 33 
 1 17 18 20 22 33 
 8  9 19 20 22 33 
 7 10 19 20 22 33 
 6 11 19 20 22 33 
 5 12 19 20 22 33 
 4 13 19 20 22 33 
 3 14 19 20 22 33 
 2 15 19 20 22 33 
 1 16 19 20 22 33 
10 12 13 21 22 33 
10 11 14 21 22 33 
 9 12 14 21 22 33 
 8 13 14 21 22 33 
 9 11 15 21 22 33 
 8 12 15 21 22 33 
 7 13 15 21 22 33 
 6 14 15 21 22 33 
 9 10 16 21 22 33 
 8 11 16 21 22 33 
 7 12 16 21 22 33 
 6 13 16 21 22 33 
 5 14 16 21 22 33 
 4 15 16 21 22 33 
 8 10 17 21 22 33 
 7 11 17 21 22 33 
 6 12 17 21 22 33 
 5 13 17 21 22 33 
 4 14 17 21 22 33 
 3 15 17 21 22 33 
 2 16 17 21 22 33 
 8  9 18 21 22 33 
 7 10 18 21 22 33 
 6 11 18 21 22 33 
 5 12 18 21 22 33 
 4 13 18 21 22 33 
 3 14 18 21 22 33 
 2 15 18 21 22 33 
 1 16 18 21 22 33 
 7  9 19 21 22 33 
 6 10 19 21 22 33 
 5 11 19 21 22 33 
 4 12 19 21 22 33 
 3 13 19 21 22 33 
 2 14 19 21 22 33 
 1 15 19 21 22 33 
 7  8 20 21 22 33 
 6  9 20 21 22 33 
 5 10 20 21 22 33 
 4 11 20 21 22 33 
 3 12 20 21 22 33 
 2 13 20 21 22 33 
 1 14 20 21 22 33 
12 13 14 16 23 33 
11 13 15 16 23 33 
10 14 15 16 23 33 
11 13 14 17 23 33 
11 12 15 17 23 33 
10 13 15 17 23 33 
 9 14 15 17 23 33 
10 12 16 17 23 33 
 9 13 16 17 23 33 
 8 14 16 17 23 33 
 7 15 16 17 23 33 
11 12 14 18 23 33 
10 13 14 18 23 33 
10 12 15 18 23 33 
 9 13 15 18 23 33 
 8 14 15 18 23 33 
10 11 16 18 23 33 
 9 12 16 18 23 33 
 8 13 16 18 23 33 
 7 14 16 18 23 33 
 6 15 16 18 23 33 
 9 11 17 18 23 33 
 8 12 17 18 23 33 
 7 13 17 18 23 33 
 6 14 17 18 23 33 
 5 15 17 18 23 33 
 4 16 17 18 23 33 
11 12 13 19 23 33 
10 12 14 19 23 33 
 9 13 14 19 23 33 
10 11 15 19 23 33 
 9 12 15 19 23 33 
 8 13 15 19 23 33 
 7 14 15 19 23 33 
 9 11 16 19 23 33 
 8 12 16 19 23 33 
 7 13 16 19 23 33 
 6 14 16 19 23 33 
 5 15 16 19 23 33 
 9 10 17 19 23 33 
 8 11 17 19 23 33 
 7 12 17 19 23 33 
 6 13 17 19 23 33 
 5 14 17 19 23 33 
 4 15 17 19 23 33 
 3 16 17 19 23 33 
 8 10 18 19 23 33 
 7 11 18 19 23 33 
 6 12 18 19 23 33 
 5 13 18 19 23 33 
 4 14 18 19 23 33 
 3 15 18 19 23 33 
 2 16 18 19 23 33 
 1 17 18 19 23 33 
10 12 13 20 23 33 
10 11 14 20 23 33 
 9 12 14 20 23 33 
 8 13 14 20 23 33 
 9 11 15 20 23 33 
 8 12 15 20 23 33 
 7 13 15 20 23 33 
 6 14 15 20 23 33 
 9 10 16 20 23 33 
 8 11 16 20 23 33 
 7 12 16 20 23 33 
 6 13 16 20 23 33 
 5 14 16 20 23 33 
 4 15 16 20 23 33 
 8 10 17 20 23 33 
 7 11 17 20 23 33 
 6 12 17 20 23 33 
 5 13 17 20 23 33 
 4 14 17 20 23 33 
 3 15 17 20 23 33 
 2 16 17 20 23 33 
 8  9 18 20 23 33 
 7 10 18 20 23 33 
 6 11 18 20 23 33 
 5 12 18 20 23 33 
 4 13 18 20 23 33 
 3 14 18 20 23 33 
 2 15 18 20 23 33 
 1 16 18 20 23 33 
 7  9 19 20 23 33 
 6 10 19 20 23 33 
 5 11 19 20 23 33 
 4 12 19 20 23 33 
 3 13 19 20 23 33 
 2 14 19 20 23 33 
 1 15 19 20 23 33 
10 11 13 21 23 33 
 9 12 13 21 23 33 
 9 11 14 21 23 33 
 8 12 14 21 23 33 
 7 13 14 21 23 33 
 9 10 15 21 23 33 
 8 11 15 21 23 33 
 7 12 15 21 23 33 
 6 13 15 21 23 33 
 5 14 15 21 23 33 
 8 10 16 21 23 33 
 7 11 16 21 23 33 
 6 12 16 21 23 33 
 5 13 16 21 23 33 
 4 14 16 21 23 33 
 3 15 16 21 23 33 
 8  9 17 21 23 33 
 7 10 17 21 23 33 
 6 11 17 21 23 33 
 5 12 17 21 23 33 
 4 13 17 21 23 33 
 3 14 17 21 23 33 
 2 15 17 21 23 33 
 1 16 17 21 23 33 
 7  9 18 21 23 33 
 6 10 18 21 23 33 
 5 11 18 21 23 33 
 4 12 18 21 23 33 
 3 13 18 21 23 33 
 2 14 18 21 23 33 
 1 15 18 21 23 33 
 7  8 19 21 23 33 
 6  9 19 21 23 33 
 5 10 19 21 23 33 
 4 11 19 21 23 33 
 3 12 19 21 23 33 
 2 13 19 21 23 33 
 1 14 19 21 23 33 
 6  8 20 21 23 33 
 5  9 20 21 23 33 
 4 10 20 21 23 33 
 3 11 20 21 23 33 
 2 12 20 21 23 33 
 1 13 20 21 23 33 
10 11 12 22 23 33 
 9 11 13 22 23 33 
 8 12 13 22 23 33 
 9 10 14 22 23 33 
 8 11 14 22 23 33 
 7 12 14 22 23 33 
 6 13 14 22 23 33 
 8 10 15 22 23 33 
 7 11 15 22 23 33 
 6 12 15 22 23 33 
 5 13 15 22 23 33 
 4 14 15 22 23 33 
 8  9 16 22 23 33 
 7 10 16 22 23 33 
 6 11 16 22 23 33 
 5 12 16 22 23 33 
 4 13 16 22 23 33 
 3 14 16 22 23 33 
 2 15 16 22 23 33 
 7  9 17 22 23 33 
 6 10 17 22 23 33 
 5 11 17 22 23 33 
 4 12 17 22 23 33 
 3 13 17 22 23 33 
 2 14 17 22 23 33 
 1 15 17 22 23 33 
 7  8 18 22 23 33 
 6  9 18 22 23 33 
 5 10 18 22 23 33 
 4 11 18 22 23 33 
 3 12 18 22 23 33 
 2 13 18 22 23 33 
 1 14 18 22 23 33 
 6  8 19 22 23 33 
 5  9 19 22 23 33 
 4 10 19 22 23 33 
 3 11 19 22 23 33 
 2 12 19 22 23 33 
 1 13 19 22 23 33 
 6  7 20 22 23 33 
 5  8 20 22 23 33 
 4  9 20 22 23 33 
 3 10 20 22 23 33 
 2 11 20 22 23 33 
 1 12 20 22 23 33 
 5  7 21 22 23 33 
 4  8 21 22 23 33 
 3  9 21 22 23 33 
 2 10 21 22 23 33 
 1 11 21 22 23 33 
12 13 14 15 24 33 
11 13 14 16 24 33 
11 12 15 16 24 33 
10 13 15 16 24 33 
 9 14 15 16 24 33 
11 12 14 17 24 33 
10 13 14 17 24 33 
10 12 15 17 24 33 
 9 13 15 17 24 33 
 8 14 15 17 24 33 
10 11 16 17 24 33 
 9 12 16 17 24 33 
 8 13 16 17 24 33 
 7 14 16 17 24 33 
 6 15 16 17 24 33 
11 12 13 18 24 33 
10 12 14 18 24 33 
 9 13 14 18 24 33 
10 11 15 18 24 33 
 9 12 15 18 24 33 
 8 13 15 18 24 33 
 7 14 15 18 24 33 
 9 11 16 18 24 33 
 8 12 16 18 24 33 
 7 13 16 18 24 33 
 6 14 16 18 24 33 
 5 15 16 18 24 33 
 9 10 17 18 24 33 
 8 11 17 18 24 33 
 7 12 17 18 24 33 
 6 13 17 18 24 33 
 5 14 17 18 24 33 
 4 15 17 18 24 33 
 3 16 17 18 24 33 
10 12 13 19 24 33 
10 11 14 19 24 33 
 9 12 14 19 24 33 
 8 13 14 19 24 33 
 9 11 15 19 24 33 
 8 12 15 19 24 33 
 7 13 15 19 24 33 
 6 14 15 19 24 33 
 9 10 16 19 24 33 
 8 11 16 19 24 33 
 7 12 16 19 24 33 
 6 13 16 19 24 33 
 5 14 16 19 24 33 
 4 15 16 19 24 33 
 8 10 17 19 24 33 
 7 11 17 19 24 33 
 6 12 17 19 24 33 
 5 13 17 19 24 33 
 4 14 17 19 24 33 
 3 15 17 19 24 33 
 2 16 17 19 24 33 
 8  9 18 19 24 33 
 7 10 18 19 24 33 
 6 11 18 19 24 33 
 5 12 18 19 24 33 
 4 13 18 19 24 33 
 3 14 18 19 24 33 
 2 15 18 19 24 33 
 1 16 18 19 24 33 
10 11 13 20 24 33 
 9 12 13 20 24 33 
 9 11 14 20 24 33 
 8 12 14 20 24 33 
 7 13 14 20 24 33 
 9 10 15 20 24 33 
 8 11 15 20 24 33 
 7 12 15 20 24 33 
 6 13 15 20 24 33 
 5 14 15 20 24 33 
 8 10 16 20 24 33 
 7 11 16 20 24 33 
 6 12 16 20 24 33 
 5 13 16 20 24 33 
 4 14 16 20 24 33 
 3 15 16 20 24 33 
 8  9 17 20 24 33 
 7 10 17 20 24 33 
 6 11 17 20 24 33 
 5 12 17 20 24 33 
 4 13 17 20 24 33 
 3 14 17 20 24 33 
 2 15 17 20 24 33 
 1 16 17 20 24 33 
 7  9 18 20 24 33 
 6 10 18 20 24 33 
 5 11 18 20 24 33 
 4 12 18 20 24 33 
 3 13 18 20 24 33 
 2 14 18 20 24 33 
 1 15 18 20 24 33 
 7  8 19 20 24 33 
 6  9 19 20 24 33 
 5 10 19 20 24 33 
 4 11 19 20 24 33 
 3 12 19 20 24 33 
 2 13 19 20 24 33 
 1 14 19 20 24 33 
10 11 12 21 24 33 
 9 11 13 21 24 33 
 8 12 13 21 24 33 
 9 10 14 21 24 33 
 8 11 14 21 24 33 
 7 12 14 21 24 33 
 6 13 14 21 24 33 
 8 10 15 21 24 33 
 7 11 15 21 24 33 
 6 12 15 21 24 33 
 5 13 15 21 24 33 
 4 14 15 21 24 33 
 8  9 16 21 24 33 
 7 10 16 21 24 33 
 6 11 16 21 24 33 
 5 12 16 21 24 33 
 4 13 16 21 24 33 
 3 14 16 21 24 33 
 2 15 16 21 24 33 
 7  9 17 21 24 33 
 6 10 17 21 24 33 
 5 11 17 21 24 33 
 4 12 17 21 24 33 
 3 13 17 21 24 33 
 2 14 17 21 24 33 
 1 15 17 21 24 33 
 7  8 18 21 24 33 
 6  9 18 21 24 33 
 5 10 18 21 24 33 
 4 11 18 21 24 33 
 3 12 18 21 24 33 
 2 13 18 21 24 33 
 1 14 18 21 24 33 
 6  8 19 21 24 33 
 5  9 19 21 24 33 
 4 10 19 21 24 33 
 3 11 19 21 24 33 
 2 12 19 21 24 33 
 1 13 19 21 24 33 
 6  7 20 21 24 33 
 5  8 20 21 24 33 
 4  9 20 21 24 33 
 3 10 20 21 24 33 
 2 11 20 21 24 33 
 1 12 20 21 24 33 
 9 11 12 22 24 33 
 9 10 13 22 24 33 
 8 11 13 22 24 33 
 7 12 13 22 24 33 
 8 10 14 22 24 33 
 7 11 14 22 24 33 
 6 12 14 22 24 33 
 5 13 14 22 24 33 
 8  9 15 22 24 33 
 7 10 15 22 24 33 
 6 11 15 22 24 33 
 5 12 15 22 24 33 
 4 13 15 22 24 33 
 3 14 15 22 24 33 
 7  9 16 22 24 33 
 6 10 16 22 24 33 
 5 11 16 22 24 33 
 4 12 16 22 24 33 
 3 13 16 22 24 33 
 2 14 16 22 24 33 
 1 15 16 22 24 33 
 7  8 17 22 24 33 
 6  9 17 22 24 33 
 5 10 17 22 24 33 
 4 11 17 22 24 33 
 3 12 17 22 24 33 
 2 13 17 22 24 33 
 1 14 17 22 24 33 
 6  8 18 22 24 33 
 5  9 18 22 24 33 
 4 10 18 22 24 33 
 3 11 18 22 24 33 
 2 12 18 22 24 33 
 1 13 18 22 24 33 
 6  7 19 22 24 33 
 5  8 19 22 24 33 
 4  9 19 22 24 33 
 3 10 19 22 24 33 
 2 11 19 22 24 33 
 1 12 19 22 24 33 
 5  7 20 22 24 33 
 4  8 20 22 24 33 
 3  9 20 22 24 33 
 2 10 20 22 24 33 
 1 11 20 22 24 33 
 5  6 21 22 24 33 
 4  7 21 22 24 33 
 3  8 21 22 24 33 
 2  9 21 22 24 33 
 1 10 21 22 24 33 
 9 10 12 23 24 33 
 8 11 12 23 24 33 
 8 10 13 23 24 33 
 7 11 13 23 24 33 
 6 12 13 23 24 33 
 8  9 14 23 24 33 
 7 10 14 23 24 33 
 6 11 14 23 24 33 
 5 12 14 23 24 33 
 4 13 14 23 24 33 
 7  9 15 23 24 33 
 6 10 15 23 24 33 
 5 11 15 23 24 33 
 4 12 15 23 24 33 
 3 13 15 23 24 33 
 2 14 15 23 24 33 
 7  8 16 23 24 33 
 6  9 16 23 24 33 
 5 10 16 23 24 33 
 4 11 16 23 24 33 
 3 12 16 23 24 33 
 2 13 16 23 24 33 
 1 14 16 23 24 33 
 6  8 17 23 24 33 
 5  9 17 23 24 33 
 4 10 17 23 24 33 
 3 11 17 23 24 33 
 2 12 17 23 24 33 
 1 13 17 23 24 33 
 6  7 18 23 24 33 
 5  8 18 23 24 33 
 4  9 18 23 24 33 
 3 10 18 23 24 33 
 2 11 18 23 24 33 
 1 12 18 23 24 33 
 5  7 19 23 24 33 
 4  8 19 23 24 33 
 3  9 19 23 24 33 
 2 10 19 23 24 33 
 1 11 19 23 24 33 
 5  6 20 23 24 33 
 4  7 20 23 24 33 
 3  8 20 23 24 33 
 2  9 20 23 24 33 
 1 10 20 23 24 33 
 4  6 21 23 24 33 
 3  7 21 23 24 33 
 2  8 21 23 24 33 
 1  9 21 23 24 33 
 4  5 22 23 24 33 
 3  6 22 23 24 33 
 2  7 22 23 24 33 
 1  8 22 23 24 33 
11 13 14 15 25 33 
11 12 14 16 25 33 
10 13 14 16 25 33 
10 12 15 16 25 33 
 9 13 15 16 25 33 
 8 14 15 16 25 33 
11 12 13 17 25 33 
10 12 14 17 25 33 
 9 13 14 17 25 33 
10 11 15 17 25 33 
 9 12 15 17 25 33 
 8 13 15 17 25 33 
 7 14 15 17 25 33 
 9 11 16 17 25 33 
 8 12 16 17 25 33 
 7 13 16 17 25 33 
 6 14 16 17 25 33 
 5 15 16 17 25 33 
10 12 13 18 25 33 
10 11 14 18 25 33 
 9 12 14 18 25 33 
 8 13 14 18 25 33 
 9 11 15 18 25 33 
 8 12 15 18 25 33 
 7 13 15 18 25 33 
 6 14 15 18 25 33 
 9 10 16 18 25 33 
 8 11 16 18 25 33 
 7 12 16 18 25 33 
 6 13 16 18 25 33 
 5 14 16 18 25 33 
 4 15 16 18 25 33 
 8 10 17 18 25 33 
 7 11 17 18 25 33 
 6 12 17 18 25 33 
 5 13 17 18 25 33 
 4 14 17 18 25 33 
 3 15 17 18 25 33 
 2 16 17 18 25 33 
10 11 13 19 25 33 
 9 12 13 19 25 33 
 9 11 14 19 25 33 
 8 12 14 19 25 33 
 7 13 14 19 25 33 
 9 10 15 19 25 33 
 8 11 15 19 25 33 
 7 12 15 19 25 33 
 6 13 15 19 25 33 
 5 14 15 19 25 33 
 8 10 16 19 25 33 
 7 11 16 19 25 33 
 6 12 16 19 25 33 
 5 13 16 19 25 33 
 4 14 16 19 25 33 
 3 15 16 19 25 33 
 8  9 17 19 25 33 
 7 10 17 19 25 33 
 6 11 17 19 25 33 
 5 12 17 19 25 33 
 4 13 17 19 25 33 
 3 14 17 19 25 33 
 2 15 17 19 25 33 
 1 16 17 19 25 33 
 7  9 18 19 25 33 
 6 10 18 19 25 33 
 5 11 18 19 25 33 
 4 12 18 19 25 33 
 3 13 18 19 25 33 
 2 14 18 19 25 33 
 1 15 18 19 25 33 
10 11 12 20 25 33 
 9 11 13 20 25 33 
 8 12 13 20 25 33 
 9 10 14 20 25 33 
 8 11 14 20 25 33 
 7 12 14 20 25 33 
 6 13 14 20 25 33 
 8 10 15 20 25 33 
 7 11 15 20 25 33 
 6 12 15 20 25 33 
 5 13 15 20 25 33 
 4 14 15 20 25 33 
 8  9 16 20 25 33 
 7 10 16 20 25 33 
 6 11 16 20 25 33 
 5 12 16 20 25 33 
 4 13 16 20 25 33 
 3 14 16 20 25 33 
 2 15 16 20 25 33 
 7  9 17 20 25 33 
 6 10 17 20 25 33 
 5 11 17 20 25 33 
 4 12 17 20 25 33 
 3 13 17 20 25 33 
 2 14 17 20 25 33 
 1 15 17 20 25 33 
 7  8 18 20 25 33 
 6  9 18 20 25 33 
 5 10 18 20 25 33 
 4 11 18 20 25 33 
 3 12 18 20 25 33 
 2 13 18 20 25 33 
 1 14 18 20 25 33 
 6  8 19 20 25 33 
 5  9 19 20 25 33 
 4 10 19 20 25 33 
 3 11 19 20 25 33 
 2 12 19 20 25 33 
 1 13 19 20 25 33 
 9 11 12 21 25 33 
 9 10 13 21 25 33 
 8 11 13 21 25 33 
 7 12 13 21 25 33 
 8 10 14 21 25 33 
 7 11 14 21 25 33 
 6 12 14 21 25 33 
 5 13 14 21 25 33 
 8  9 15 21 25 33 
 7 10 15 21 25 33 
 6 11 15 21 25 33 
 5 12 15 21 25 33 
 4 13 15 21 25 33 
 3 14 15 21 25 33 
 7  9 16 21 25 33 
 6 10 16 21 25 33 
 5 11 16 21 25 33 
 4 12 16 21 25 33 
 3 13 16 21 25 33 
 2 14 16 21 25 33 
 1 15 16 21 25 33 
 7  8 17 21 25 33 
 6  9 17 21 25 33 
 5 10 17 21 25 33 
 4 11 17 21 25 33 
 3 12 17 21 25 33 
 2 13 17 21 25 33 
 1 14 17 21 25 33 
 6  8 18 21 25 33 
 5  9 18 21 25 33 
 4 10 18 21 25 33 
 3 11 18 21 25 33 
 2 12 18 21 25 33 
 1 13 18 21 25 33 
 6  7 19 21 25 33 
 5  8 19 21 25 33 
 4  9 19 21 25 33 
 3 10 19 21 25 33 
 2 11 19 21 25 33 
 1 12 19 21 25 33 
 5  7 20 21 25 33 
 4  8 20 21 25 33 
 3  9 20 21 25 33 
 2 10 20 21 25 33 
 1 11 20 21 25 33 
 9 10 12 22 25 33 
 8 11 12 22 25 33 
 8 10 13 22 25 33 
 7 11 13 22 25 33 
 6 12 13 22 25 33 
 8  9 14 22 25 33 
 7 10 14 22 25 33 
 6 11 14 22 25 33 
 5 12 14 22 25 33 
 4 13 14 22 25 33 
 7  9 15 22 25 33 
 6 10 15 22 25 33 
 5 11 15 22 25 33 
 4 12 15 22 25 33 
 3 13 15 22 25 33 
 2 14 15 22 25 33 
 7  8 16 22 25 33 
 6  9 16 22 25 33 
 5 10 16 22 25 33 
 4 11 16 22 25 33 
 3 12 16 22 25 33 
 2 13 16 22 25 33 
 1 14 16 22 25 33 
 6  8 17 22 25 33 
 5  9 17 22 25 33 
 4 10 17 22 25 33 
 3 11 17 22 25 33 
 2 12 17 22 25 33 
 1 13 17 22 25 33 
 6  7 18 22 25 33 
 5  8 18 22 25 33 
 4  9 18 22 25 33 
 3 10 18 22 25 33 
 2 11 18 22 25 33 
 1 12 18 22 25 33 
 5  7 19 22 25 33 
 4  8 19 22 25 33 
 3  9 19 22 25 33 
 2 10 19 22 25 33 
 1 11 19 22 25 33 
 5  6 20 22 25 33 
 4  7 20 22 25 33 
 3  8 20 22 25 33 
 2  9 20 22 25 33 
 1 10 20 22 25 33 
 4  6 21 22 25 33 
 3  7 21 22 25 33 
 2  8 21 22 25 33 
 1  9 21 22 25 33 
 9 10 11 23 25 33 
 8 10 12 23 25 33 
 7 11 12 23 25 33 
 8  9 13 23 25 33 
 7 10 13 23 25 33 
 6 11 13 23 25 33 
 5 12 13 23 25 33 
 7  9 14 23 25 33 
 6 10 14 23 25 33 
 5 11 14 23 25 33 
 4 12 14 23 25 33 
 3 13 14 23 25 33 
 7  8 15 23 25 33 
 6  9 15 23 25 33 
 5 10 15 23 25 33 
 4 11 15 23 25 33 
 3 12 15 23 25 33 
 2 13 15 23 25 33 
 1 14 15 23 25 33 
 6  8 16 23 25 33 
 5  9 16 23 25 33 
 4 10 16 23 25 33 
 3 11 16 23 25 33 
 2 12 16 23 25 33 
 1 13 16 23 25 33 
 6  7 17 23 25 33 
 5  8 17 23 25 33 
 4  9 17 23 25 33 
 3 10 17 23 25 33 
 2 11 17 23 25 33 
 1 12 17 23 25 33 
 5  7 18 23 25 33 
 4  8 18 23 25 33 
 3  9 18 23 25 33 
 2 10 18 23 25 33 
 1 11 18 23 25 33 
 5  6 19 23 25 33 
 4  7 19 23 25 33 
 3  8 19 23 25 33 
 2  9 19 23 25 33 
 1 10 19 23 25 33 
 4  6 20 23 25 33 
 3  7 20 23 25 33 
 2  8 20 23 25 33 
 1  9 20 23 25 33 
 4  5 21 23 25 33 
 3  6 21 23 25 33 
 2  7 21 23 25 33 
 1  8 21 23 25 33 
 3  5 22 23 25 33 
 2  6 22 23 25 33 
 1  7 22 23 25 33 
 8 10 11 24 25 33 
 8  9 12 24 25 33 
 7 10 12 24 25 33 
 6 11 12 24 25 33 
 7  9 13 24 25 33 
 6 10 13 24 25 33 
 5 11 13 24 25 33 
 4 12 13 24 25 33 
 7  8 14 24 25 33 
 6  9 14 24 25 33 
 5 10 14 24 25 33 
 4 11 14 24 25 33 
 3 12 14 24 25 33 
 2 13 14 24 25 33 
 6  8 15 24 25 33 
 5  9 15 24 25 33 
 4 10 15 24 25 33 
 3 11 15 24 25 33 
 2 12 15 24 25 33 
 1 13 15 24 25 33 
 6  7 16 24 25 33 
 5  8 16 24 25 33 
 4  9 16 24 25 33 
 3 10 16 24 25 33 
 2 11 16 24 25 33 
 1 12 16 24 25 33 
 5  7 17 24 25 33 
 4  8 17 24 25 33 
 3  9 17 24 25 33 
 2 10 17 24 25 33 
 1 11 17 24 25 33 
 5  6 18 24 25 33 
 4  7 18 24 25 33 
 3  8 18 24 25 33 
 2  9 18 24 25 33 
 1 10 18 24 25 33 
 4  6 19 24 25 33 
 3  7 19 24 25 33 
 2  8 19 24 25 33 
 1  9 19 24 25 33 
 4  5 20 24 25 33 
 3  6 20 24 25 33 
 2  7 20 24 25 33 
 1  8 20 24 25 33 
 3  5 21 24 25 33 
 2  6 21 24 25 33 
 1  7 21 24 25 33 
 3  4 22 24 25 33 
 2  5 22 24 25 33 
 1  6 22 24 25 33 
 2  4 23 24 25 33 
 1  5 23 24 25 33 
11 12 14 15 26 33 
10 13 14 15 26 33 
11 12 13 16 26 33 
10 12 14 16 26 33 
 9 13 14 16 26 33 
10 11 15 16 26 33 
 9 12 15 16 26 33 
 8 13 15 16 26 33 
 7 14 15 16 26 33 
10 12 13 17 26 33 
10 11 14 17 26 33 
 9 12 14 17 26 33 
 8 13 14 17 26 33 
 9 11 15 17 26 33 
 8 12 15 17 26 33 
 7 13 15 17 26 33 
 6 14 15 17 26 33 
 9 10 16 17 26 33 
 8 11 16 17 26 33 
 7 12 16 17 26 33 
 6 13 16 17 26 33 
 5 14 16 17 26 33 
 4 15 16 17 26 33 
10 11 13 18 26 33 
 9 12 13 18 26 33 
 9 11 14 18 26 33 
 8 12 14 18 26 33 
 7 13 14 18 26 33 
 9 10 15 18 26 33 
 8 11 15 18 26 33 
 7 12 15 18 26 33 
 6 13 15 18 26 33 
 5 14 15 18 26 33 
 8 10 16 18 26 33 
 7 11 16 18 26 33 
 6 12 16 18 26 33 
 5 13 16 18 26 33 
 4 14 16 18 26 33 
 3 15 16 18 26 33 
 8  9 17 18 26 33 
 7 10 17 18 26 33 
 6 11 17 18 26 33 
 5 12 17 18 26 33 
 4 13 17 18 26 33 
 3 14 17 18 26 33 
 2 15 17 18 26 33 
 1 16 17 18 26 33 
10 11 12 19 26 33 
 9 11 13 19 26 33 
 8 12 13 19 26 33 
 9 10 14 19 26 33 
 8 11 14 19 26 33 
 7 12 14 19 26 33 
 6 13 14 19 26 33 
 8 10 15 19 26 33 
 7 11 15 19 26 33 
 6 12 15 19 26 33 
 5 13 15 19 26 33 
 4 14 15 19 26 33 
 8  9 16 19 26 33 
 7 10 16 19 26 33 
 6 11 16 19 26 33 
 5 12 16 19 26 33 
 4 13 16 19 26 33 
 3 14 16 19 26 33 
 2 15 16 19 26 33 
 7  9 17 19 26 33 
 6 10 17 19 26 33 
 5 11 17 19 26 33 
 4 12 17 19 26 33 
 3 13 17 19 26 33 
 2 14 17 19 26 33 
 1 15 17 19 26 33 
 7  8 18 19 26 33 
 6  9 18 19 26 33 
 5 10 18 19 26 33 
 4 11 18 19 26 33 
 3 12 18 19 26 33 
 2 13 18 19 26 33 
 1 14 18 19 26 33 
 9 11 12 20 26 33 
 9 10 13 20 26 33 
 8 11 13 20 26 33 
 7 12 13 20 26 33 
 8 10 14 20 26 33 
 7 11 14 20 26 33 
 6 12 14 20 26 33 
 5 13 14 20 26 33 
 8  9 15 20 26 33 
 7 10 15 20 26 33 
 6 11 15 20 26 33 
 5 12 15 20 26 33 
 4 13 15 20 26 33 
 3 14 15 20 26 33 
 7  9 16 20 26 33 
 6 10 16 20 26 33 
 5 11 16 20 26 33 
 4 12 16 20 26 33 
 3 13 16 20 26 33 
 2 14 16 20 26 33 
 1 15 16 20 26 33 
 7  8 17 20 26 33 
 6  9 17 20 26 33 
 5 10 17 20 26 33 
 4 11 17 20 26 33 
 3 12 17 20 26 33 
 2 13 17 20 26 33 
 1 14 17 20 26 33 
 6  8 18 20 26 33 
 5  9 18 20 26 33 
 4 10 18 20 26 33 
 3 11 18 20 26 33 
 2 12 18 20 26 33 
 1 13 18 20 26 33 
 6  7 19 20 26 33 
 5  8 19 20 26 33 
 4  9 19 20 26 33 
 3 10 19 20 26 33 
 2 11 19 20 26 33 
 1 12 19 20 26 33 
 9 10 12 21 26 33 
 8 11 12 21 26 33 
 8 10 13 21 26 33 
 7 11 13 21 26 33 
 6 12 13 21 26 33 
 8  9 14 21 26 33 
 7 10 14 21 26 33 
 6 11 14 21 26 33 
 5 12 14 21 26 33 
 4 13 14 21 26 33 
 7  9 15 21 26 33 
 6 10 15 21 26 33 
 5 11 15 21 26 33 
 4 12 15 21 26 33 
 3 13 15 21 26 33 
 2 14 15 21 26 33 
 7  8 16 21 26 33 
 6  9 16 21 26 33 
 5 10 16 21 26 33 
 4 11 16 21 26 33 
 3 12 16 21 26 33 
 2 13 16 21 26 33 
 1 14 16 21 26 33 
 6  8 17 21 26 33 
 5  9 17 21 26 33 
 4 10 17 21 26 33 
 3 11 17 21 26 33 
 2 12 17 21 26 33 
 1 13 17 21 26 33 
 6  7 18 21 26 33 
 5  8 18 21 26 33 
 4  9 18 21 26 33 
 3 10 18 21 26 33 
 2 11 18 21 26 33 
 1 12 18 21 26 33 
 5  7 19 21 26 33 
 4  8 19 21 26 33 
 3  9 19 21 26 33 
 2 10 19 21 26 33 
 1 11 19 21 26 33 
 5  6 20 21 26 33 
 4  7 20 21 26 33 
 3  8 20 21 26 33 
 2  9 20 21 26 33 
 1 10 20 21 26 33 
 9 10 11 22 26 33 
 8 10 12 22 26 33 
 7 11 12 22 26 33 
 8  9 13 22 26 33 
 7 10 13 22 26 33 
 6 11 13 22 26 33 
 5 12 13 22 26 33 
 7  9 14 22 26 33 
 6 10 14 22 26 33 
 5 11 14 22 26 33 
 4 12 14 22 26 33 
 3 13 14 22 26 33 
 7  8 15 22 26 33 
 6  9 15 22 26 33 
 5 10 15 22 26 33 
 4 11 15 22 26 33 
 3 12 15 22 26 33 
 2 13 15 22 26 33 
 1 14 15 22 26 33 
 6  8 16 22 26 33 
 5  9 16 22 26 33 
 4 10 16 22 26 33 
 3 11 16 22 26 33 
 2 12 16 22 26 33 
 1 13 16 22 26 33 
 6  7 17 22 26 33 
 5  8 17 22 26 33 
 4  9 17 22 26 33 
 3 10 17 22 26 33 
 2 11 17 22 26 33 
 1 12 17 22 26 33 
 5  7 18 22 26 33 
 4  8 18 22 26 33 
 3  9 18 22 26 33 
 2 10 18 22 26 33 
 1 11 18 22 26 33 
 5  6 19 22 26 33 
 4  7 19 22 26 33 
 3  8 19 22 26 33 
 2  9 19 22 26 33 
 1 10 19 22 26 33 
 4  6 20 22 26 33 
 3  7 20 22 26 33 
 2  8 20 22 26 33 
 1  9 20 22 26 33 
 4  5 21 22 26 33 
 3  6 21 22 26 33 
 2  7 21 22 26 33 
 1  8 21 22 26 33 
 8 10 11 23 26 33 
 8  9 12 23 26 33 
 7 10 12 23 26 33 
 6 11 12 23 26 33 
 7  9 13 23 26 33 
 6 10 13 23 26 33 
 5 11 13 23 26 33 
 4 12 13 23 26 33 
 7  8 14 23 26 33 
 6  9 14 23 26 33 
 5 10 14 23 26 33 
 4 11 14 23 26 33 
 3 12 14 23 26 33 
 2 13 14 23 26 33 
 6  8 15 23 26 33 
 5  9 15 23 26 33 
 4 10 15 23 26 33 
 3 11 15 23 26 33 
 2 12 15 23 26 33 
 1 13 15 23 26 33 
 6  7 16 23 26 33 
 5  8 16 23 26 33 
 4  9 16 23 26 33 
 3 10 16 23 26 33 
 2 11 16 23 26 33 
 1 12 16 23 26 33 
 5  7 17 23 26 33 
 4  8 17 23 26 33 
 3  9 17 23 26 33 
 2 10 17 23 26 33 
 1 11 17 23 26 33 
 5  6 18 23 26 33 
 4  7 18 23 26 33 
 3  8 18 23 26 33 
 2  9 18 23 26 33 
 1 10 18 23 26 33 
 4  6 19 23 26 33 
 3  7 19 23 26 33 
 2  8 19 23 26 33 
 1  9 19 23 26 33 
 4  5 20 23 26 33 
 3  6 20 23 26 33 
 2  7 20 23 26 33 
 1  8 20 23 26 33 
 3  5 21 23 26 33 
 2  6 21 23 26 33 
 1  7 21 23 26 33 
 3  4 22 23 26 33 
 2  5 22 23 26 33 
 1  6 22 23 26 33 
 8  9 11 24 26 33 
 7 10 11 24 26 33 
 7  9 12 24 26 33 
 6 10 12 24 26 33 
 5 11 12 24 26 33 
 7  8 13 24 26 33 
 6  9 13 24 26 33 
 5 10 13 24 26 33 
 4 11 13 24 26 33 
 3 12 13 24 26 33 
 6  8 14 24 26 33 
 5  9 14 24 26 33 
 4 10 14 24 26 33 
 3 11 14 24 26 33 
 2 12 14 24 26 33 
 1 13 14 24 26 33 
 6  7 15 24 26 33 
 5  8 15 24 26 33 
 4  9 15 24 26 33 
 3 10 15 24 26 33 
 2 11 15 24 26 33 
 1 12 15 24 26 33 
 5  7 16 24 26 33 
 4  8 16 24 26 33 
 3  9 16 24 26 33 
 2 10 16 24 26 33 
 1 11 16 24 26 33 
 5  6 17 24 26 33 
 4  7 17 24 26 33 
 3  8 17 24 26 33 
 2  9 17 24 26 33 
 1 10 17 24 26 33 
 4  6 18 24 26 33 
 3  7 18 24 26 33 
 2  8 18 24 26 33 
 1  9 18 24 26 33 
 4  5 19 24 26 33 
 3  6 19 24 26 33 
 2  7 19 24 26 33 
 1  8 19 24 26 33 
 3  5 20 24 26 33 
 2  6 20 24 26 33 
 1  7 20 24 26 33 
 3  4 21 24 26 33 
 2  5 21 24 26 33 
 1  6 21 24 26 33 
 2  4 22 24 26 33 
 1  5 22 24 26 33 
 2  3 23 24 26 33 
 1  4 23 24 26 33 
 8  9 10 25 26 33 
 7  9 11 25 26 33 
 6 10 11 25 26 33 
 7  8 12 25 26 33 
 6  9 12 25 26 33 
 5 10 12 25 26 33 
 4 11 12 25 26 33 
 6  8 13 25 26 33 
 5  9 13 25 26 33 
 4 10 13 25 26 33 
 3 11 13 25 26 33 
 2 12 13 25 26 33 
 6  7 14 25 26 33 
 5  8 14 25 26 33 
 4  9 14 25 26 33 
 3 10 14 25 26 33 
 2 11 14 25 26 33 
 1 12 14 25 26 33 
 5  7 15 25 26 33 
 4  8 15 25 26 33 
 3  9 15 25 26 33 
 2 10 15 25 26 33 
 1 11 15 25 26 33 
 5  6 16 25 26 33 
 4  7 16 25 26 33 
 3  8 16 25 26 33 
 2  9 16 25 26 33 
 1 10 16 25 26 33 
 4  6 17 25 26 33 
 3  7 17 25 26 33 
 2  8 17 25 26 33 
 1  9 17 25 26 33 
 4  5 18 25 26 33 
 3  6 18 25 26 33 
 2  7 18 25 26 33 
 1  8 18 25 26 33 
 3  5 19 25 26 33 
 2  6 19 25 26 33 
 1  7 19 25 26 33 
 3  4 20 25 26 33 
 2  5 20 25 26 33 
 1  6 20 25 26 33 
 2  4 21 25 26 33 
 1  5 21 25 26 33 
 2  3 22 25 26 33 
 1  4 22 25 26 33 
 1  3 23 25 26 33 
 1  2 24 25 26 33 
11 12 13 15 27 33 
10 12 14 15 27 33 
 9 13 14 15 27 33 
10 12 13 16 27 33 
10 11 14 16 27 33 
 9 12 14 16 27 33 
 8 13 14 16 27 33 
 9 11 15 16 27 33 
 8 12 15 16 27 33 
 7 13 15 16 27 33 
 6 14 15 16 27 33 
10 11 13 17 27 33 
 9 12 13 17 27 33 
 9 11 14 17 27 33 
 8 12 14 17 27 33 
 7 13 14 17 27 33 
 9 10 15 17 27 33 
 8 11 15 17 27 33 
 7 12 15 17 27 33 
 6 13 15 17 27 33 
 5 14 15 17 27 33 
 8 10 16 17 27 33 
 7 11 16 17 27 33 
 6 12 16 17 27 33 
 5 13 16 17 27 33 
 4 14 16 17 27 33 
 3 15 16 17 27 33 
10 11 12 18 27 33 
 9 11 13 18 27 33 
 8 12 13 18 27 33 
 9 10 14 18 27 33 
 8 11 14 18 27 33 
 7 12 14 18 27 33 
 6 13 14 18 27 33 
 8 10 15 18 27 33 
 7 11 15 18 27 33 
 6 12 15 18 27 33 
 5 13 15 18 27 33 
 4 14 15 18 27 33 
 8  9 16 18 27 33 
 7 10 16 18 27 33 
 6 11 16 18 27 33 
 5 12 16 18 27 33 
 4 13 16 18 27 33 
 3 14 16 18 27 33 
 2 15 16 18 27 33 
 7  9 17 18 27 33 
 6 10 17 18 27 33 
 5 11 17 18 27 33 
 4 12 17 18 27 33 
 3 13 17 18 27 33 
 2 14 17 18 27 33 
 1 15 17 18 27 33 
 9 11 12 19 27 33 
 9 10 13 19 27 33 
 8 11 13 19 27 33 
 7 12 13 19 27 33 
 8 10 14 19 27 33 
 7 11 14 19 27 33 
 6 12 14 19 27 33 
 5 13 14 19 27 33 
 8  9 15 19 27 33 
 7 10 15 19 27 33 
 6 11 15 19 27 33 
 5 12 15 19 27 33 
 4 13 15 19 27 33 
 3 14 15 19 27 33 
 7  9 16 19 27 33 
 6 10 16 19 27 33 
 5 11 16 19 27 33 
 4 12 16 19 27 33 
 3 13 16 19 27 33 
 2 14 16 19 27 33 
 1 15 16 19 27 33 
 7  8 17 19 27 33 
 6  9 17 19 27 33 
 5 10 17 19 27 33 
 4 11 17 19 27 33 
 3 12 17 19 27 33 
 2 13 17 19 27 33 
 1 14 17 19 27 33 
 6  8 18 19 27 33 
 5  9 18 19 27 33 
 4 10 18 19 27 33 
 3 11 18 19 27 33 
 2 12 18 19 27 33 
 1 13 18 19 27 33 
 9 10 12 20 27 33 
 8 11 12 20 27 33 
 8 10 13 20 27 33 
 7 11 13 20 27 33 
 6 12 13 20 27 33 
 8  9 14 20 27 33 
 7 10 14 20 27 33 
 6 11 14 20 27 33 
 5 12 14 20 27 33 
 4 13 14 20 27 33 
 7  9 15 20 27 33 
 6 10 15 20 27 33 
 5 11 15 20 27 33 
 4 12 15 20 27 33 
 3 13 15 20 27 33 
 2 14 15 20 27 33 
 7  8 16 20 27 33 
 6  9 16 20 27 33 
 5 10 16 20 27 33 
 4 11 16 20 27 33 
 3 12 16 20 27 33 
 2 13 16 20 27 33 
 1 14 16 20 27 33 
 6  8 17 20 27 33 
 5  9 17 20 27 33 
 4 10 17 20 27 33 
 3 11 17 20 27 33 
 2 12 17 20 27 33 
 1 13 17 20 27 33 
 6  7 18 20 27 33 
 5  8 18 20 27 33 
 4  9 18 20 27 33 
 3 10 18 20 27 33 
 2 11 18 20 27 33 
 1 12 18 20 27 33 
 5  7 19 20 27 33 
 4  8 19 20 27 33 
 3  9 19 20 27 33 
 2 10 19 20 27 33 
 1 11 19 20 27 33 
 9 10 11 21 27 33 
 8 10 12 21 27 33 
 7 11 12 21 27 33 
 8  9 13 21 27 33 
 7 10 13 21 27 33 
 6 11 13 21 27 33 
 5 12 13 21 27 33 
 7  9 14 21 27 33 
 6 10 14 21 27 33 
 5 11 14 21 27 33 
 4 12 14 21 27 33 
 3 13 14 21 27 33 
 7  8 15 21 27 33 
 6  9 15 21 27 33 
 5 10 15 21 27 33 
 4 11 15 21 27 33 
 3 12 15 21 27 33 
 2 13 15 21 27 33 
 1 14 15 21 27 33 
 6  8 16 21 27 33 
 5  9 16 21 27 33 
 4 10 16 21 27 33 
 3 11 16 21 27 33 
 2 12 16 21 27 33 
 1 13 16 21 27 33 
 6  7 17 21 27 33 
 5  8 17 21 27 33 
 4  9 17 21 27 33 
 3 10 17 21 27 33 
 2 11 17 21 27 33 
 1 12 17 21 27 33 
 5  7 18 21 27 33 
 4  8 18 21 27 33 
 3  9 18 21 27 33 
 2 10 18 21 27 33 
 1 11 18 21 27 33 
 5  6 19 21 27 33 
 4  7 19 21 27 33 
 3  8 19 21 27 33 
 2  9 19 21 27 33 
 1 10 19 21 27 33 
 4  6 20 21 27 33 
 3  7 20 21 27 33 
 2  8 20 21 27 33 
 1  9 20 21 27 33 
 8 10 11 22 27 33 
 8  9 12 22 27 33 
 7 10 12 22 27 33 
 6 11 12 22 27 33 
 7  9 13 22 27 33 
 6 10 13 22 27 33 
 5 11 13 22 27 33 
 4 12 13 22 27 33 
 7  8 14 22 27 33 
 6  9 14 22 27 33 
 5 10 14 22 27 33 
 4 11 14 22 27 33 
 3 12 14 22 27 33 
 2 13 14 22 27 33 
 6  8 15 22 27 33 
 5  9 15 22 27 33 
 4 10 15 22 27 33 
 3 11 15 22 27 33 
 2 12 15 22 27 33 
 1 13 15 22 27 33 
 6  7 16 22 27 33 
 5  8 16 22 27 33 
 4  9 16 22 27 33 
 3 10 16 22 27 33 
 2 11 16 22 27 33 
 1 12 16 22 27 33 
 5  7 17 22 27 33 
 4  8 17 22 27 33 
 3  9 17 22 27 33 
 2 10 17 22 27 33 
 1 11 17 22 27 33 
 5  6 18 22 27 33 
 4  7 18 22 27 33 
 3  8 18 22 27 33 
 2  9 18 22 27 33 
 1 10 18 22 27 33 
 4  6 19 22 27 33 
 3  7 19 22 27 33 
 2  8 19 22 27 33 
 1  9 19 22 27 33 
 4  5 20 22 27 33 
 3  6 20 22 27 33 
 2  7 20 22 27 33 
 1  8 20 22 27 33 
 3  5 21 22 27 33 
 2  6 21 22 27 33 
 1  7 21 22 27 33 
 8  9 11 23 27 33 
 7 10 11 23 27 33 
 7  9 12 23 27 33 
 6 10 12 23 27 33 
 5 11 12 23 27 33 
 7  8 13 23 27 33 
 6  9 13 23 27 33 
 5 10 13 23 27 33 
 4 11 13 23 27 33 
 3 12 13 23 27 33 
 6  8 14 23 27 33 
 5  9 14 23 27 33 
 4 10 14 23 27 33 
 3 11 14 23 27 33 
 2 12 14 23 27 33 
 1 13 14 23 27 33 
 6  7 15 23 27 33 
 5  8 15 23 27 33 
 4  9 15 23 27 33 
 3 10 15 23 27 33 
 2 11 15 23 27 33 
 1 12 15 23 27 33 
 5  7 16 23 27 33 
 4  8 16 23 27 33 
 3  9 16 23 27 33 
 2 10 16 23 27 33 
 1 11 16 23 27 33 
 5  6 17 23 27 33 
 4  7 17 23 27 33 
 3  8 17 23 27 33 
 2  9 17 23 27 33 
 1 10 17 23 27 33 
 4  6 18 23 27 33 
 3  7 18 23 27 33 
 2  8 18 23 27 33 
 1  9 18 23 27 33 
 4  5 19 23 27 33 
 3  6 19 23 27 33 
 2  7 19 23 27 33 
 1  8 19 23 27 33 
 3  5 20 23 27 33 
 2  6 20 23 27 33 
 1  7 20 23 27 33 
 3  4 21 23 27 33 
 2  5 21 23 27 33 
 1  6 21 23 27 33 
 2  4 22 23 27 33 
 1  5 22 23 27 33 
 8  9 10 24 27 33 
 7  9 11 24 27 33 
 6 10 11 24 27 33 
 7  8 12 24 27 33 
 6  9 12 24 27 33 
 5 10 12 24 27 33 
 4 11 12 24 27 33 
 6  8 13 24 27 33 
 5  9 13 24 27 33 
 4 10 13 24 27 33 
 3 11 13 24 27 33 
 2 12 13 24 27 33 
 6  7 14 24 27 33 
 5  8 14 24 27 33 
 4  9 14 24 27 33 
 3 10 14 24 27 33 
 2 11 14 24 27 33 
 1 12 14 24 27 33 
 5  7 15 24 27 33 
 4  8 15 24 27 33 
 3  9 15 24 27 33 
 2 10 15 24 27 33 
 1 11 15 24 27 33 
 5  6 16 24 27 33 
 4  7 16 24 27 33 
 3  8 16 24 27 33 
 2  9 16 24 27 33 
 1 10 16 24 27 33 
 4  6 17 24 27 33 
 3  7 17 24 27 33 
 2  8 17 24 27 33 
 1  9 17 24 27 33 
 4  5 18 24 27 33 
 3  6 18 24 27 33 
 2  7 18 24 27 33 
 1  8 18 24 27 33 
 3  5 19 24 27 33 
 2  6 19 24 27 33 
 1  7 19 24 27 33 
 3  4 20 24 27 33 
 2  5 20 24 27 33 
 1  6 20 24 27 33 
 2  4 21 24 27 33 
 1  5 21 24 27 33 
 2  3 22 24 27 33 
 1  4 22 24 27 33 
 1  3 23 24 27 33 
 7  9 10 25 27 33 
 7  8 11 25 27 33 
 6  9 11 25 27 33 
 5 10 11 25 27 33 
 6  8 12 25 27 33 
 5  9 12 25 27 33 
 4 10 12 25 27 33 
 3 11 12 25 27 33 
 6  7 13 25 27 33 
 5  8 13 25 27 33 
 4  9 13 25 27 33 
 3 10 13 25 27 33 
 2 11 13 25 27 33 
 1 12 13 25 27 33 
 5  7 14 25 27 33 
 4  8 14 25 27 33 
 3  9 14 25 27 33 
 2 10 14 25 27 33 
 1 11 14 25 27 33 
 5  6 15 25 27 33 
 4  7 15 25 27 33 
 3  8 15 25 27 33 
 2  9 15 25 27 33 
 1 10 15 25 27 33 
 4  6 16 25 27 33 
 3  7 16 25 27 33 
 2  8 16 25 27 33 
 1  9 16 25 27 33 
 4  5 17 25 27 33 
 3  6 17 25 27 33 
 2  7 17 25 27 33 
 1  8 17 25 27 33 
 3  5 18 25 27 33 
 2  6 18 25 27 33 
 1  7 18 25 27 33 
 3  4 19 25 27 33 
 2  5 19 25 27 33 
 1  6 19 25 27 33 
 2  4 20 25 27 33 
 1  5 20 25 27 33 
 2  3 21 25 27 33 
 1  4 21 25 27 33 
 1  3 22 25 27 33 
 1  2 23 25 27 33 
 7  8 10 26 27 33 
 6  9 10 26 27 33 
 6  8 11 26 27 33 
 5  9 11 26 27 33 
 4 10 11 26 27 33 
 6  7 12 26 27 33 
 5  8 12 26 27 33 
 4  9 12 26 27 33 
 3 10 12 26 27 33 
 2 11 12 26 27 33 
 5  7 13 26 27 33 
 4  8 13 26 27 33 
 3  9 13 26 27 33 
 2 10 13 26 27 33 
 1 11 13 26 27 33 
 5  6 14 26 27 33 
 4  7 14 26 27 33 
 3  8 14 26 27 33 
 2  9 14 26 27 33 
 1 10 14 26 27 33 
 4  6 15 26 27 33 
 3  7 15 26 27 33 
 2  8 15 26 27 33 
 1  9 15 26 27 33 
 4  5 16 26 27 33 
 3  6 16 26 27 33 
 2  7 16 26 27 33 
 1  8 16 26 27 33 
 3  5 17 26 27 33 
 2  6 17 26 27 33 
 1  7 17 26 27 33 
 3  4 18 26 27 33 
 2  5 18 26 27 33 
 1  6 18 26 27 33 
 2  4 19 26 27 33 
 1  5 19 26 27 33 
 2  3 20 26 27 33 
 1  4 20 26 27 33 
 1  3 21 26 27 33 
 1  2 22 26 27 33 
11 12 13 14 28 33 
10 12 13 15 28 33 
10 11 14 15 28 33 
 9 12 14 15 28 33 
 8 13 14 15 28 33 
10 11 13 16 28 33 
 9 12 13 16 28 33 
 9 11 14 16 28 33 
 8 12 14 16 28 33 
 7 13 14 16 28 33 
 9 10 15 16 28 33 
 8 11 15 16 28 33 
 7 12 15 16 28 33 
 6 13 15 16 28 33 
 5 14 15 16 28 33 
10 11 12 17 28 33 
 9 11 13 17 28 33 
 8 12 13 17 28 33 
 9 10 14 17 28 33 
 8 11 14 17 28 33 
 7 12 14 17 28 33 
 6 13 14 17 28 33 
 8 10 15 17 28 33 
 7 11 15 17 28 33 
 6 12 15 17 28 33 
 5 13 15 17 28 33 
 4 14 15 17 28 33 
 8  9 16 17 28 33 
 7 10 16 17 28 33 
 6 11 16 17 28 33 
 5 12 16 17 28 33 
 4 13 16 17 28 33 
 3 14 16 17 28 33 
 2 15 16 17 28 33 
 9 11 12 18 28 33 
 9 10 13 18 28 33 
 8 11 13 18 28 33 
 7 12 13 18 28 33 
 8 10 14 18 28 33 
 7 11 14 18 28 33 
 6 12 14 18 28 33 
 5 13 14 18 28 33 
 8  9 15 18 28 33 
 7 10 15 18 28 33 
 6 11 15 18 28 33 
 5 12 15 18 28 33 
 4 13 15 18 28 33 
 3 14 15 18 28 33 
 7  9 16 18 28 33 
 6 10 16 18 28 33 
 5 11 16 18 28 33 
 4 12 16 18 28 33 
 3 13 16 18 28 33 
 2 14 16 18 28 33 
 1 15 16 18 28 33 
 7  8 17 18 28 33 
 6  9 17 18 28 33 
 5 10 17 18 28 33 
 4 11 17 18 28 33 
 3 12 17 18 28 33 
 2 13 17 18 28 33 
 1 14 17 18 28 33 
 9 10 12 19 28 33 
 8 11 12 19 28 33 
 8 10 13 19 28 33 
 7 11 13 19 28 33 
 6 12 13 19 28 33 
 8  9 14 19 28 33 
 7 10 14 19 28 33 
 6 11 14 19 28 33 
 5 12 14 19 28 33 
 4 13 14 19 28 33 
 7  9 15 19 28 33 
 6 10 15 19 28 33 
 5 11 15 19 28 33 
 4 12 15 19 28 33 
 3 13 15 19 28 33 
 2 14 15 19 28 33 
 7  8 16 19 28 33 
 6  9 16 19 28 33 
 5 10 16 19 28 33 
 4 11 16 19 28 33 
 3 12 16 19 28 33 
 2 13 16 19 28 33 
 1 14 16 19 28 33 
 6  8 17 19 28 33 
 5  9 17 19 28 33 
 4 10 17 19 28 33 
 3 11 17 19 28 33 
 2 12 17 19 28 33 
 1 13 17 19 28 33 
 6  7 18 19 28 33 
 5  8 18 19 28 33 
 4  9 18 19 28 33 
 3 10 18 19 28 33 
 2 11 18 19 28 33 
 1 12 18 19 28 33 
 9 10 11 20 28 33 
 8 10 12 20 28 33 
 7 11 12 20 28 33 
 8  9 13 20 28 33 
 7 10 13 20 28 33 
 6 11 13 20 28 33 
 5 12 13 20 28 33 
 7  9 14 20 28 33 
 6 10 14 20 28 33 
 5 11 14 20 28 33 
 4 12 14 20 28 33 
 3 13 14 20 28 33 
 7  8 15 20 28 33 
 6  9 15 20 28 33 
 5 10 15 20 28 33 
 4 11 15 20 28 33 
 3 12 15 20 28 33 
 2 13 15 20 28 33 
 1 14 15 20 28 33 
 6  8 16 20 28 33 
 5  9 16 20 28 33 
 4 10 16 20 28 33 
 3 11 16 20 28 33 
 2 12 16 20 28 33 
 1 13 16 20 28 33 
 6  7 17 20 28 33 
 5  8 17 20 28 33 
 4  9 17 20 28 33 
 3 10 17 20 28 33 
 2 11 17 20 28 33 
 1 12 17 20 28 33 
 5  7 18 20 28 33 
 4  8 18 20 28 33 
 3  9 18 20 28 33 
 2 10 18 20 28 33 
 1 11 18 20 28 33 
 5  6 19 20 28 33 
 4  7 19 20 28 33 
 3  8 19 20 28 33 
 2  9 19 20 28 33 
 1 10 19 20 28 33 
 8 10 11 21 28 33 
 8  9 12 21 28 33 
 7 10 12 21 28 33 
 6 11 12 21 28 33 
 7  9 13 21 28 33 
 6 10 13 21 28 33 
 5 11 13 21 28 33 
 4 12 13 21 28 33 
 7  8 14 21 28 33 
 6  9 14 21 28 33 
 5 10 14 21 28 33 
 4 11 14 21 28 33 
 3 12 14 21 28 33 
 2 13 14 21 28 33 
 6  8 15 21 28 33 
 5  9 15 21 28 33 
 4 10 15 21 28 33 
 3 11 15 21 28 33 
 2 12 15 21 28 33 
 1 13 15 21 28 33 
 6  7 16 21 28 33 
 5  8 16 21 28 33 
 4  9 16 21 28 33 
 3 10 16 21 28 33 
 2 11 16 21 28 33 
 1 12 16 21 28 33 
 5  7 17 21 28 33 
 4  8 17 21 28 33 
 3  9 17 21 28 33 
 2 10 17 21 28 33 
 1 11 17 21 28 33 
 5  6 18 21 28 33 
 4  7 18 21 28 33 
 3  8 18 21 28 33 
 2  9 18 21 28 33 
 1 10 18 21 28 33 
 4  6 19 21 28 33 
 3  7 19 21 28 33 
 2  8 19 21 28 33 
 1  9 19 21 28 33 
 4  5 20 21 28 33 
 3  6 20 21 28 33 
 2  7 20 21 28 33 
 1  8 20 21 28 33 
 8  9 11 22 28 33 
 7 10 11 22 28 33 
 7  9 12 22 28 33 
 6 10 12 22 28 33 
 5 11 12 22 28 33 
 7  8 13 22 28 33 
 6  9 13 22 28 33 
 5 10 13 22 28 33 
 4 11 13 22 28 33 
 3 12 13 22 28 33 
 6  8 14 22 28 33 
 5  9 14 22 28 33 
 4 10 14 22 28 33 
 3 11 14 22 28 33 
 2 12 14 22 28 33 
 1 13 14 22 28 33 
 6  7 15 22 28 33 
 5  8 15 22 28 33 
 4  9 15 22 28 33 
 3 10 15 22 28 33 
 2 11 15 22 28 33 
 1 12 15 22 28 33 
 5  7 16 22 28 33 
 4  8 16 22 28 33 
 3  9 16 22 28 33 
 2 10 16 22 28 33 
 1 11 16 22 28 33 
 5  6 17 22 28 33 
 4  7 17 22 28 33 
 3  8 17 22 28 33 
 2  9 17 22 28 33 
 1 10 17 22 28 33 
 4  6 18 22 28 33 
 3  7 18 22 28 33 
 2  8 18 22 28 33 
 1  9 18 22 28 33 
 4  5 19 22 28 33 
 3  6 19 22 28 33 
 2  7 19 22 28 33 
 1  8 19 22 28 33 
 3  5 20 22 28 33 
 2  6 20 22 28 33 
 1  7 20 22 28 33 
 3  4 21 22 28 33 
 2  5 21 22 28 33 
 1  6 21 22 28 33 
 8  9 10 23 28 33 
 7  9 11 23 28 33 
 6 10 11 23 28 33 
 7  8 12 23 28 33 
 6  9 12 23 28 33 
 5 10 12 23 28 33 
 4 11 12 23 28 33 
 6  8 13 23 28 33 
 5  9 13 23 28 33 
 4 10 13 23 28 33 
 3 11 13 23 28 33 
 2 12 13 23 28 33 
 6  7 14 23 28 33 
 5  8 14 23 28 33 
 4  9 14 23 28 33 
 3 10 14 23 28 33 
 2 11 14 23 28 33 
 1 12 14 23 28 33 
 5  7 15 23 28 33 
 4  8 15 23 28 33 
 3  9 15 23 28 33 
 2 10 15 23 28 33 
 1 11 15 23 28 33 
 5  6 16 23 28 33 
 4  7 16 23 28 33 
 3  8 16 23 28 33 
 2  9 16 23 28 33 
 1 10 16 23 28 33 
 4  6 17 23 28 33 
 3  7 17 23 28 33 
 2  8 17 23 28 33 
 1  9 17 23 28 33 
 4  5 18 23 28 33 
 3  6 18 23 28 33 
 2  7 18 23 28 33 
 1  8 18 23 28 33 
 3  5 19 23 28 33 
 2  6 19 23 28 33 
 1  7 19 23 28 33 
 3  4 20 23 28 33 
 2  5 20 23 28 33 
 1  6 20 23 28 33 
 2  4 21 23 28 33 
 1  5 21 23 28 33 
 2  3 22 23 28 33 
 1  4 22 23 28 33 
 7  9 10 24 28 33 
 7  8 11 24 28 33 
 6  9 11 24 28 33 
 5 10 11 24 28 33 
 6  8 12 24 28 33 
 5  9 12 24 28 33 
 4 10 12 24 28 33 
 3 11 12 24 28 33 
 6  7 13 24 28 33 
 5  8 13 24 28 33 
 4  9 13 24 28 33 
 3 10 13 24 28 33 
 2 11 13 24 28 33 
 1 12 13 24 28 33 
 5  7 14 24 28 33 
 4  8 14 24 28 33 
 3  9 14 24 28 33 
 2 10 14 24 28 33 
 1 11 14 24 28 33 
 5  6 15 24 28 33 
 4  7 15 24 28 33 
 3  8 15 24 28 33 
 2  9 15 24 28 33 
 1 10 15 24 28 33 
 4  6 16 24 28 33 
 3  7 16 24 28 33 
 2  8 16 24 28 33 
 1  9 16 24 28 33 
 4  5 17 24 28 33 
 3  6 17 24 28 33 
 2  7 17 24 28 33 
 1  8 17 24 28 33 
 3  5 18 24 28 33 
 2  6 18 24 28 33 
 1  7 18 24 28 33 
 3  4 19 24 28 33 
 2  5 19 24 28 33 
 1  6 19 24 28 33 
 2  4 20 24 28 33 
 1  5 20 24 28 33 
 2  3 21 24 28 33 
 1  4 21 24 28 33 
 1  3 22 24 28 33 
 1  2 23 24 28 33 
 7  8 10 25 28 33 
 6  9 10 25 28 33 
 6  8 11 25 28 33 
 5  9 11 25 28 33 
 4 10 11 25 28 33 
 6  7 12 25 28 33 
 5  8 12 25 28 33 
 4  9 12 25 28 33 
 3 10 12 25 28 33 
 2 11 12 25 28 33 
 5  7 13 25 28 33 
 4  8 13 25 28 33 
 3  9 13 25 28 33 
 2 10 13 25 28 33 
 1 11 13 25 28 33 
 5  6 14 25 28 33 
 4  7 14 25 28 33 
 3  8 14 25 28 33 
 2  9 14 25 28 33 
 1 10 14 25 28 33 
 4  6 15 25 28 33 
 3  7 15 25 28 33 
 2  8 15 25 28 33 
 1  9 15 25 28 33 
 4  5 16 25 28 33 
 3  6 16 25 28 33 
 2  7 16 25 28 33 
 1  8 16 25 28 33 
 3  5 17 25 28 33 
 2  6 17 25 28 33 
 1  7 17 25 28 33 
 3  4 18 25 28 33 
 2  5 18 25 28 33 
 1  6 18 25 28 33 
 2  4 19 25 28 33 
 1  5 19 25 28 33 
 2  3 20 25 28 33 
 1  4 20 25 28 33 
 1  3 21 25 28 33 
 1  2 22 25 28 33 
 7  8  9 26 28 33 
 6  8 10 26 28 33 
 5  9 10 26 28 33 
 6  7 11 26 28 33 
 5  8 11 26 28 33 
 4  9 11 26 28 33 
 3 10 11 26 28 33 
 5  7 12 26 28 33 
 4  8 12 26 28 33 
 3  9 12 26 28 33 
 2 10 12 26 28 33 
 1 11 12 26 28 33 
 5  6 13 26 28 33 
 4  7 13 26 28 33 
 3  8 13 26 28 33 
 2  9 13 26 28 33 
 1 10 13 26 28 33 
 4  6 14 26 28 33 
 3  7 14 26 28 33 
 2  8 14 26 28 33 
 1  9 14 26 28 33 
 4  5 15 26 28 33 
 3  6 15 26 28 33 
 2  7 15 26 28 33 
 1  8 15 26 28 33 
 3  5 16 26 28 33 
 2  6 16 26 28 33 
 1  7 16 26 28 33 
 3  4 17 26 28 33 
 2  5 17 26 28 33 
 1  6 17 26 28 33 
 2  4 18 26 28 33 
 1  5 18 26 28 33 
 2  3 19 26 28 33 
 1  4 19 26 28 33 
 1  3 20 26 28 33 
 1  2 21 26 28 33 
 6  8  9 27 28 33 
 6  7 10 27 28 33 
 5  8 10 27 28 33 
 4  9 10 27 28 33 
 5  7 11 27 28 33 
 4  8 11 27 28 33 
 3  9 11 27 28 33 
 2 10 11 27 28 33 
 5  6 12 27 28 33 
 4  7 12 27 28 33 
 3  8 12 27 28 33 
 2  9 12 27 28 33 
 1 10 12 27 28 33 
 4  6 13 27 28 33 
 3  7 13 27 28 33 
 2  8 13 27 28 33 
 1  9 13 27 28 33 
 4  5 14 27 28 33 
 3  6 14 27 28 33 
 2  7 14 27 28 33 
 1  8 14 27 28 33 
 3  5 15 27 28 33 
 2  6 15 27 28 33 
 1  7 15 27 28 33 
 3  4 16 27 28 33 
 2  5 16 27 28 33 
 1  6 16 27 28 33 
 2  4 17 27 28 33 
 1  5 17 27 28 33 
 2  3 18 27 28 33 
 1  4 18 27 28 33 
 1  3 19 27 28 33 
 1  2 20 27 28 33 
10 12 13 14 29 33 
10 11 13 15 29 33 
 9 12 13 15 29 33 
 9 11 14 15 29 33 
 8 12 14 15 29 33 
 7 13 14 15 29 33 
10 11 12 16 29 33 
 9 11 13 16 29 33 
 8 12 13 16 29 33 
 9 10 14 16 29 33 
 8 11 14 16 29 33 
 7 12 14 16 29 33 
 6 13 14 16 29 33 
 8 10 15 16 29 33 
 7 11 15 16 29 33 
 6 12 15 16 29 33 
 5 13 15 16 29 33 
 4 14 15 16 29 33 
 9 11 12 17 29 33 
 9 10 13 17 29 33 
 8 11 13 17 29 33 
 7 12 13 17 29 33 
 8 10 14 17 29 33 
 7 11 14 17 29 33 
 6 12 14 17 29 33 
 5 13 14 17 29 33 
 8  9 15 17 29 33 
 7 10 15 17 29 33 
 6 11 15 17 29 33 
 5 12 15 17 29 33 
 4 13 15 17 29 33 
 3 14 15 17 29 33 
 7  9 16 17 29 33 
 6 10 16 17 29 33 
 5 11 16 17 29 33 
 4 12 16 17 29 33 
 3 13 16 17 29 33 
 2 14 16 17 29 33 
 1 15 16 17 29 33 
 9 10 12 18 29 33 
 8 11 12 18 29 33 
 8 10 13 18 29 33 
 7 11 13 18 29 33 
 6 12 13 18 29 33 
 8  9 14 18 29 33 
 7 10 14 18 29 33 
 6 11 14 18 29 33 
 5 12 14 18 29 33 
 4 13 14 18 29 33 
 7  9 15 18 29 33 
 6 10 15 18 29 33 
 5 11 15 18 29 33 
 4 12 15 18 29 33 
 3 13 15 18 29 33 
 2 14 15 18 29 33 
 7  8 16 18 29 33 
 6  9 16 18 29 33 
 5 10 16 18 29 33 
 4 11 16 18 29 33 
 3 12 16 18 29 33 
 2 13 16 18 29 33 
 1 14 16 18 29 33 
 6  8 17 18 29 33 
 5  9 17 18 29 33 
 4 10 17 18 29 33 
 3 11 17 18 29 33 
 2 12 17 18 29 33 
 1 13 17 18 29 33 
 9 10 11 19 29 33 
 8 10 12 19 29 33 
 7 11 12 19 29 33 
 8  9 13 19 29 33 
 7 10 13 19 29 33 
 6 11 13 19 29 33 
 5 12 13 19 29 33 
 7  9 14 19 29 33 
 6 10 14 19 29 33 
 5 11 14 19 29 33 
 4 12 14 19 29 33 
 3 13 14 19 29 33 
 7  8 15 19 29 33 
 6  9 15 19 29 33 
 5 10 15 19 29 33 
 4 11 15 19 29 33 
 3 12 15 19 29 33 
 2 13 15 19 29 33 
 1 14 15 19 29 33 
 6  8 16 19 29 33 
 5  9 16 19 29 33 
 4 10 16 19 29 33 
 3 11 16 19 29 33 
 2 12 16 19 29 33 
 1 13 16 19 29 33 
 6  7 17 19 29 33 
 5  8 17 19 29 33 
 4  9 17 19 29 33 
 3 10 17 19 29 33 
 2 11 17 19 29 33 
 1 12 17 19 29 33 
 5  7 18 19 29 33 
 4  8 18 19 29 33 
 3  9 18 19 29 33 
 2 10 18 19 29 33 
 1 11 18 19 29 33 
 8 10 11 20 29 33 
 8  9 12 20 29 33 
 7 10 12 20 29 33 
 6 11 12 20 29 33 
 7  9 13 20 29 33 
 6 10 13 20 29 33 
 5 11 13 20 29 33 
 4 12 13 20 29 33 
 7  8 14 20 29 33 
 6  9 14 20 29 33 
 5 10 14 20 29 33 
 4 11 14 20 29 33 
 3 12 14 20 29 33 
 2 13 14 20 29 33 
 6  8 15 20 29 33 
 5  9 15 20 29 33 
 4 10 15 20 29 33 
 3 11 15 20 29 33 
 2 12 15 20 29 33 
 1 13 15 20 29 33 
 6  7 16 20 29 33 
 5  8 16 20 29 33 
 4  9 16 20 29 33 
 3 10 16 20 29 33 
 2 11 16 20 29 33 
 1 12 16 20 29 33 
 5  7 17 20 29 33 
 4  8 17 20 29 33 
 3  9 17 20 29 33 
 2 10 17 20 29 33 
 1 11 17 20 29 33 
 5  6 18 20 29 33 
 4  7 18 20 29 33 
 3  8 18 20 29 33 
 2  9 18 20 29 33 
 1 10 18 20 29 33 
 4  6 19 20 29 33 
 3  7 19 20 29 33 
 2  8 19 20 29 33 
 1  9 19 20 29 33 
 8  9 11 21 29 33 
 7 10 11 21 29 33 
 7  9 12 21 29 33 
 6 10 12 21 29 33 
 5 11 12 21 29 33 
 7  8 13 21 29 33 
 6  9 13 21 29 33 
 5 10 13 21 29 33 
 4 11 13 21 29 33 
 3 12 13 21 29 33 
 6  8 14 21 29 33 
 5  9 14 21 29 33 
 4 10 14 21 29 33 
 3 11 14 21 29 33 
 2 12 14 21 29 33 
 1 13 14 21 29 33 
 6  7 15 21 29 33 
 5  8 15 21 29 33 
 4  9 15 21 29 33 
 3 10 15 21 29 33 
 2 11 15 21 29 33 
 1 12 15 21 29 33 
 5  7 16 21 29 33 
 4  8 16 21 29 33 
 3  9 16 21 29 33 
 2 10 16 21 29 33 
 1 11 16 21 29 33 
 5  6 17 21 29 33 
 4  7 17 21 29 33 
 3  8 17 21 29 33 
 2  9 17 21 29 33 
 1 10 17 21 29 33 
 4  6 18 21 29 33 
 3  7 18 21 29 33 
 2  8 18 21 29 33 
 1  9 18 21 29 33 
 4  5 19 21 29 33 
 3  6 19 21 29 33 
 2  7 19 21 29 33 
 1  8 19 21 29 33 
 3  5 20 21 29 33 
 2  6 20 21 29 33 
 1  7 20 21 29 33 
 8  9 10 22 29 33 
 7  9 11 22 29 33 
 6 10 11 22 29 33 
 7  8 12 22 29 33 
 6  9 12 22 29 33 
 5 10 12 22 29 33 
 4 11 12 22 29 33 
 6  8 13 22 29 33 
 5  9 13 22 29 33 
 4 10 13 22 29 33 
 3 11 13 22 29 33 
 2 12 13 22 29 33 
 6  7 14 22 29 33 
 5  8 14 22 29 33 
 4  9 14 22 29 33 
 3 10 14 22 29 33 
 2 11 14 22 29 33 
 1 12 14 22 29 33 
 5  7 15 22 29 33 
 4  8 15 22 29 33 
 3  9 15 22 29 33 
 2 10 15 22 29 33 
 1 11 15 22 29 33 
 5  6 16 22 29 33 
 4  7 16 22 29 33 
 3  8 16 22 29 33 
 2  9 16 22 29 33 
 1 10 16 22 29 33 
 4  6 17 22 29 33 
 3  7 17 22 29 33 
 2  8 17 22 29 33 
 1  9 17 22 29 33 
 4  5 18 22 29 33 
 3  6 18 22 29 33 
 2  7 18 22 29 33 
 1  8 18 22 29 33 
 3  5 19 22 29 33 
 2  6 19 22 29 33 
 1  7 19 22 29 33 
 3  4 20 22 29 33 
 2  5 20 22 29 33 
 1  6 20 22 29 33 
 2  4 21 22 29 33 
 1  5 21 22 29 33 
 7  9 10 23 29 33 
 7  8 11 23 29 33 
 6  9 11 23 29 33 
 5 10 11 23 29 33 
 6  8 12 23 29 33 
 5  9 12 23 29 33 
 4 10 12 23 29 33 
 3 11 12 23 29 33 
 6  7 13 23 29 33 
 5  8 13 23 29 33 
 4  9 13 23 29 33 
 3 10 13 23 29 33 
 2 11 13 23 29 33 
 1 12 13 23 29 33 
 5  7 14 23 29 33 
 4  8 14 23 29 33 
 3  9 14 23 29 33 
 2 10 14 23 29 33 
 1 11 14 23 29 33 
 5  6 15 23 29 33 
 4  7 15 23 29 33 
 3  8 15 23 29 33 
 2  9 15 23 29 33 
 1 10 15 23 29 33 
 4  6 16 23 29 33 
 3  7 16 23 29 33 
 2  8 16 23 29 33 
 1  9 16 23 29 33 
 4  5 17 23 29 33 
 3  6 17 23 29 33 
 2  7 17 23 29 33 
 1  8 17 23 29 33 
 3  5 18 23 29 33 
 2  6 18 23 29 33 
 1  7 18 23 29 33 
 3  4 19 23 29 33 
 2  5 19 23 29 33 
 1  6 19 23 29 33 
 2  4 20 23 29 33 
 1  5 20 23 29 33 
 2  3 21 23 29 33 
 1  4 21 23 29 33 
 1  3 22 23 29 33 
 7  8 10 24 29 33 
 6  9 10 24 29 33 
 6  8 11 24 29 33 
 5  9 11 24 29 33 
 4 10 11 24 29 33 
 6  7 12 24 29 33 
 5  8 12 24 29 33 
 4  9 12 24 29 33 
 3 10 12 24 29 33 
 2 11 12 24 29 33 
 5  7 13 24 29 33 
 4  8 13 24 29 33 
 3  9 13 24 29 33 
 2 10 13 24 29 33 
 1 11 13 24 29 33 
 5  6 14 24 29 33 
 4  7 14 24 29 33 
 3  8 14 24 29 33 
 2  9 14 24 29 33 
 1 10 14 24 29 33 
 4  6 15 24 29 33 
 3  7 15 24 29 33 
 2  8 15 24 29 33 
 1  9 15 24 29 33 
 4  5 16 24 29 33 
 3  6 16 24 29 33 
 2  7 16 24 29 33 
 1  8 16 24 29 33 
 3  5 17 24 29 33 
 2  6 17 24 29 33 
 1  7 17 24 29 33 
 3  4 18 24 29 33 
 2  5 18 24 29 33 
 1  6 18 24 29 33 
 2  4 19 24 29 33 
 1  5 19 24 29 33 
 2  3 20 24 29 33 
 1  4 20 24 29 33 
 1  3 21 24 29 33 
 1  2 22 24 29 33 
 7  8  9 25 29 33 
 6  8 10 25 29 33 
 5  9 10 25 29 33 
 6  7 11 25 29 33 
 5  8 11 25 29 33 
 4  9 11 25 29 33 
 3 10 11 25 29 33 
 5  7 12 25 29 33 
 4  8 12 25 29 33 
 3  9 12 25 29 33 
 2 10 12 25 29 33 
 1 11 12 25 29 33 
 5  6 13 25 29 33 
 4  7 13 25 29 33 
 3  8 13 25 29 33 
 2  9 13 25 29 33 
 1 10 13 25 29 33 
 4  6 14 25 29 33 
 3  7 14 25 29 33 
 2  8 14 25 29 33 
 1  9 14 25 29 33 
 4  5 15 25 29 33 
 3  6 15 25 29 33 
 2  7 15 25 29 33 
 1  8 15 25 29 33 
 3  5 16 25 29 33 
 2  6 16 25 29 33 
 1  7 16 25 29 33 
 3  4 17 25 29 33 
 2  5 17 25 29 33 
 1  6 17 25 29 33 
 2  4 18 25 29 33 
 1  5 18 25 29 33 
 2  3 19 25 29 33 
 1  4 19 25 29 33 
 1  3 20 25 29 33 
 1  2 21 25 29 33 
 6  8  9 26 29 33 
 6  7 10 26 29 33 
 5  8 10 26 29 33 
 4  9 10 26 29 33 
 5  7 11 26 29 33 
 4  8 11 26 29 33 
 3  9 11 26 29 33 
 2 10 11 26 29 33 
 5  6 12 26 29 33 
 4  7 12 26 29 33 
 3  8 12 26 29 33 
 2  9 12 26 29 33 
 1 10 12 26 29 33 
 4  6 13 26 29 33 
 3  7 13 26 29 33 
 2  8 13 26 29 33 
 1  9 13 26 29 33 
 4  5 14 26 29 33 
 3  6 14 26 29 33 
 2  7 14 26 29 33 
 1  8 14 26 29 33 
 3  5 15 26 29 33 
 2  6 15 26 29 33 
 1  7 15 26 29 33 
 3  4 16 26 29 33 
 2  5 16 26 29 33 
 1  6 16 26 29 33 
 2  4 17 26 29 33 
 1  5 17 26 29 33 
 2  3 18 26 29 33 
 1  4 18 26 29 33 
 1  3 19 26 29 33 
 1  2 20 26 29 33 
 6  7  9 27 29 33 
 5  8  9 27 29 33 
 5  7 10 27 29 33 
 4  8 10 27 29 33 
 3  9 10 27 29 33 
 5  6 11 27 29 33 
 4  7 11 27 29 33 
 3  8 11 27 29 33 
 2  9 11 27 29 33 
 1 10 11 27 29 33 
 4  6 12 27 29 33 
 3  7 12 27 29 33 
 2  8 12 27 29 33 
 1  9 12 27 29 33 
 4  5 13 27 29 33 
 3  6 13 27 29 33 
 2  7 13 27 29 33 
 1  8 13 27 29 33 
 3  5 14 27 29 33 
 2  6 14 27 29 33 
 1  7 14 27 29 33 
 3  4 15 27 29 33 
 2  5 15 27 29 33 
 1  6 15 27 29 33 
 2  4 16 27 29 33 
 1  5 16 27 29 33 
 2  3 17 27 29 33 
 1  4 17 27 29 33 
 1  3 18 27 29 33 
 1  2 19 27 29 33 
 6  7  8 28 29 33 
 5  7  9 28 29 33 
 4  8  9 28 29 33 
 5  6 10 28 29 33 
 4  7 10 28 29 33 
 3  8 10 28 29 33 
 2  9 10 28 29 33 
 4  6 11 28 29 33 
 3  7 11 28 29 33 
 2  8 11 28 29 33 
 1  9 11 28 29 33 
 4  5 12 28 29 33 
 3  6 12 28 29 33 
 2  7 12 28 29 33 
 1  8 12 28 29 33 
 3  5 13 28 29 33 
 2  6 13 28 29 33 
 1  7 13 28 29 33 
 3  4 14 28 29 33 
 2  5 14 28 29 33 
 1  6 14 28 29 33 
 2  4 15 28 29 33 
 1  5 15 28 29 33 
 2  3 16 28 29 33 
 1  4 16 28 29 33 
 1  3 17 28 29 33 
 1  2 18 28 29 33 
10 11 13 14 30 33 
 9 12 13 14 30 33 
10 11 12 15 30 33 
 9 11 13 15 30 33 
 8 12 13 15 30 33 
 9 10 14 15 30 33 
 8 11 14 15 30 33 
 7 12 14 15 30 33 
 6 13 14 15 30 33 
 9 11 12 16 30 33 
 9 10 13 16 30 33 
 8 11 13 16 30 33 
 7 12 13 16 30 33 
 8 10 14 16 30 33 
 7 11 14 16 30 33 
 6 12 14 16 30 33 
 5 13 14 16 30 33 
 8  9 15 16 30 33 
 7 10 15 16 30 33 
 6 11 15 16 30 33 
 5 12 15 16 30 33 
 4 13 15 16 30 33 
 3 14 15 16 30 33 
 9 10 12 17 30 33 
 8 11 12 17 30 33 
 8 10 13 17 30 33 
 7 11 13 17 30 33 
 6 12 13 17 30 33 
 8  9 14 17 30 33 
 7 10 14 17 30 33 
 6 11 14 17 30 33 
 5 12 14 17 30 33 
 4 13 14 17 30 33 
 7  9 15 17 30 33 
 6 10 15 17 30 33 
 5 11 15 17 30 33 
 4 12 15 17 30 33 
 3 13 15 17 30 33 
 2 14 15 17 30 33 
 7  8 16 17 30 33 
 6  9 16 17 30 33 
 5 10 16 17 30 33 
 4 11 16 17 30 33 
 3 12 16 17 30 33 
 2 13 16 17 30 33 
 1 14 16 17 30 33 
 9 10 11 18 30 33 
 8 10 12 18 30 33 
 7 11 12 18 30 33 
 8  9 13 18 30 33 
 7 10 13 18 30 33 
 6 11 13 18 30 33 
 5 12 13 18 30 33 
 7  9 14 18 30 33 
 6 10 14 18 30 33 
 5 11 14 18 30 33 
 4 12 14 18 30 33 
 3 13 14 18 30 33 
 7  8 15 18 30 33 
 6  9 15 18 30 33 
 5 10 15 18 30 33 
 4 11 15 18 30 33 
 3 12 15 18 30 33 
 2 13 15 18 30 33 
 1 14 15 18 30 33 
 6  8 16 18 30 33 
 5  9 16 18 30 33 
 4 10 16 18 30 33 
 3 11 16 18 30 33 
 2 12 16 18 30 33 
 1 13 16 18 30 33 
 6  7 17 18 30 33 
 5  8 17 18 30 33 
 4  9 17 18 30 33 
 3 10 17 18 30 33 
 2 11 17 18 30 33 
 1 12 17 18 30 33 
 8 10 11 19 30 33 
 8  9 12 19 30 33 
 7 10 12 19 30 33 
 6 11 12 19 30 33 
 7  9 13 19 30 33 
 6 10 13 19 30 33 
 5 11 13 19 30 33 
 4 12 13 19 30 33 
 7  8 14 19 30 33 
 6  9 14 19 30 33 
 5 10 14 19 30 33 
 4 11 14 19 30 33 
 3 12 14 19 30 33 
 2 13 14 19 30 33 
 6  8 15 19 30 33 
 5  9 15 19 30 33 
 4 10 15 19 30 33 
 3 11 15 19 30 33 
 2 12 15 19 30 33 
 1 13 15 19 30 33 
 6  7 16 19 30 33 
 5  8 16 19 30 33 
 4  9 16 19 30 33 
 3 10 16 19 30 33 
 2 11 16 19 30 33 
 1 12 16 19 30 33 
 5  7 17 19 30 33 
 4  8 17 19 30 33 
 3  9 17 19 30 33 
 2 10 17 19 30 33 
 1 11 17 19 30 33 
 5  6 18 19 30 33 
 4  7 18 19 30 33 
 3  8 18 19 30 33 
 2  9 18 19 30 33 
 1 10 18 19 30 33 
 8  9 11 20 30 33 
 7 10 11 20 30 33 
 7  9 12 20 30 33 
 6 10 12 20 30 33 
 5 11 12 20 30 33 
 7  8 13 20 30 33 
 6  9 13 20 30 33 
 5 10 13 20 30 33 
 4 11 13 20 30 33 
 3 12 13 20 30 33 
 6  8 14 20 30 33 
 5  9 14 20 30 33 
 4 10 14 20 30 33 
 3 11 14 20 30 33 
 2 12 14 20 30 33 
 1 13 14 20 30 33 
 6  7 15 20 30 33 
 5  8 15 20 30 33 
 4  9 15 20 30 33 
 3 10 15 20 30 33 
 2 11 15 20 30 33 
 1 12 15 20 30 33 
 5  7 16 20 30 33 
 4  8 16 20 30 33 
 3  9 16 20 30 33 
 2 10 16 20 30 33 
 1 11 16 20 30 33 
 5  6 17 20 30 33 
 4  7 17 20 30 33 
 3  8 17 20 30 33 
 2  9 17 20 30 33 
 1 10 17 20 30 33 
 4  6 18 20 30 33 
 3  7 18 20 30 33 
 2  8 18 20 30 33 
 1  9 18 20 30 33 
 4  5 19 20 30 33 
 3  6 19 20 30 33 
 2  7 19 20 30 33 
 1  8 19 20 30 33 
 8  9 10 21 30 33 
 7  9 11 21 30 33 
 6 10 11 21 30 33 
 7  8 12 21 30 33 
 6  9 12 21 30 33 
 5 10 12 21 30 33 
 4 11 12 21 30 33 
 6  8 13 21 30 33 
 5  9 13 21 30 33 
 4 10 13 21 30 33 
 3 11 13 21 30 33 
 2 12 13 21 30 33 
 6  7 14 21 30 33 
 5  8 14 21 30 33 
 4  9 14 21 30 33 
 3 10 14 21 30 33 
 2 11 14 21 30 33 
 1 12 14 21 30 33 
 5  7 15 21 30 33 
 4  8 15 21 30 33 
 3  9 15 21 30 33 
 2 10 15 21 30 33 
 1 11 15 21 30 33 
 5  6 16 21 30 33 
 4  7 16 21 30 33 
 3  8 16 21 30 33 
 2  9 16 21 30 33 
 1 10 16 21 30 33 
 4  6 17 21 30 33 
 3  7 17 21 30 33 
 2  8 17 21 30 33 
 1  9 17 21 30 33 
 4  5 18 21 30 33 
 3  6 18 21 30 33 
 2  7 18 21 30 33 
 1  8 18 21 30 33 
 3  5 19 21 30 33 
 2  6 19 21 30 33 
 1  7 19 21 30 33 
 3  4 20 21 30 33 
 2  5 20 21 30 33 
 1  6 20 21 30 33 
 7  9 10 22 30 33 
 7  8 11 22 30 33 
 6  9 11 22 30 33 
 5 10 11 22 30 33 
 6  8 12 22 30 33 
 5  9 12 22 30 33 
 4 10 12 22 30 33 
 3 11 12 22 30 33 
 6  7 13 22 30 33 
 5  8 13 22 30 33 
 4  9 13 22 30 33 
 3 10 13 22 30 33 
 2 11 13 22 30 33 
 1 12 13 22 30 33 
 5  7 14 22 30 33 
 4  8 14 22 30 33 
 3  9 14 22 30 33 
 2 10 14 22 30 33 
 1 11 14 22 30 33 
 5  6 15 22 30 33 
 4  7 15 22 30 33 
 3  8 15 22 30 33 
 2  9 15 22 30 33 
 1 10 15 22 30 33 
 4  6 16 22 30 33 
 3  7 16 22 30 33 
 2  8 16 22 30 33 
 1  9 16 22 30 33 
 4  5 17 22 30 33 
 3  6 17 22 30 33 
 2  7 17 22 30 33 
 1  8 17 22 30 33 
 3  5 18 22 30 33 
 2  6 18 22 30 33 
 1  7 18 22 30 33 
 3  4 19 22 30 33 
 2  5 19 22 30 33 
 1  6 19 22 30 33 
 2  4 20 22 30 33 
 1  5 20 22 30 33 
 2  3 21 22 30 33 
 1  4 21 22 30 33 
 7  8 10 23 30 33 
 6  9 10 23 30 33 
 6  8 11 23 30 33 
 5  9 11 23 30 33 
 4 10 11 23 30 33 
 6  7 12 23 30 33 
 5  8 12 23 30 33 
 4  9 12 23 30 33 
 3 10 12 23 30 33 
 2 11 12 23 30 33 
 5  7 13 23 30 33 
 4  8 13 23 30 33 
 3  9 13 23 30 33 
 2 10 13 23 30 33 
 1 11 13 23 30 33 
 5  6 14 23 30 33 
 4  7 14 23 30 33 
 3  8 14 23 30 33 
 2  9 14 23 30 33 
 1 10 14 23 30 33 
 4  6 15 23 30 33 
 3  7 15 23 30 33 
 2  8 15 23 30 33 
 1  9 15 23 30 33 
 4  5 16 23 30 33 
 3  6 16 23 30 33 
 2  7 16 23 30 33 
 1  8 16 23 30 33 
 3  5 17 23 30 33 
 2  6 17 23 30 33 
 1  7 17 23 30 33 
 3  4 18 23 30 33 
 2  5 18 23 30 33 
 1  6 18 23 30 33 
 2  4 19 23 30 33 
 1  5 19 23 30 33 
 2  3 20 23 30 33 
 1  4 20 23 30 33 
 1  3 21 23 30 33 
 1  2 22 23 30 33 
 7  8  9 24 30 33 
 6  8 10 24 30 33 
 5  9 10 24 30 33 
 6  7 11 24 30 33 
 5  8 11 24 30 33 
 4  9 11 24 30 33 
 3 10 11 24 30 33 
 5  7 12 24 30 33 
 4  8 12 24 30 33 
 3  9 12 24 30 33 
 2 10 12 24 30 33 
 1 11 12 24 30 33 
 5  6 13 24 30 33 
 4  7 13 24 30 33 
 3  8 13 24 30 33 
 2  9 13 24 30 33 
 1 10 13 24 30 33 
 4  6 14 24 30 33 
 3  7 14 24 30 33 
 2  8 14 24 30 33 
 1  9 14 24 30 33 
 4  5 15 24 30 33 
 3  6 15 24 30 33 
 2  7 15 24 30 33 
 1  8 15 24 30 33 
 3  5 16 24 30 33 
 2  6 16 24 30 33 
 1  7 16 24 30 33 
 3  4 17 24 30 33 
 2  5 17 24 30 33 
 1  6 17 24 30 33 
 2  4 18 24 30 33 
 1  5 18 24 30 33 
 2  3 19 24 30 33 
 1  4 19 24 30 33 
 1  3 20 24 30 33 
 1  2 21 24 30 33 
 6  8  9 25 30 33 
 6  7 10 25 30 33 
 5  8 10 25 30 33 
 4  9 10 25 30 33 
 5  7 11 25 30 33 
 4  8 11 25 30 33 
 3  9 11 25 30 33 
 2 10 11 25 30 33 
 5  6 12 25 30 33 
 4  7 12 25 30 33 
 3  8 12 25 30 33 
 2  9 12 25 30 33 
 1 10 12 25 30 33 
 4  6 13 25 30 33 
 3  7 13 25 30 33 
 2  8 13 25 30 33 
 1  9 13 25 30 33 
 4  5 14 25 30 33 
 3  6 14 25 30 33 
 2  7 14 25 30 33 
 1  8 14 25 30 33 
 3  5 15 25 30 33 
 2  6 15 25 30 33 
 1  7 15 25 30 33 
 3  4 16 25 30 33 
 2  5 16 25 30 33 
 1  6 16 25 30 33 
 2  4 17 25 30 33 
 1  5 17 25 30 33 
 2  3 18 25 30 33 
 1  4 18 25 30 33 
 1  3 19 25 30 33 
 1  2 20 25 30 33 
 6  7  9 26 30 33 
 5  8  9 26 30 33 
 5  7 10 26 30 33 
 4  8 10 26 30 33 
 3  9 10 26 30 33 
 5  6 11 26 30 33 
 4  7 11 26 30 33 
 3  8 11 26 30 33 
 2  9 11 26 30 33 
 1 10 11 26 30 33 
 4  6 12 26 30 33 
 3  7 12 26 30 33 
 2  8 12 26 30 33 
 1  9 12 26 30 33 
 4  5 13 26 30 33 
 3  6 13 26 30 33 
 2  7 13 26 30 33 
 1  8 13 26 30 33 
 3  5 14 26 30 33 
 2  6 14 26 30 33 
 1  7 14 26 30 33 
 3  4 15 26 30 33 
 2  5 15 26 30 33 
 1  6 15 26 30 33 
 2  4 16 26 30 33 
 1  5 16 26 30 33 
 2  3 17 26 30 33 
 1  4 17 26 30 33 
 1  3 18 26 30 33 
 1  2 19 26 30 33 
 6  7  8 27 30 33 
 5  7  9 27 30 33 
 4  8  9 27 30 33 
 5  6 10 27 30 33 
 4  7 10 27 30 33 
 3  8 10 27 30 33 
 2  9 10 27 30 33 
 4  6 11 27 30 33 
 3  7 11 27 30 33 
 2  8 11 27 30 33 
 1  9 11 27 30 33 
 4  5 12 27 30 33 
 3  6 12 27 30 33 
 2  7 12 27 30 33 
 1  8 12 27 30 33 
 3  5 13 27 30 33 
 2  6 13 27 30 33 
 1  7 13 27 30 33 
 3  4 14 27 30 33 
 2  5 14 27 30 33 
 1  6 14 27 30 33 
 2  4 15 27 30 33 
 1  5 15 27 30 33 
 2  3 16 27 30 33 
 1  4 16 27 30 33 
 1  3 17 27 30 33 
 1  2 18 27 30 33 
 5  7  8 28 30 33 
 5  6  9 28 30 33 
 4  7  9 28 30 33 
 3  8  9 28 30 33 
 4  6 10 28 30 33 
 3  7 10 28 30 33 
 2  8 10 28 30 33 
 1  9 10 28 30 33 
 4  5 11 28 30 33 
 3  6 11 28 30 33 
 2  7 11 28 30 33 
 1  8 11 28 30 33 
 3  5 12 28 30 33 
 2  6 12 28 30 33 
 1  7 12 28 30 33 
 3  4 13 28 30 33 
 2  5 13 28 30 33 
 1  6 13 28 30 33 
 2  4 14 28 30 33 
 1  5 14 28 30 33 
 2  3 15 28 30 33 
 1  4 15 28 30 33 
 1  3 16 28 30 33 
 1  2 17 28 30 33 
 5  6  8 29 30 33 
 4  7  8 29 30 33 
 4  6  9 29 30 33 
 3  7  9 29 30 33 
 2  8  9 29 30 33 
 4  5 10 29 30 33 
 3  6 10 29 30 33 
 2  7 10 29 30 33 
 1  8 10 29 30 33 
 3  5 11 29 30 33 
 2  6 11 29 30 33 
 1  7 11 29 30 33 
 3  4 12 29 30 33 
 2  5 12 29 30 33 
 1  6 12 29 30 33 
 2  4 13 29 30 33 
 1  5 13 29 30 33 
 2  3 14 29 30 33 
 1  4 14 29 30 33 
 1  3 15 29 30 33 
 1  2 16 29 30 33 
10 11 12 14 31 33 
 9 11 13 14 31 33 
 8 12 13 14 31 33 
 9 11 12 15 31 33 
 9 10 13 15 31 33 
 8 11 13 15 31 33 
 7 12 13 15 31 33 
 8 10 14 15 31 33 
 7 11 14 15 31 33 
 6 12 14 15 31 33 
 5 13 14 15 31 33 
 9 10 12 16 31 33 
 8 11 12 16 31 33 
 8 10 13 16 31 33 
 7 11 13 16 31 33 
 6 12 13 16 31 33 
 8  9 14 16 31 33 
 7 10 14 16 31 33 
 6 11 14 16 31 33 
 5 12 14 16 31 33 
 4 13 14 16 31 33 
 7  9 15 16 31 33 
 6 10 15 16 31 33 
 5 11 15 16 31 33 
 4 12 15 16 31 33 
 3 13 15 16 31 33 
 2 14 15 16 31 33 
 9 10 11 17 31 33 
 8 10 12 17 31 33 
 7 11 12 17 31 33 
 8  9 13 17 31 33 
 7 10 13 17 31 33 
 6 11 13 17 31 33 
 5 12 13 17 31 33 
 7  9 14 17 31 33 
 6 10 14 17 31 33 
 5 11 14 17 31 33 
 4 12 14 17 31 33 
 3 13 14 17 31 33 
 7  8 15 17 31 33 
 6  9 15 17 31 33 
 5 10 15 17 31 33 
 4 11 15 17 31 33 
 3 12 15 17 31 33 
 2 13 15 17 31 33 
 1 14 15 17 31 33 
 6  8 16 17 31 33 
 5  9 16 17 31 33 
 4 10 16 17 31 33 
 3 11 16 17 31 33 
 2 12 16 17 31 33 
 1 13 16 17 31 33 
 8 10 11 18 31 33 
 8  9 12 18 31 33 
 7 10 12 18 31 33 
 6 11 12 18 31 33 
 7  9 13 18 31 33 
 6 10 13 18 31 33 
 5 11 13 18 31 33 
 4 12 13 18 31 33 
 7  8 14 18 31 33 
 6  9 14 18 31 33 
 5 10 14 18 31 33 
 4 11 14 18 31 33 
 3 12 14 18 31 33 
 2 13 14 18 31 33 
 6  8 15 18 31 33 
 5  9 15 18 31 33 
 4 10 15 18 31 33 
 3 11 15 18 31 33 
 2 12 15 18 31 33 
 1 13 15 18 31 33 
 6  7 16 18 31 33 
 5  8 16 18 31 33 
 4  9 16 18 31 33 
 3 10 16 18 31 33 
 2 11 16 18 31 33 
 1 12 16 18 31 33 
 5  7 17 18 31 33 
 4  8 17 18 31 33 
 3  9 17 18 31 33 
 2 10 17 18 31 33 
 1 11 17 18 31 33 
 8  9 11 19 31 33 
 7 10 11 19 31 33 
 7  9 12 19 31 33 
 6 10 12 19 31 33 
 5 11 12 19 31 33 
 7  8 13 19 31 33 
 6  9 13 19 31 33 
 5 10 13 19 31 33 
 4 11 13 19 31 33 
 3 12 13 19 31 33 
 6  8 14 19 31 33 
 5  9 14 19 31 33 
 4 10 14 19 31 33 
 3 11 14 19 31 33 
 2 12 14 19 31 33 
 1 13 14 19 31 33 
 6  7 15 19 31 33 
 5  8 15 19 31 33 
 4  9 15 19 31 33 
 3 10 15 19 31 33 
 2 11 15 19 31 33 
 1 12 15 19 31 33 
 5  7 16 19 31 33 
 4  8 16 19 31 33 
 3  9 16 19 31 33 
 2 10 16 19 31 33 
 1 11 16 19 31 33 
 5  6 17 19 31 33 
 4  7 17 19 31 33 
 3  8 17 19 31 33 
 2  9 17 19 31 33 
 1 10 17 19 31 33 
 4  6 18 19 31 33 
 3  7 18 19 31 33 
 2  8 18 19 31 33 
 1  9 18 19 31 33 
 8  9 10 20 31 33 
 7  9 11 20 31 33 
 6 10 11 20 31 33 
 7  8 12 20 31 33 
 6  9 12 20 31 33 
 5 10 12 20 31 33 
 4 11 12 20 31 33 
 6  8 13 20 31 33 
 5  9 13 20 31 33 
 4 10 13 20 31 33 
 3 11 13 20 31 33 
 2 12 13 20 31 33 
 6  7 14 20 31 33 
 5  8 14 20 31 33 
 4  9 14 20 31 33 
 3 10 14 20 31 33 
 2 11 14 20 31 33 
 1 12 14 20 31 33 
 5  7 15 20 31 33 
 4  8 15 20 31 33 
 3  9 15 20 31 33 
 2 10 15 20 31 33 
 1 11 15 20 31 33 
 5  6 16 20 31 33 
 4  7 16 20 31 33 
 3  8 16 20 31 33 
 2  9 16 20 31 33 
 1 10 16 20 31 33 
 4  6 17 20 31 33 
 3  7 17 20 31 33 
 2  8 17 20 31 33 
 1  9 17 20 31 33 
 4  5 18 20 31 33 
 3  6 18 20 31 33 
 2  7 18 20 31 33 
 1  8 18 20 31 33 
 3  5 19 20 31 33 
 2  6 19 20 31 33 
 1  7 19 20 31 33 
 7  9 10 21 31 33 
 7  8 11 21 31 33 
 6  9 11 21 31 33 
 5 10 11 21 31 33 
 6  8 12 21 31 33 
 5  9 12 21 31 33 
 4 10 12 21 31 33 
 3 11 12 21 31 33 
 6  7 13 21 31 33 
 5  8 13 21 31 33 
 4  9 13 21 31 33 
 3 10 13 21 31 33 
 2 11 13 21 31 33 
 1 12 13 21 31 33 
 5  7 14 21 31 33 
 4  8 14 21 31 33 
 3  9 14 21 31 33 
 2 10 14 21 31 33 
 1 11 14 21 31 33 
 5  6 15 21 31 33 
 4  7 15 21 31 33 
 3  8 15 21 31 33 
 2  9 15 21 31 33 
 1 10 15 21 31 33 
 4  6 16 21 31 33 
 3  7 16 21 31 33 
 2  8 16 21 31 33 
 1  9 16 21 31 33 
 4  5 17 21 31 33 
 3  6 17 21 31 33 
 2  7 17 21 31 33 
 1  8 17 21 31 33 
 3  5 18 21 31 33 
 2  6 18 21 31 33 
 1  7 18 21 31 33 
 3  4 19 21 31 33 
 2  5 19 21 31 33 
 1  6 19 21 31 33 
 2  4 20 21 31 33 
 1  5 20 21 31 33 
 7  8 10 22 31 33 
 6  9 10 22 31 33 
 6  8 11 22 31 33 
 5  9 11 22 31 33 
 4 10 11 22 31 33 
 6  7 12 22 31 33 
 5  8 12 22 31 33 
 4  9 12 22 31 33 
 3 10 12 22 31 33 
 2 11 12 22 31 33 
 5  7 13 22 31 33 
 4  8 13 22 31 33 
 3  9 13 22 31 33 
 2 10 13 22 31 33 
 1 11 13 22 31 33 
 5  6 14 22 31 33 
 4  7 14 22 31 33 
 3  8 14 22 31 33 
 2  9 14 22 31 33 
 1 10 14 22 31 33 
 4  6 15 22 31 33 
 3  7 15 22 31 33 
 2  8 15 22 31 33 
 1  9 15 22 31 33 
 4  5 16 22 31 33 
 3  6 16 22 31 33 
 2  7 16 22 31 33 
 1  8 16 22 31 33 
 3  5 17 22 31 33 
 2  6 17 22 31 33 
 1  7 17 22 31 33 
 3  4 18 22 31 33 
 2  5 18 22 31 33 
 1  6 18 22 31 33 
 2  4 19 22 31 33 
 1  5 19 22 31 33 
 2  3 20 22 31 33 
 1  4 20 22 31 33 
 1  3 21 22 31 33 
 7  8  9 23 31 33 
 6  8 10 23 31 33 
 5  9 10 23 31 33 
 6  7 11 23 31 33 
 5  8 11 23 31 33 
 4  9 11 23 31 33 
 3 10 11 23 31 33 
 5  7 12 23 31 33 
 4  8 12 23 31 33 
 3  9 12 23 31 33 
 2 10 12 23 31 33 
 1 11 12 23 31 33 
 5  6 13 23 31 33 
 4  7 13 23 31 33 
 3  8 13 23 31 33 
 2  9 13 23 31 33 
 1 10 13 23 31 33 
 4  6 14 23 31 33 
 3  7 14 23 31 33 
 2  8 14 23 31 33 
 1  9 14 23 31 33 
 4  5 15 23 31 33 
 3  6 15 23 31 33 
 2  7 15 23 31 33 
 1  8 15 23 31 33 
 3  5 16 23 31 33 
 2  6 16 23 31 33 
 1  7 16 23 31 33 
 3  4 17 23 31 33 
 2  5 17 23 31 33 
 1  6 17 23 31 33 
 2  4 18 23 31 33 
 1  5 18 23 31 33 
 2  3 19 23 31 33 
 1  4 19 23 31 33 
 1  3 20 23 31 33 
 1  2 21 23 31 33 
 6  8  9 24 31 33 
 6  7 10 24 31 33 
 5  8 10 24 31 33 
 4  9 10 24 31 33 
 5  7 11 24 31 33 
 4  8 11 24 31 33 
 3  9 11 24 31 33 
 2 10 11 24 31 33 
 5  6 12 24 31 33 
 4  7 12 24 31 33 
 3  8 12 24 31 33 
 2  9 12 24 31 33 
 1 10 12 24 31 33 
 4  6 13 24 31 33 
 3  7 13 24 31 33 
 2  8 13 24 31 33 
 1  9 13 24 31 33 
 4  5 14 24 31 33 
 3  6 14 24 31 33 
 2  7 14 24 31 33 
 1  8 14 24 31 33 
 3  5 15 24 31 33 
 2  6 15 24 31 33 
 1  7 15 24 31 33 
 3  4 16 24 31 33 
 2  5 16 24 31 33 
 1  6 16 24 31 33 
 2  4 17 24 31 33 
 1  5 17 24 31 33 
 2  3 18 24 31 33 
 1  4 18 24 31 33 
 1  3 19 24 31 33 
 1  2 20 24 31 33 
 6  7  9 25 31 33 
 5  8  9 25 31 33 
 5  7 10 25 31 33 
 4  8 10 25 31 33 
 3  9 10 25 31 33 
 5  6 11 25 31 33 
 4  7 11 25 31 33 
 3  8 11 25 31 33 
 2  9 11 25 31 33 
 1 10 11 25 31 33 
 4  6 12 25 31 33 
 3  7 12 25 31 33 
 2  8 12 25 31 33 
 1  9 12 25 31 33 
 4  5 13 25 31 33 
 3  6 13 25 31 33 
 2  7 13 25 31 33 
 1  8 13 25 31 33 
 3  5 14 25 31 33 
 2  6 14 25 31 33 
 1  7 14 25 31 33 
 3  4 15 25 31 33 
 2  5 15 25 31 33 
 1  6 15 25 31 33 
 2  4 16 25 31 33 
 1  5 16 25 31 33 
 2  3 17 25 31 33 
 1  4 17 25 31 33 
 1  3 18 25 31 33 
 1  2 19 25 31 33 
 6  7  8 26 31 33 
 5  7  9 26 31 33 
 4  8  9 26 31 33 
 5  6 10 26 31 33 
 4  7 10 26 31 33 
 3  8 10 26 31 33 
 2  9 10 26 31 33 
 4  6 11 26 31 33 
 3  7 11 26 31 33 
 2  8 11 26 31 33 
 1  9 11 26 31 33 
 4  5 12 26 31 33 
 3  6 12 26 31 33 
 2  7 12 26 31 33 
 1  8 12 26 31 33 
 3  5 13 26 31 33 
 2  6 13 26 31 33 
 1  7 13 26 31 33 
 3  4 14 26 31 33 
 2  5 14 26 31 33 
 1  6 14 26 31 33 
 2  4 15 26 31 33 
 1  5 15 26 31 33 
 2  3 16 26 31 33 
 1  4 16 26 31 33 
 1  3 17 26 31 33 
 1  2 18 26 31 33 
 5  7  8 27 31 33 
 5  6  9 27 31 33 
 4  7  9 27 31 33 
 3  8  9 27 31 33 
 4  6 10 27 31 33 
 3  7 10 27 31 33 
 2  8 10 27 31 33 
 1  9 10 27 31 33 
 4  5 11 27 31 33 
 3  6 11 27 31 33 
 2  7 11 27 31 33 
 1  8 11 27 31 33 
 3  5 12 27 31 33 
 2  6 12 27 31 33 
 1  7 12 27 31 33 
 3  4 13 27 31 33 
 2  5 13 27 31 33 
 1  6 13 27 31 33 
 2  4 14 27 31 33 
 1  5 14 27 31 33 
 2  3 15 27 31 33 
 1  4 15 27 31 33 
 1  3 16 27 31 33 
 1  2 17 27 31 33 
 5  6  8 28 31 33 
 4  7  8 28 31 33 
 4  6  9 28 31 33 
 3  7  9 28 31 33 
 2  8  9 28 31 33 
 4  5 10 28 31 33 
 3  6 10 28 31 33 
 2  7 10 28 31 33 
 1  8 10 28 31 33 
 3  5 11 28 31 33 
 2  6 11 28 31 33 
 1  7 11 28 31 33 
 3  4 12 28 31 33 
 2  5 12 28 31 33 
 1  6 12 28 31 33 
 2  4 13 28 31 33 
 1  5 13 28 31 33 
 2  3 14 28 31 33 
 1  4 14 28 31 33 
 1  3 15 28 31 33 
 1  2 16 28 31 33 
 5  6  7 29 31 33 
 4  6  8 29 31 33 
 3  7  8 29 31 33 
 4  5  9 29 31 33 
 3  6  9 29 31 33 
 2  7  9 29 31 33 
 1  8  9 29 31 33 
 3  5 10 29 31 33 
 2  6 10 29 31 33 
 1  7 10 29 31 33 
 3  4 11 29 31 33 
 2  5 11 29 31 33 
 1  6 11 29 31 33 
 2  4 12 29 31 33 
 1  5 12 29 31 33 
 2  3 13 29 31 33 
 1  4 13 29 31 33 
 1  3 14 29 31 33 
 1  2 15 29 31 33 
 4  6  7 30 31 33 
 4  5  8 30 31 33 
 3  6  8 30 31 33 
 2  7  8 30 31 33 
 3  5  9 30 31 33 
 2  6  9 30 31 33 
 1  7  9 30 31 33 
 3  4 10 30 31 33 
 2  5 10 30 31 33 
 1  6 10 30 31 33 
 2  4 11 30 31 33 
 1  5 11 30 31 33 
 2  3 12 30 31 33 
 1  4 12 30 31 33 
 1  3 13 30 31 33 
 1  2 14 30 31 33 
10 11 12 13 32 33 
 9 11 12 14 32 33 
 9 10 13 14 32 33 
 8 11 13 14 32 33 
 7 12 13 14 32 33 
 9 10 12 15 32 33 
 8 11 12 15 32 33 
 8 10 13 15 32 33 
 7 11 13 15 32 33 
 6 12 13 15 32 33 
 8  9 14 15 32 33 
 7 10 14 15 32 33 
 6 11 14 15 32 33 
 5 12 14 15 32 33 
 4 13 14 15 32 33 
 9 10 11 16 32 33 
 8 10 12 16 32 33 
 7 11 12 16 32 33 
 8  9 13 16 32 33 
 7 10 13 16 32 33 
 6 11 13 16 32 33 
 5 12 13 16 32 33 
 7  9 14 16 32 33 
 6 10 14 16 32 33 
 5 11 14 16 32 33 
 4 12 14 16 32 33 
 3 13 14 16 32 33 
 7  8 15 16 32 33 
 6  9 15 16 32 33 
 5 10 15 16 32 33 
 4 11 15 16 32 33 
 3 12 15 16 32 33 
 2 13 15 16 32 33 
 1 14 15 16 32 33 
 8 10 11 17 32 33 
 8  9 12 17 32 33 
 7 10 12 17 32 33 
 6 11 12 17 32 33 
 7  9 13 17 32 33 
 6 10 13 17 32 33 
 5 11 13 17 32 33 
 4 12 13 17 32 33 
 7  8 14 17 32 33 
 6  9 14 17 32 33 
 5 10 14 17 32 33 
 4 11 14 17 32 33 
 3 12 14 17 32 33 
 2 13 14 17 32 33 
 6  8 15 17 32 33 
 5  9 15 17 32 33 
 4 10 15 17 32 33 
 3 11 15 17 32 33 
 2 12 15 17 32 33 
 1 13 15 17 32 33 
 6  7 16 17 32 33 
 5  8 16 17 32 33 
 4  9 16 17 32 33 
 3 10 16 17 32 33 
 2 11 16 17 32 33 
 1 12 16 17 32 33 
 8  9 11 18 32 33 
 7 10 11 18 32 33 
 7  9 12 18 32 33 
 6 10 12 18 32 33 
 5 11 12 18 32 33 
 7  8 13 18 32 33 
 6  9 13 18 32 33 
 5 10 13 18 32 33 
 4 11 13 18 32 33 
 3 12 13 18 32 33 
 6  8 14 18 32 33 
 5  9 14 18 32 33 
 4 10 14 18 32 33 
 3 11 14 18 32 33 
 2 12 14 18 32 33 
 1 13 14 18 32 33 
 6  7 15 18 32 33 
 5  8 15 18 32 33 
 4  9 15 18 32 33 
 3 10 15 18 32 33 
 2 11 15 18 32 33 
 1 12 15 18 32 33 
 5  7 16 18 32 33 
 4  8 16 18 32 33 
 3  9 16 18 32 33 
 2 10 16 18 32 33 
 1 11 16 18 32 33 
 5  6 17 18 32 33 
 4  7 17 18 32 33 
 3  8 17 18 32 33 
 2  9 17 18 32 33 
 1 10 17 18 32 33 
 8  9 10 19 32 33 
 7  9 11 19 32 33 
 6 10 11 19 32 33 
 7  8 12 19 32 33 
 6  9 12 19 32 33 
 5 10 12 19 32 33 
 4 11 12 19 32 33 
 6  8 13 19 32 33 
 5  9 13 19 32 33 
 4 10 13 19 32 33 
 3 11 13 19 32 33 
 2 12 13 19 32 33 
 6  7 14 19 32 33 
 5  8 14 19 32 33 
 4  9 14 19 32 33 
 3 10 14 19 32 33 
 2 11 14 19 32 33 
 1 12 14 19 32 33 
 5  7 15 19 32 33 
 4  8 15 19 32 33 
 3  9 15 19 32 33 
 2 10 15 19 32 33 
 1 11 15 19 32 33 
 5  6 16 19 32 33 
 4  7 16 19 32 33 
 3  8 16 19 32 33 
 2  9 16 19 32 33 
 1 10 16 19 32 33 
 4  6 17 19 32 33 
 3  7 17 19 32 33 
 2  8 17 19 32 33 
 1  9 17 19 32 33 
 4  5 18 19 32 33 
 3  6 18 19 32 33 
 2  7 18 19 32 33 
 1  8 18 19 32 33 
 7  9 10 20 32 33 
 7  8 11 20 32 33 
 6  9 11 20 32 33 
 5 10 11 20 32 33 
 6  8 12 20 32 33 
 5  9 12 20 32 33 
 4 10 12 20 32 33 
 3 11 12 20 32 33 
 6  7 13 20 32 33 
 5  8 13 20 32 33 
 4  9 13 20 32 33 
 3 10 13 20 32 33 
 2 11 13 20 32 33 
 1 12 13 20 32 33 
 5  7 14 20 32 33 
 4  8 14 20 32 33 
 3  9 14 20 32 33 
 2 10 14 20 32 33 
 1 11 14 20 32 33 
 5  6 15 20 32 33 
 4  7 15 20 32 33 
 3  8 15 20 32 33 
 2  9 15 20 32 33 
 1 10 15 20 32 33 
 4  6 16 20 32 33 
 3  7 16 20 32 33 
 2  8 16 20 32 33 
 1  9 16 20 32 33 
 4  5 17 20 32 33 
 3  6 17 20 32 33 
 2  7 17 20 32 33 
 1  8 17 20 32 33 
 3  5 18 20 32 33 
 2  6 18 20 32 33 
 1  7 18 20 32 33 
 3  4 19 20 32 33 
 2  5 19 20 32 33 
 1  6 19 20 32 33 
 7  8 10 21 32 33 
 6  9 10 21 32 33 
 6  8 11 21 32 33 
 5  9 11 21 32 33 
 4 10 11 21 32 33 
 6  7 12 21 32 33 
 5  8 12 21 32 33 
 4  9 12 21 32 33 
 3 10 12 21 32 33 
 2 11 12 21 32 33 
 5  7 13 21 32 33 
 4  8 13 21 32 33 
 3  9 13 21 32 33 
 2 10 13 21 32 33 
 1 11 13 21 32 33 
 5  6 14 21 32 33 
 4  7 14 21 32 33 
 3  8 14 21 32 33 
 2  9 14 21 32 33 
 1 10 14 21 32 33 
 4  6 15 21 32 33 
 3  7 15 21 32 33 
 2  8 15 21 32 33 
 1  9 15 21 32 33 
 4  5 16 21 32 33 
 3  6 16 21 32 33 
 2  7 16 21 32 33 
 1  8 16 21 32 33 
 3  5 17 21 32 33 
 2  6 17 21 32 33 
 1  7 17 21 32 33 
 3  4 18 21 32 33 
 2  5 18 21 32 33 
 1  6 18 21 32 33 
 2  4 19 21 32 33 
 1  5 19 21 32 33 
 2  3 20 21 32 33 
 1  4 20 21 32 33 
 7  8  9 22 32 33 
 6  8 10 22 32 33 
 5  9 10 22 32 33 
 6  7 11 22 32 33 
 5  8 11 22 32 33 
 4  9 11 22 32 33 
 3 10 11 22 32 33 
 5  7 12 22 32 33 
 4  8 12 22 32 33 
 3  9 12 22 32 33 
 2 10 12 22 32 33 
 1 11 12 22 32 33 
 5  6 13 22 32 33 
 4  7 13 22 32 33 
 3  8 13 22 32 33 
 2  9 13 22 32 33 
 1 10 13 22 32 33 
 4  6 14 22 32 33 
 3  7 14 22 32 33 
 2  8 14 22 32 33 
 1  9 14 22 32 33 
 4  5 15 22 32 33 
 3  6 15 22 32 33 
 2  7 15 22 32 33 
 1  8 15 22 32 33 
 3  5 16 22 32 33 
 2  6 16 22 32 33 
 1  7 16 22 32 33 
 3  4 17 22 32 33 
 2  5 17 22 32 33 
 1  6 17 22 32 33 
 2  4 18 22 32 33 
 1  5 18 22 32 33 
 2  3 19 22 32 33 
 1  4 19 22 32 33 
 1  3 20 22 32 33 
 1  2 21 22 32 33 
 6  8  9 23 32 33 
 6  7 10 23 32 33 
 5  8 10 23 32 33 
 4  9 10 23 32 33 
 5  7 11 23 32 33 
 4  8 11 23 32 33 
 3  9 11 23 32 33 
 2 10 11 23 32 33 
 5  6 12 23 32 33 
 4  7 12 23 32 33 
 3  8 12 23 32 33 
 2  9 12 23 32 33 
 1 10 12 23 32 33 
 4  6 13 23 32 33 
 3  7 13 23 32 33 
 2  8 13 23 32 33 
 1  9 13 23 32 33 
 4  5 14 23 32 33 
 3  6 14 23 32 33 
 2  7 14 23 32 33 
 1  8 14 23 32 33 
 3  5 15 23 32 33 
 2  6 15 23 32 33 
 1  7 15 23 32 33 
 3  4 16 23 32 33 
 2  5 16 23 32 33 
 1  6 16 23 32 33 
 2  4 17 23 32 33 
 1  5 17 23 32 33 
 2  3 18 23 32 33 
 1  4 18 23 32 33 
 1  3 19 23 32 33 
 1  2 20 23 32 33 
 6  7  9 24 32 33 
 5  8  9 24 32 33 
 5  7 10 24 32 33 
 4  8 10 24 32 33 
 3  9 10 24 32 33 
 5  6 11 24 32 33 
 4  7 11 24 32 33 
 3  8 11 24 32 33 
 2  9 11 24 32 33 
 1 10 11 24 32 33 
 4  6 12 24 32 33 
 3  7 12 24 32 33 
 2  8 12 24 32 33 
 1  9 12 24 32 33 
 4  5 13 24 32 33 
 3  6 13 24 32 33 
 2  7 13 24 32 33 
 1  8 13 24 32 33 
 3  5 14 24 32 33 
 2  6 14 24 32 33 
 1  7 14 24 32 33 
 3  4 15 24 32 33 
 2  5 15 24 32 33 
 1  6 15 24 32 33 
 2  4 16 24 32 33 
 1  5 16 24 32 33 
 2  3 17 24 32 33 
 1  4 17 24 32 33 
 1  3 18 24 32 33 
 1  2 19 24 32 33 
 6  7  8 25 32 33 
 5  7  9 25 32 33 
 4  8  9 25 32 33 
 5  6 10 25 32 33 
 4  7 10 25 32 33 
 3  8 10 25 32 33 
 2  9 10 25 32 33 
 4  6 11 25 32 33 
 3  7 11 25 32 33 
 2  8 11 25 32 33 
 1  9 11 25 32 33 
 4  5 12 25 32 33 
 3  6 12 25 32 33 
 2  7 12 25 32 33 
 1  8 12 25 32 33 
 3  5 13 25 32 33 
 2  6 13 25 32 33 
 1  7 13 25 32 33 
 3  4 14 25 32 33 
 2  5 14 25 32 33 
 1  6 14 25 32 33 
 2  4 15 25 32 33 
 1  5 15 25 32 33 
 2  3 16 25 32 33 
 1  4 16 25 32 33 
 1  3 17 25 32 33 
 1  2 18 25 32 33 
 5  7  8 26 32 33 
 5  6  9 26 32 33 
 4  7  9 26 32 33 
 3  8  9 26 32 33 
 4  6 10 26 32 33 
 3  7 10 26 32 33 
 2  8 10 26 32 33 
 1  9 10 26 32 33 
 4  5 11 26 32 33 
 3  6 11 26 32 33 
 2  7 11 26 32 33 
 1  8 11 26 32 33 
 3  5 12 26 32 33 
 2  6 12 26 32 33 
 1  7 12 26 32 33 
 3  4 13 26 32 33 
 2  5 13 26 32 33 
 1  6 13 26 32 33 
 2  4 14 26 32 33 
 1  5 14 26 32 33 
 2  3 15 26 32 33 
 1  4 15 26 32 33 
 1  3 16 26 32 33 
 1  2 17 26 32 33 
 5  6  8 27 32 33 
 4  7  8 27 32 33 
 4  6  9 27 32 33 
 3  7  9 27 32 33 
 2  8  9 27 32 33 
 4  5 10 27 32 33 
 3  6 10 27 32 33 
 2  7 10 27 32 33 
 1  8 10 27 32 33 
 3  5 11 27 32 33 
 2  6 11 27 32 33 
 1  7 11 27 32 33 
 3  4 12 27 32 33 
 2  5 12 27 32 33 
 1  6 12 27 32 33 
 2  4 13 27 32 33 
 1  5 13 27 32 33 
 2  3 14 27 32 33 
 1  4 14 27 32 33 
 1  3 15 27 32 33 
 1  2 16 27 32 33 
 5  6  7 28 32 33 
 4  6  8 28 32 33 
 3  7  8 28 32 33 
 4  5  9 28 32 33 
 3  6  9 28 32 33 
 2  7  9 28 32 33 
 1  8  9 28 32 33 
 3  5 10 28 32 33 
 2  6 10 28 32 33 
 1  7 10 28 32 33 
 3  4 11 28 32 33 
 2  5 11 28 32 33 
 1  6 11 28 32 33 
 2  4 12 28 32 33 
 1  5 12 28 32 33 
 2  3 13 28 32 33 
 1  4 13 28 32 33 
 1  3 14 28 32 33 
 1  2 15 28 32 33 
 4  6  7 29 32 33 
 4  5  8 29 32 33 
 3  6  8 29 32 33 
 2  7  8 29 32 33 
 3  5  9 29 32 33 
 2  6  9 29 32 33 
 1  7  9 29 32 33 
 3  4 10 29 32 33 
 2  5 10 29 32 33 
 1  6 10 29 32 33 
 2  4 11 29 32 33 
 1  5 11 29 32 33 
 2  3 12 29 32 33 
 1  4 12 29 32 33 
 1  3 13 29 32 33 
 1  2 14 29 32 33 
 4  5  7 30 32 33 
 3  6  7 30 32 33 
 3  5  8 30 32 33 
 2  6  8 30 32 33 
 1  7  8 30 32 33 
 3  4  9 30 32 33 
 2  5  9 30 32 33 
 1  6  9 30 32 33 
 2  4 10 30 32 33 
 1  5 10 30 32 33 
 2  3 11 30 32 33 
 1  4 11 30 32 33 
 1  3 12 30 32 33 
 1  2 13 30 32 33 
 4  5  6 31 32 33 
 3  5  7 31 32 33 
 2  6  7 31 32 33 
 3  4  8 31 32 33 
 2  5  8 31 32 33 
 1  6  8 31 32 33 
 2  4  9 31 32 33 
 1  5  9 31 32 33 
 2  3 10 31 32 33 
 1  4 10 31 32 33 
 1  3 11 31 32 33 
 1  2 12 31 32 33 
13 14 15 17 18 34 
12 14 16 17 18 34 
11 15 16 17 18 34 
13 14 15 16 19 34 
12 14 15 17 19 34 
12 13 16 17 19 34 
11 14 16 17 19 34 
10 15 16 17 19 34 
12 13 15 18 19 34 
11 14 15 18 19 34 
11 13 16 18 19 34 
10 14 16 18 19 34 
 9 15 16 18 19 34 
11 12 17 18 19 34 
10 13 17 18 19 34 
 9 14 17 18 19 34 
 8 15 17 18 19 34 
 7 16 17 18 19 34 
12 14 15 16 20 34 
12 13 15 17 20 34 
11 14 15 17 20 34 
11 13 16 17 20 34 
10 14 16 17 20 34 
 9 15 16 17 20 34 
12 13 14 18 20 34 
11 13 15 18 20 34 
10 14 15 18 20 34 
11 12 16 18 20 34 
10 13 16 18 20 34 
 9 14 16 18 20 34 
 8 15 16 18 20 34 
10 12 17 18 20 34 
 9 13 17 18 20 34 
 8 14 17 18 20 34 
 7 15 17 18 20 34 
 6 16 17 18 20 34 
11 13 14 19 20 34 
11 12 15 19 20 34 
10 13 15 19 20 34 
 9 14 15 19 20 34 
10 12 16 19 20 34 
 9 13 16 19 20 34 
 8 14 16 19 20 34 
 7 15 16 19 20 34 
10 11 17 19 20 34 
 9 12 17 19 20 34 
 8 13 17 19 20 34 
 7 14 17 19 20 34 
 6 15 17 19 20 34 
 5 16 17 19 20 34 
 9 11 18 19 20 34 
 8 12 18 19 20 34 
 7 13 18 19 20 34 
 6 14 18 19 20 34 
 5 15 18 19 20 34 
 4 16 18 19 20 34 
 3 17 18 19 20 34 
12 13 15 16 21 34 
11 14 15 16 21 34 
12 13 14 17 21 34 
11 13 15 17 21 34 
10 14 15 17 21 34 
11 12 16 17 21 34 
10 13 16 17 21 34 
 9 14 16 17 21 34 
 8 15 16 17 21 34 
11 13 14 18 21 34 
11 12 15 18 21 34 
10 13 15 18 21 34 
 9 14 15 18 21 34 
10 12 16 18 21 34 
 9 13 16 18 21 34 
 8 14 16 18 21 34 
 7 15 16 18 21 34 
10 11 17 18 21 34 
 9 12 17 18 21 34 
 8 13 17 18 21 34 
 7 14 17 18 21 34 
 6 15 17 18 21 34 
 5 16 17 18 21 34 
11 12 14 19 21 34 
10 13 14 19 21 34 
10 12 15 19 21 34 
 9 13 15 19 21 34 
 8 14 15 19 21 34 
10 11 16 19 21 34 
 9 12 16 19 21 34 
 8 13 16 19 21 34 
 7 14 16 19 21 34 
 6 15 16 19 21 34 
 9 11 17 19 21 34 
 8 12 17 19 21 34 
 7 13 17 19 21 34 
 6 14 17 19 21 34 
 5 15 17 19 21 34 
 4 16 17 19 21 34 
 9 10 18 19 21 34 
 8 11 18 19 21 34 
 7 12 18 19 21 34 
 6 13 18 19 21 34 
 5 14 18 19 21 34 
 4 15 18 19 21 34 
 3 16 18 19 21 34 
 2 17 18 19 21 34 
11 12 13 20 21 34 
10 12 14 20 21 34 
 9 13 14 20 21 34 
10 11 15 20 21 34 
 9 12 15 20 21 34 
 8 13 15 20 21 34 
 7 14 15 20 21 34 
 9 11 16 20 21 34 
 8 12 16 20 21 34 
 7 13 16 20 21 34 
 6 14 16 20 21 34 
 5 15 16 20 21 34 
 9 10 17 20 21 34 
 8 11 17 20 21 34 
 7 12 17 20 21 34 
 6 13 17 20 21 34 
 5 14 17 20 21 34 
 4 15 17 20 21 34 
 3 16 17 20 21 34 
 8 10 18 20 21 34 
 7 11 18 20 21 34 
 6 12 18 20 21 34 
 5 13 18 20 21 34 
 4 14 18 20 21 34 
 3 15 18 20 21 34 
 2 16 18 20 21 34 
 1 17 18 20 21 34 
 8  9 19 20 21 34 
 7 10 19 20 21 34 
 6 11 19 20 21 34 
 5 12 19 20 21 34 
 4 13 19 20 21 34 
 3 14 19 20 21 34 
 2 15 19 20 21 34 
 1 16 19 20 21 34 
12 13 14 16 22 34 
11 13 15 16 22 34 
10 14 15 16 22 34 
11 13 14 17 22 34 
11 12 15 17 22 34 
10 13 15 17 22 34 
 9 14 15 17 22 34 
10 12 16 17 22 34 
 9 13 16 17 22 34 
 8 14 16 17 22 34 
 7 15 16 17 22 34 
11 12 14 18 22 34 
10 13 14 18 22 34 
10 12 15 18 22 34 
 9 13 15 18 22 34 
 8 14 15 18 22 34 
10 11 16 18 22 34 
 9 12 16 18 22 34 
 8 13 16 18 22 34 
 7 14 16 18 22 34 
 6 15 16 18 22 34 
 9 11 17 18 22 34 
 8 12 17 18 22 34 
 7 13 17 18 22 34 
 6 14 17 18 22 34 
 5 15 17 18 22 34 
 4 16 17 18 22 34 
11 12 13 19 22 34 
10 12 14 19 22 34 
 9 13 14 19 22 34 
10 11 15 19 22 34 
 9 12 15 19 22 34 
 8 13 15 19 22 34 
 7 14 15 19 22 34 
 9 11 16 19 22 34 
 8 12 16 19 22 34 
 7 13 16 19 22 34 
 6 14 16 19 22 34 
 5 15 16 19 22 34 
 9 10 17 19 22 34 
 8 11 17 19 22 34 
 7 12 17 19 22 34 
 6 13 17 19 22 34 
 5 14 17 19 22 34 
 4 15 17 19 22 34 
 3 16 17 19 22 34 
 8 10 18 19 22 34 
 7 11 18 19 22 34 
 6 12 18 19 22 34 
 5 13 18 19 22 34 
 4 14 18 19 22 34 
 3 15 18 19 22 34 
 2 16 18 19 22 34 
 1 17 18 19 22 34 
10 12 13 20 22 34 
10 11 14 20 22 34 
 9 12 14 20 22 34 
 8 13 14 20 22 34 
 9 11 15 20 22 34 
 8 12 15 20 22 34 
 7 13 15 20 22 34 
 6 14 15 20 22 34 
 9 10 16 20 22 34 
 8 11 16 20 22 34 
 7 12 16 20 22 34 
 6 13 16 20 22 34 
 5 14 16 20 22 34 
 4 15 16 20 22 34 
 8 10 17 20 22 34 
 7 11 17 20 22 34 
 6 12 17 20 22 34 
 5 13 17 20 22 34 
 4 14 17 20 22 34 
 3 15 17 20 22 34 
 2 16 17 20 22 34 
 8  9 18 20 22 34 
 7 10 18 20 22 34 
 6 11 18 20 22 34 
 5 12 18 20 22 34 
 4 13 18 20 22 34 
 3 14 18 20 22 34 
 2 15 18 20 22 34 
 1 16 18 20 22 34 
 7  9 19 20 22 34 
 6 10 19 20 22 34 
 5 11 19 20 22 34 
 4 12 19 20 22 34 
 3 13 19 20 22 34 
 2 14 19 20 22 34 
 1 15 19 20 22 34 
10 11 13 21 22 34 
 9 12 13 21 22 34 
 9 11 14 21 22 34 
 8 12 14 21 22 34 
 7 13 14 21 22 34 
 9 10 15 21 22 34 
 8 11 15 21 22 34 
 7 12 15 21 22 34 
 6 13 15 21 22 34 
 5 14 15 21 22 34 
 8 10 16 21 22 34 
 7 11 16 21 22 34 
 6 12 16 21 22 34 
 5 13 16 21 22 34 
 4 14 16 21 22 34 
 3 15 16 21 22 34 
 8  9 17 21 22 34 
 7 10 17 21 22 34 
 6 11 17 21 22 34 
 5 12 17 21 22 34 
 4 13 17 21 22 34 
 3 14 17 21 22 34 
 2 15 17 21 22 34 
 1 16 17 21 22 34 
 7  9 18 21 22 34 
 6 10 18 21 22 34 
 5 11 18 21 22 34 
 4 12 18 21 22 34 
 3 13 18 21 22 34 
 2 14 18 21 22 34 
 1 15 18 21 22 34 
 7  8 19 21 22 34 
 6  9 19 21 22 34 
 5 10 19 21 22 34 
 4 11 19 21 22 34 
 3 12 19 21 22 34 
 2 13 19 21 22 34 
 1 14 19 21 22 34 
 6  8 20 21 22 34 
 5  9 20 21 22 34 
 4 10 20 21 22 34 
 3 11 20 21 22 34 
 2 12 20 21 22 34 
 1 13 20 21 22 34 
12 13 14 15 23 34 
11 13 14 16 23 34 
11 12 15 16 23 34 
10 13 15 16 23 34 
 9 14 15 16 23 34 
11 12 14 17 23 34 
10 13 14 17 23 34 
10 12 15 17 23 34 
 9 13 15 17 23 34 
 8 14 15 17 23 34 
10 11 16 17 23 34 
 9 12 16 17 23 34 
 8 13 16 17 23 34 
 7 14 16 17 23 34 
 6 15 16 17 23 34 
11 12 13 18 23 34 
10 12 14 18 23 34 
 9 13 14 18 23 34 
10 11 15 18 23 34 
 9 12 15 18 23 34 
 8 13 15 18 23 34 
 7 14 15 18 23 34 
 9 11 16 18 23 34 
 8 12 16 18 23 34 
 7 13 16 18 23 34 
 6 14 16 18 23 34 
 5 15 16 18 23 34 
 9 10 17 18 23 34 
 8 11 17 18 23 34 
 7 12 17 18 23 34 
 6 13 17 18 23 34 
 5 14 17 18 23 34 
 4 15 17 18 23 34 
 3 16 17 18 23 34 
10 12 13 19 23 34 
10 11 14 19 23 34 
 9 12 14 19 23 34 
 8 13 14 19 23 34 
 9 11 15 19 23 34 
 8 12 15 19 23 34 
 7 13 15 19 23 34 
 6 14 15 19 23 34 
 9 10 16 19 23 34 
 8 11 16 19 23 34 
 7 12 16 19 23 34 
 6 13 16 19 23 34 
 5 14 16 19 23 34 
 4 15 16 19 23 34 
 8 10 17 19 23 34 
 7 11 17 19 23 34 
 6 12 17 19 23 34 
 5 13 17 19 23 34 
 4 14 17 19 23 34 
 3 15 17 19 23 34 
 2 16 17 19 23 34 
 8  9 18 19 23 34 
 7 10 18 19 23 34 
 6 11 18 19 23 34 
 5 12 18 19 23 34 
 4 13 18 19 23 34 
 3 14 18 19 23 34 
 2 15 18 19 23 34 
 1 16 18 19 23 34 
10 11 13 20 23 34 
 9 12 13 20 23 34 
 9 11 14 20 23 34 
 8 12 14 20 23 34 
 7 13 14 20 23 34 
 9 10 15 20 23 34 
 8 11 15 20 23 34 
 7 12 15 20 23 34 
 6 13 15 20 23 34 
 5 14 15 20 23 34 
 8 10 16 20 23 34 
 7 11 16 20 23 34 
 6 12 16 20 23 34 
 5 13 16 20 23 34 
 4 14 16 20 23 34 
 3 15 16 20 23 34 
 8  9 17 20 23 34 
 7 10 17 20 23 34 
 6 11 17 20 23 34 
 5 12 17 20 23 34 
 4 13 17 20 23 34 
 3 14 17 20 23 34 
 2 15 17 20 23 34 
 1 16 17 20 23 34 
 7  9 18 20 23 34 
 6 10 18 20 23 34 
 5 11 18 20 23 34 
 4 12 18 20 23 34 
 3 13 18 20 23 34 
 2 14 18 20 23 34 
 1 15 18 20 23 34 
 7  8 19 20 23 34 
 6  9 19 20 23 34 
 5 10 19 20 23 34 
 4 11 19 20 23 34 
 3 12 19 20 23 34 
 2 13 19 20 23 34 
 1 14 19 20 23 34 
10 11 12 21 23 34 
 9 11 13 21 23 34 
 8 12 13 21 23 34 
 9 10 14 21 23 34 
 8 11 14 21 23 34 
 7 12 14 21 23 34 
 6 13 14 21 23 34 
 8 10 15 21 23 34 
 7 11 15 21 23 34 
 6 12 15 21 23 34 
 5 13 15 21 23 34 
 4 14 15 21 23 34 
 8  9 16 21 23 34 
 7 10 16 21 23 34 
 6 11 16 21 23 34 
 5 12 16 21 23 34 
 4 13 16 21 23 34 
 3 14 16 21 23 34 
 2 15 16 21 23 34 
 7  9 17 21 23 34 
 6 10 17 21 23 34 
 5 11 17 21 23 34 
 4 12 17 21 23 34 
 3 13 17 21 23 34 
 2 14 17 21 23 34 
 1 15 17 21 23 34 
 7  8 18 21 23 34 
 6  9 18 21 23 34 
 5 10 18 21 23 34 
 4 11 18 21 23 34 
 3 12 18 21 23 34 
 2 13 18 21 23 34 
 1 14 18 21 23 34 
 6  8 19 21 23 34 
 5  9 19 21 23 34 
 4 10 19 21 23 34 
 3 11 19 21 23 34 
 2 12 19 21 23 34 
 1 13 19 21 23 34 
 6  7 20 21 23 34 
 5  8 20 21 23 34 
 4  9 20 21 23 34 
 3 10 20 21 23 34 
 2 11 20 21 23 34 
 1 12 20 21 23 34 
 9 11 12 22 23 34 
 9 10 13 22 23 34 
 8 11 13 22 23 34 
 7 12 13 22 23 34 
 8 10 14 22 23 34 
 7 11 14 22 23 34 
 6 12 14 22 23 34 
 5 13 14 22 23 34 
 8  9 15 22 23 34 
 7 10 15 22 23 34 
 6 11 15 22 23 34 
 5 12 15 22 23 34 
 4 13 15 22 23 34 
 3 14 15 22 23 34 
 7  9 16 22 23 34 
 6 10 16 22 23 34 
 5 11 16 22 23 34 
 4 12 16 22 23 34 
 3 13 16 22 23 34 
 2 14 16 22 23 34 
 1 15 16 22 23 34 
 7  8 17 22 23 34 
 6  9 17 22 23 34 
 5 10 17 22 23 34 
 4 11 17 22 23 34 
 3 12 17 22 23 34 
 2 13 17 22 23 34 
 1 14 17 22 23 34 
 6  8 18 22 23 34 
 5  9 18 22 23 34 
 4 10 18 22 23 34 
 3 11 18 22 23 34 
 2 12 18 22 23 34 
 1 13 18 22 23 34 
 6  7 19 22 23 34 
 5  8 19 22 23 34 
 4  9 19 22 23 34 
 3 10 19 22 23 34 
 2 11 19 22 23 34 
 1 12 19 22 23 34 
 5  7 20 22 23 34 
 4  8 20 22 23 34 
 3  9 20 22 23 34 
 2 10 20 22 23 34 
 1 11 20 22 23 34 
 5  6 21 22 23 34 
 4  7 21 22 23 34 
 3  8 21 22 23 34 
 2  9 21 22 23 34 
 1 10 21 22 23 34 
11 13 14 15 24 34 
11 12 14 16 24 34 
10 13 14 16 24 34 
10 12 15 16 24 34 
 9 13 15 16 24 34 
 8 14 15 16 24 34 
11 12 13 17 24 34 
10 12 14 17 24 34 
 9 13 14 17 24 34 
10 11 15 17 24 34 
 9 12 15 17 24 34 
 8 13 15 17 24 34 
 7 14 15 17 24 34 
 9 11 16 17 24 34 
 8 12 16 17 24 34 
 7 13 16 17 24 34 
 6 14 16 17 24 34 
 5 15 16 17 24 34 
10 12 13 18 24 34 
10 11 14 18 24 34 
 9 12 14 18 24 34 
 8 13 14 18 24 34 
 9 11 15 18 24 34 
 8 12 15 18 24 34 
 7 13 15 18 24 34 
 6 14 15 18 24 34 
 9 10 16 18 24 34 
 8 11 16 18 24 34 
 7 12 16 18 24 34 
 6 13 16 18 24 34 
 5 14 16 18 24 34 
 4 15 16 18 24 34 
 8 10 17 18 24 34 
 7 11 17 18 24 34 
 6 12 17 18 24 34 
 5 13 17 18 24 34 
 4 14 17 18 24 34 
 3 15 17 18 24 34 
 2 16 17 18 24 34 
10 11 13 19 24 34 
 9 12 13 19 24 34 
 9 11 14 19 24 34 
 8 12 14 19 24 34 
 7 13 14 19 24 34 
 9 10 15 19 24 34 
 8 11 15 19 24 34 
 7 12 15 19 24 34 
 6 13 15 19 24 34 
 5 14 15 19 24 34 
 8 10 16 19 24 34 
 7 11 16 19 24 34 
 6 12 16 19 24 34 
 5 13 16 19 24 34 
 4 14 16 19 24 34 
 3 15 16 19 24 34 
 8  9 17 19 24 34 
 7 10 17 19 24 34 
 6 11 17 19 24 34 
 5 12 17 19 24 34 
 4 13 17 19 24 34 
 3 14 17 19 24 34 
 2 15 17 19 24 34 
 1 16 17 19 24 34 
 7  9 18 19 24 34 
 6 10 18 19 24 34 
 5 11 18 19 24 34 
 4 12 18 19 24 34 
 3 13 18 19 24 34 
 2 14 18 19 24 34 
 1 15 18 19 24 34 
10 11 12 20 24 34 
 9 11 13 20 24 34 
 8 12 13 20 24 34 
 9 10 14 20 24 34 
 8 11 14 20 24 34 
 7 12 14 20 24 34 
 6 13 14 20 24 34 
 8 10 15 20 24 34 
 7 11 15 20 24 34 
 6 12 15 20 24 34 
 5 13 15 20 24 34 
 4 14 15 20 24 34 
 8  9 16 20 24 34 
 7 10 16 20 24 34 
 6 11 16 20 24 34 
 5 12 16 20 24 34 
 4 13 16 20 24 34 
 3 14 16 20 24 34 
 2 15 16 20 24 34 
 7  9 17 20 24 34 
 6 10 17 20 24 34 
 5 11 17 20 24 34 
 4 12 17 20 24 34 
 3 13 17 20 24 34 
 2 14 17 20 24 34 
 1 15 17 20 24 34 
 7  8 18 20 24 34 
 6  9 18 20 24 34 
 5 10 18 20 24 34 
 4 11 18 20 24 34 
 3 12 18 20 24 34 
 2 13 18 20 24 34 
 1 14 18 20 24 34 
 6  8 19 20 24 34 
 5  9 19 20 24 34 
 4 10 19 20 24 34 
 3 11 19 20 24 34 
 2 12 19 20 24 34 
 1 13 19 20 24 34 
 9 11 12 21 24 34 
 9 10 13 21 24 34 
 8 11 13 21 24 34 
 7 12 13 21 24 34 
 8 10 14 21 24 34 
 7 11 14 21 24 34 
 6 12 14 21 24 34 
 5 13 14 21 24 34 
 8  9 15 21 24 34 
 7 10 15 21 24 34 
 6 11 15 21 24 34 
 5 12 15 21 24 34 
 4 13 15 21 24 34 
 3 14 15 21 24 34 
 7  9 16 21 24 34 
 6 10 16 21 24 34 
 5 11 16 21 24 34 
 4 12 16 21 24 34 
 3 13 16 21 24 34 
 2 14 16 21 24 34 
 1 15 16 21 24 34 
 7  8 17 21 24 34 
 6  9 17 21 24 34 
 5 10 17 21 24 34 
 4 11 17 21 24 34 
 3 12 17 21 24 34 
 2 13 17 21 24 34 
 1 14 17 21 24 34 
 6  8 18 21 24 34 
 5  9 18 21 24 34 
 4 10 18 21 24 34 
 3 11 18 21 24 34 
 2 12 18 21 24 34 
 1 13 18 21 24 34 
 6  7 19 21 24 34 
 5  8 19 21 24 34 
 4  9 19 21 24 34 
 3 10 19 21 24 34 
 2 11 19 21 24 34 
 1 12 19 21 24 34 
 5  7 20 21 24 34 
 4  8 20 21 24 34 
 3  9 20 21 24 34 
 2 10 20 21 24 34 
 1 11 20 21 24 34 
 9 10 12 22 24 34 
 8 11 12 22 24 34 
 8 10 13 22 24 34 
 7 11 13 22 24 34 
 6 12 13 22 24 34 
 8  9 14 22 24 34 
 7 10 14 22 24 34 
 6 11 14 22 24 34 
 5 12 14 22 24 34 
 4 13 14 22 24 34 
 7  9 15 22 24 34 
 6 10 15 22 24 34 
 5 11 15 22 24 34 
 4 12 15 22 24 34 
 3 13 15 22 24 34 
 2 14 15 22 24 34 
 7  8 16 22 24 34 
 6  9 16 22 24 34 
 5 10 16 22 24 34 
 4 11 16 22 24 34 
 3 12 16 22 24 34 
 2 13 16 22 24 34 
 1 14 16 22 24 34 
 6  8 17 22 24 34 
 5  9 17 22 24 34 
 4 10 17 22 24 34 
 3 11 17 22 24 34 
 2 12 17 22 24 34 
 1 13 17 22 24 34 
 6  7 18 22 24 34 
 5  8 18 22 24 34 
 4  9 18 22 24 34 
 3 10 18 22 24 34 
 2 11 18 22 24 34 
 1 12 18 22 24 34 
 5  7 19 22 24 34 
 4  8 19 22 24 34 
 3  9 19 22 24 34 
 2 10 19 22 24 34 
 1 11 19 22 24 34 
 5  6 20 22 24 34 
 4  7 20 22 24 34 
 3  8 20 22 24 34 
 2  9 20 22 24 34 
 1 10 20 22 24 34 
 4  6 21 22 24 34 
 3  7 21 22 24 34 
 2  8 21 22 24 34 
 1  9 21 22 24 34 
 9 10 11 23 24 34 
 8 10 12 23 24 34 
 7 11 12 23 24 34 
 8  9 13 23 24 34 
 7 10 13 23 24 34 
 6 11 13 23 24 34 
 5 12 13 23 24 34 
 7  9 14 23 24 34 
 6 10 14 23 24 34 
 5 11 14 23 24 34 
 4 12 14 23 24 34 
 3 13 14 23 24 34 
 7  8 15 23 24 34 
 6  9 15 23 24 34 
 5 10 15 23 24 34 
 4 11 15 23 24 34 
 3 12 15 23 24 34 
 2 13 15 23 24 34 
 1 14 15 23 24 34 
 6  8 16 23 24 34 
 5  9 16 23 24 34 
 4 10 16 23 24 34 
 3 11 16 23 24 34 
 2 12 16 23 24 34 
 1 13 16 23 24 34 
 6  7 17 23 24 34 
 5  8 17 23 24 34 
 4  9 17 23 24 34 
 3 10 17 23 24 34 
 2 11 17 23 24 34 
 1 12 17 23 24 34 
 5  7 18 23 24 34 
 4  8 18 23 24 34 
 3  9 18 23 24 34 
 2 10 18 23 24 34 
 1 11 18 23 24 34 
 5  6 19 23 24 34 
 4  7 19 23 24 34 
 3  8 19 23 24 34 
 2  9 19 23 24 34 
 1 10 19 23 24 34 
 4  6 20 23 24 34 
 3  7 20 23 24 34 
 2  8 20 23 24 34 
 1  9 20 23 24 34 
 4  5 21 23 24 34 
 3  6 21 23 24 34 
 2  7 21 23 24 34 
 1  8 21 23 24 34 
 3  5 22 23 24 34 
 2  6 22 23 24 34 
 1  7 22 23 24 34 
11 12 14 15 25 34 
10 13 14 15 25 34 
11 12 13 16 25 34 
10 12 14 16 25 34 
 9 13 14 16 25 34 
10 11 15 16 25 34 
 9 12 15 16 25 34 
 8 13 15 16 25 34 
 7 14 15 16 25 34 
10 12 13 17 25 34 
10 11 14 17 25 34 
 9 12 14 17 25 34 
 8 13 14 17 25 34 
 9 11 15 17 25 34 
 8 12 15 17 25 34 
 7 13 15 17 25 34 
 6 14 15 17 25 34 
 9 10 16 17 25 34 
 8 11 16 17 25 34 
 7 12 16 17 25 34 
 6 13 16 17 25 34 
 5 14 16 17 25 34 
 4 15 16 17 25 34 
10 11 13 18 25 34 
 9 12 13 18 25 34 
 9 11 14 18 25 34 
 8 12 14 18 25 34 
 7 13 14 18 25 34 
 9 10 15 18 25 34 
 8 11 15 18 25 34 
 7 12 15 18 25 34 
 6 13 15 18 25 34 
 5 14 15 18 25 34 
 8 10 16 18 25 34 
 7 11 16 18 25 34 
 6 12 16 18 25 34 
 5 13 16 18 25 34 
 4 14 16 18 25 34 
 3 15 16 18 25 34 
 8  9 17 18 25 34 
 7 10 17 18 25 34 
 6 11 17 18 25 34 
 5 12 17 18 25 34 
 4 13 17 18 25 34 
 3 14 17 18 25 34 
 2 15 17 18 25 34 
 1 16 17 18 25 34 
10 11 12 19 25 34 
 9 11 13 19 25 34 
 8 12 13 19 25 34 
 9 10 14 19 25 34 
 8 11 14 19 25 34 
 7 12 14 19 25 34 
 6 13 14 19 25 34 
 8 10 15 19 25 34 
 7 11 15 19 25 34 
 6 12 15 19 25 34 
 5 13 15 19 25 34 
 4 14 15 19 25 34 
 8  9 16 19 25 34 
 7 10 16 19 25 34 
 6 11 16 19 25 34 
 5 12 16 19 25 34 
 4 13 16 19 25 34 
 3 14 16 19 25 34 
 2 15 16 19 25 34 
 7  9 17 19 25 34 
 6 10 17 19 25 34 
 5 11 17 19 25 34 
 4 12 17 19 25 34 
 3 13 17 19 25 34 
 2 14 17 19 25 34 
 1 15 17 19 25 34 
 7  8 18 19 25 34 
 6  9 18 19 25 34 
 5 10 18 19 25 34 
 4 11 18 19 25 34 
 3 12 18 19 25 34 
 2 13 18 19 25 34 
 1 14 18 19 25 34 
 9 11 12 20 25 34 
 9 10 13 20 25 34 
 8 11 13 20 25 34 
 7 12 13 20 25 34 
 8 10 14 20 25 34 
 7 11 14 20 25 34 
 6 12 14 20 25 34 
 5 13 14 20 25 34 
 8  9 15 20 25 34 
 7 10 15 20 25 34 
 6 11 15 20 25 34 
 5 12 15 20 25 34 
 4 13 15 20 25 34 
 3 14 15 20 25 34 
 7  9 16 20 25 34 
 6 10 16 20 25 34 
 5 11 16 20 25 34 
 4 12 16 20 25 34 
 3 13 16 20 25 34 
 2 14 16 20 25 34 
 1 15 16 20 25 34 
 7  8 17 20 25 34 
 6  9 17 20 25 34 
 5 10 17 20 25 34 
 4 11 17 20 25 34 
 3 12 17 20 25 34 
 2 13 17 20 25 34 
 1 14 17 20 25 34 
 6  8 18 20 25 34 
 5  9 18 20 25 34 
 4 10 18 20 25 34 
 3 11 18 20 25 34 
 2 12 18 20 25 34 
 1 13 18 20 25 34 
 6  7 19 20 25 34 
 5  8 19 20 25 34 
 4  9 19 20 25 34 
 3 10 19 20 25 34 
 2 11 19 20 25 34 
 1 12 19 20 25 34 
 9 10 12 21 25 34 
 8 11 12 21 25 34 
 8 10 13 21 25 34 
 7 11 13 21 25 34 
 6 12 13 21 25 34 
 8  9 14 21 25 34 
 7 10 14 21 25 34 
 6 11 14 21 25 34 
 5 12 14 21 25 34 
 4 13 14 21 25 34 
 7  9 15 21 25 34 
 6 10 15 21 25 34 
 5 11 15 21 25 34 
 4 12 15 21 25 34 
 3 13 15 21 25 34 
 2 14 15 21 25 34 
 7  8 16 21 25 34 
 6  9 16 21 25 34 
 5 10 16 21 25 34 
 4 11 16 21 25 34 
 3 12 16 21 25 34 
 2 13 16 21 25 34 
 1 14 16 21 25 34 
 6  8 17 21 25 34 
 5  9 17 21 25 34 
 4 10 17 21 25 34 
 3 11 17 21 25 34 
 2 12 17 21 25 34 
 1 13 17 21 25 34 
 6  7 18 21 25 34 
 5  8 18 21 25 34 
 4  9 18 21 25 34 
 3 10 18 21 25 34 
 2 11 18 21 25 34 
 1 12 18 21 25 34 
 5  7 19 21 25 34 
 4  8 19 21 25 34 
 3  9 19 21 25 34 
 2 10 19 21 25 34 
 1 11 19 21 25 34 
 5  6 20 21 25 34 
 4  7 20 21 25 34 
 3  8 20 21 25 34 
 2  9 20 21 25 34 
 1 10 20 21 25 34 
 9 10 11 22 25 34 
 8 10 12 22 25 34 
 7 11 12 22 25 34 
 8  9 13 22 25 34 
 7 10 13 22 25 34 
 6 11 13 22 25 34 
 5 12 13 22 25 34 
 7  9 14 22 25 34 
 6 10 14 22 25 34 
 5 11 14 22 25 34 
 4 12 14 22 25 34 
 3 13 14 22 25 34 
 7  8 15 22 25 34 
 6  9 15 22 25 34 
 5 10 15 22 25 34 
 4 11 15 22 25 34 
 3 12 15 22 25 34 
 2 13 15 22 25 34 
 1 14 15 22 25 34 
 6  8 16 22 25 34 
 5  9 16 22 25 34 
 4 10 16 22 25 34 
 3 11 16 22 25 34 
 2 12 16 22 25 34 
 1 13 16 22 25 34 
 6  7 17 22 25 34 
 5  8 17 22 25 34 
 4  9 17 22 25 34 
 3 10 17 22 25 34 
 2 11 17 22 25 34 
 1 12 17 22 25 34 
 5  7 18 22 25 34 
 4  8 18 22 25 34 
 3  9 18 22 25 34 
 2 10 18 22 25 34 
 1 11 18 22 25 34 
 5  6 19 22 25 34 
 4  7 19 22 25 34 
 3  8 19 22 25 34 
 2  9 19 22 25 34 
 1 10 19 22 25 34 
 4  6 20 22 25 34 
 3  7 20 22 25 34 
 2  8 20 22 25 34 
 1  9 20 22 25 34 
 4  5 21 22 25 34 
 3  6 21 22 25 34 
 2  7 21 22 25 34 
 1  8 21 22 25 34 
 8 10 11 23 25 34 
 8  9 12 23 25 34 
 7 10 12 23 25 34 
 6 11 12 23 25 34 
 7  9 13 23 25 34 
 6 10 13 23 25 34 
 5 11 13 23 25 34 
 4 12 13 23 25 34 
 7  8 14 23 25 34 
 6  9 14 23 25 34 
 5 10 14 23 25 34 
 4 11 14 23 25 34 
 3 12 14 23 25 34 
 2 13 14 23 25 34 
 6  8 15 23 25 34 
 5  9 15 23 25 34 
 4 10 15 23 25 34 
 3 11 15 23 25 34 
 2 12 15 23 25 34 
 1 13 15 23 25 34 
 6  7 16 23 25 34 
 5  8 16 23 25 34 
 4  9 16 23 25 34 
 3 10 16 23 25 34 
 2 11 16 23 25 34 
 1 12 16 23 25 34 
 5  7 17 23 25 34 
 4  8 17 23 25 34 
 3  9 17 23 25 34 
 2 10 17 23 25 34 
 1 11 17 23 25 34 
 5  6 18 23 25 34 
 4  7 18 23 25 34 
 3  8 18 23 25 34 
 2  9 18 23 25 34 
 1 10 18 23 25 34 
 4  6 19 23 25 34 
 3  7 19 23 25 34 
 2  8 19 23 25 34 
 1  9 19 23 25 34 
 4  5 20 23 25 34 
 3  6 20 23 25 34 
 2  7 20 23 25 34 
 1  8 20 23 25 34 
 3  5 21 23 25 34 
 2  6 21 23 25 34 
 1  7 21 23 25 34 
 3  4 22 23 25 34 
 2  5 22 23 25 34 
 1  6 22 23 25 34 
 8  9 11 24 25 34 
 7 10 11 24 25 34 
 7  9 12 24 25 34 
 6 10 12 24 25 34 
 5 11 12 24 25 34 
 7  8 13 24 25 34 
 6  9 13 24 25 34 
 5 10 13 24 25 34 
 4 11 13 24 25 34 
 3 12 13 24 25 34 
 6  8 14 24 25 34 
 5  9 14 24 25 34 
 4 10 14 24 25 34 
 3 11 14 24 25 34 
 2 12 14 24 25 34 
 1 13 14 24 25 34 
 6  7 15 24 25 34 
 5  8 15 24 25 34 
 4  9 15 24 25 34 
 3 10 15 24 25 34 
 2 11 15 24 25 34 
 1 12 15 24 25 34 
 5  7 16 24 25 34 
 4  8 16 24 25 34 
 3  9 16 24 25 34 
 2 10 16 24 25 34 
 1 11 16 24 25 34 
 5  6 17 24 25 34 
 4  7 17 24 25 34 
 3  8 17 24 25 34 
 2  9 17 24 25 34 
 1 10 17 24 25 34 
 4  6 18 24 25 34 
 3  7 18 24 25 34 
 2  8 18 24 25 34 
 1  9 18 24 25 34 
 4  5 19 24 25 34 
 3  6 19 24 25 34 
 2  7 19 24 25 34 
 1  8 19 24 25 34 
 3  5 20 24 25 34 
 2  6 20 24 25 34 
 1  7 20 24 25 34 
 3  4 21 24 25 34 
 2  5 21 24 25 34 
 1  6 21 24 25 34 
 2  4 22 24 25 34 
 1  5 22 24 25 34 
 2  3 23 24 25 34 
 1  4 23 24 25 34 
11 12 13 15 26 34 
10 12 14 15 26 34 
 9 13 14 15 26 34 
10 12 13 16 26 34 
10 11 14 16 26 34 
 9 12 14 16 26 34 
 8 13 14 16 26 34 
 9 11 15 16 26 34 
 8 12 15 16 26 34 
 7 13 15 16 26 34 
 6 14 15 16 26 34 
10 11 13 17 26 34 
 9 12 13 17 26 34 
 9 11 14 17 26 34 
 8 12 14 17 26 34 
 7 13 14 17 26 34 
 9 10 15 17 26 34 
 8 11 15 17 26 34 
 7 12 15 17 26 34 
 6 13 15 17 26 34 
 5 14 15 17 26 34 
 8 10 16 17 26 34 
 7 11 16 17 26 34 
 6 12 16 17 26 34 
 5 13 16 17 26 34 
 4 14 16 17 26 34 
 3 15 16 17 26 34 
10 11 12 18 26 34 
 9 11 13 18 26 34 
 8 12 13 18 26 34 
 9 10 14 18 26 34 
 8 11 14 18 26 34 
 7 12 14 18 26 34 
 6 13 14 18 26 34 
 8 10 15 18 26 34 
 7 11 15 18 26 34 
 6 12 15 18 26 34 
 5 13 15 18 26 34 
 4 14 15 18 26 34 
 8  9 16 18 26 34 
 7 10 16 18 26 34 
 6 11 16 18 26 34 
 5 12 16 18 26 34 
 4 13 16 18 26 34 
 3 14 16 18 26 34 
 2 15 16 18 26 34 
 7  9 17 18 26 34 
 6 10 17 18 26 34 
 5 11 17 18 26 34 
 4 12 17 18 26 34 
 3 13 17 18 26 34 
 2 14 17 18 26 34 
 1 15 17 18 26 34 
 9 11 12 19 26 34 
 9 10 13 19 26 34 
 8 11 13 19 26 34 
 7 12 13 19 26 34 
 8 10 14 19 26 34 
 7 11 14 19 26 34 
 6 12 14 19 26 34 
 5 13 14 19 26 34 
 8  9 15 19 26 34 
 7 10 15 19 26 34 
 6 11 15 19 26 34 
 5 12 15 19 26 34 
 4 13 15 19 26 34 
 3 14 15 19 26 34 
 7  9 16 19 26 34 
 6 10 16 19 26 34 
 5 11 16 19 26 34 
 4 12 16 19 26 34 
 3 13 16 19 26 34 
 2 14 16 19 26 34 
 1 15 16 19 26 34 
 7  8 17 19 26 34 
 6  9 17 19 26 34 
 5 10 17 19 26 34 
 4 11 17 19 26 34 
 3 12 17 19 26 34 
 2 13 17 19 26 34 
 1 14 17 19 26 34 
 6  8 18 19 26 34 
 5  9 18 19 26 34 
 4 10 18 19 26 34 
 3 11 18 19 26 34 
 2 12 18 19 26 34 
 1 13 18 19 26 34 
 9 10 12 20 26 34 
 8 11 12 20 26 34 
 8 10 13 20 26 34 
 7 11 13 20 26 34 
 6 12 13 20 26 34 
 8  9 14 20 26 34 
 7 10 14 20 26 34 
 6 11 14 20 26 34 
 5 12 14 20 26 34 
 4 13 14 20 26 34 
 7  9 15 20 26 34 
 6 10 15 20 26 34 
 5 11 15 20 26 34 
 4 12 15 20 26 34 
 3 13 15 20 26 34 
 2 14 15 20 26 34 
 7  8 16 20 26 34 
 6  9 16 20 26 34 
 5 10 16 20 26 34 
 4 11 16 20 26 34 
 3 12 16 20 26 34 
 2 13 16 20 26 34 
 1 14 16 20 26 34 
 6  8 17 20 26 34 
 5  9 17 20 26 34 
 4 10 17 20 26 34 
 3 11 17 20 26 34 
 2 12 17 20 26 34 
 1 13 17 20 26 34 
 6  7 18 20 26 34 
 5  8 18 20 26 34 
 4  9 18 20 26 34 
 3 10 18 20 26 34 
 2 11 18 20 26 34 
 1 12 18 20 26 34 
 5  7 19 20 26 34 
 4  8 19 20 26 34 
 3  9 19 20 26 34 
 2 10 19 20 26 34 
 1 11 19 20 26 34 
 9 10 11 21 26 34 
 8 10 12 21 26 34 
 7 11 12 21 26 34 
 8  9 13 21 26 34 
 7 10 13 21 26 34 
 6 11 13 21 26 34 
 5 12 13 21 26 34 
 7  9 14 21 26 34 
 6 10 14 21 26 34 
 5 11 14 21 26 34 
 4 12 14 21 26 34 
 3 13 14 21 26 34 
 7  8 15 21 26 34 
 6  9 15 21 26 34 
 5 10 15 21 26 34 
 4 11 15 21 26 34 
 3 12 15 21 26 34 
 2 13 15 21 26 34 
 1 14 15 21 26 34 
 6  8 16 21 26 34 
 5  9 16 21 26 34 
 4 10 16 21 26 34 
 3 11 16 21 26 34 
 2 12 16 21 26 34 
 1 13 16 21 26 34 
 6  7 17 21 26 34 
 5  8 17 21 26 34 
 4  9 17 21 26 34 
 3 10 17 21 26 34 
 2 11 17 21 26 34 
 1 12 17 21 26 34 
 5  7 18 21 26 34 
 4  8 18 21 26 34 
 3  9 18 21 26 34 
 2 10 18 21 26 34 
 1 11 18 21 26 34 
 5  6 19 21 26 34 
 4  7 19 21 26 34 
 3  8 19 21 26 34 
 2  9 19 21 26 34 
 1 10 19 21 26 34 
 4  6 20 21 26 34 
 3  7 20 21 26 34 
 2  8 20 21 26 34 
 1  9 20 21 26 34 
 8 10 11 22 26 34 
 8  9 12 22 26 34 
 7 10 12 22 26 34 
 6 11 12 22 26 34 
 7  9 13 22 26 34 
 6 10 13 22 26 34 
 5 11 13 22 26 34 
 4 12 13 22 26 34 
 7  8 14 22 26 34 
 6  9 14 22 26 34 
 5 10 14 22 26 34 
 4 11 14 22 26 34 
 3 12 14 22 26 34 
 2 13 14 22 26 34 
 6  8 15 22 26 34 
 5  9 15 22 26 34 
 4 10 15 22 26 34 
 3 11 15 22 26 34 
 2 12 15 22 26 34 
 1 13 15 22 26 34 
 6  7 16 22 26 34 
 5  8 16 22 26 34 
 4  9 16 22 26 34 
 3 10 16 22 26 34 
 2 11 16 22 26 34 
 1 12 16 22 26 34 
 5  7 17 22 26 34 
 4  8 17 22 26 34 
 3  9 17 22 26 34 
 2 10 17 22 26 34 
 1 11 17 22 26 34 
 5  6 18 22 26 34 
 4  7 18 22 26 34 
 3  8 18 22 26 34 
 2  9 18 22 26 34 
 1 10 18 22 26 34 
 4  6 19 22 26 34 
 3  7 19 22 26 34 
 2  8 19 22 26 34 
 1  9 19 22 26 34 
 4  5 20 22 26 34 
 3  6 20 22 26 34 
 2  7 20 22 26 34 
 1  8 20 22 26 34 
 3  5 21 22 26 34 
 2  6 21 22 26 34 
 1  7 21 22 26 34 
 8  9 11 23 26 34 
 7 10 11 23 26 34 
 7  9 12 23 26 34 
 6 10 12 23 26 34 
 5 11 12 23 26 34 
 7  8 13 23 26 34 
 6  9 13 23 26 34 
 5 10 13 23 26 34 
 4 11 13 23 26 34 
 3 12 13 23 26 34 
 6  8 14 23 26 34 
 5  9 14 23 26 34 
 4 10 14 23 26 34 
 3 11 14 23 26 34 
 2 12 14 23 26 34 
 1 13 14 23 26 34 
 6  7 15 23 26 34 
 5  8 15 23 26 34 
 4  9 15 23 26 34 
 3 10 15 23 26 34 
 2 11 15 23 26 34 
 1 12 15 23 26 34 
 5  7 16 23 26 34 
 4  8 16 23 26 34 
 3  9 16 23 26 34 
 2 10 16 23 26 34 
 1 11 16 23 26 34 
 5  6 17 23 26 34 
 4  7 17 23 26 34 
 3  8 17 23 26 34 
 2  9 17 23 26 34 
 1 10 17 23 26 34 
 4  6 18 23 26 34 
 3  7 18 23 26 34 
 2  8 18 23 26 34 
 1  9 18 23 26 34 
 4  5 19 23 26 34 
 3  6 19 23 26 34 
 2  7 19 23 26 34 
 1  8 19 23 26 34 
 3  5 20 23 26 34 
 2  6 20 23 26 34 
 1  7 20 23 26 34 
 3  4 21 23 26 34 
 2  5 21 23 26 34 
 1  6 21 23 26 34 
 2  4 22 23 26 34 
 1  5 22 23 26 34 
 8  9 10 24 26 34 
 7  9 11 24 26 34 
 6 10 11 24 26 34 
 7  8 12 24 26 34 
 6  9 12 24 26 34 
 5 10 12 24 26 34 
 4 11 12 24 26 34 
 6  8 13 24 26 34 
 5  9 13 24 26 34 
 4 10 13 24 26 34 
 3 11 13 24 26 34 
 2 12 13 24 26 34 
 6  7 14 24 26 34 
 5  8 14 24 26 34 
 4  9 14 24 26 34 
 3 10 14 24 26 34 
 2 11 14 24 26 34 
 1 12 14 24 26 34 
 5  7 15 24 26 34 
 4  8 15 24 26 34 
 3  9 15 24 26 34 
 2 10 15 24 26 34 
 1 11 15 24 26 34 
 5  6 16 24 26 34 
 4  7 16 24 26 34 
 3  8 16 24 26 34 
 2  9 16 24 26 34 
 1 10 16 24 26 34 
 4  6 17 24 26 34 
 3  7 17 24 26 34 
 2  8 17 24 26 34 
 1  9 17 24 26 34 
 4  5 18 24 26 34 
 3  6 18 24 26 34 
 2  7 18 24 26 34 
 1  8 18 24 26 34 
 3  5 19 24 26 34 
 2  6 19 24 26 34 
 1  7 19 24 26 34 
 3  4 20 24 26 34 
 2  5 20 24 26 34 
 1  6 20 24 26 34 
 2  4 21 24 26 34 
 1  5 21 24 26 34 
 2  3 22 24 26 34 
 1  4 22 24 26 34 
 1  3 23 24 26 34 
 7  9 10 25 26 34 
 7  8 11 25 26 34 
 6  9 11 25 26 34 
 5 10 11 25 26 34 
 6  8 12 25 26 34 
 5  9 12 25 26 34 
 4 10 12 25 26 34 
 3 11 12 25 26 34 
 6  7 13 25 26 34 
 5  8 13 25 26 34 
 4  9 13 25 26 34 
 3 10 13 25 26 34 
 2 11 13 25 26 34 
 1 12 13 25 26 34 
 5  7 14 25 26 34 
 4  8 14 25 26 34 
 3  9 14 25 26 34 
 2 10 14 25 26 34 
 1 11 14 25 26 34 
 5  6 15 25 26 34 
 4  7 15 25 26 34 
 3  8 15 25 26 34 
 2  9 15 25 26 34 
 1 10 15 25 26 34 
 4  6 16 25 26 34 
 3  7 16 25 26 34 
 2  8 16 25 26 34 
 1  9 16 25 26 34 
 4  5 17 25 26 34 
 3  6 17 25 26 34 
 2  7 17 25 26 34 
 1  8 17 25 26 34 
 3  5 18 25 26 34 
 2  6 18 25 26 34 
 1  7 18 25 26 34 
 3  4 19 25 26 34 
 2  5 19 25 26 34 
 1  6 19 25 26 34 
 2  4 20 25 26 34 
 1  5 20 25 26 34 
 2  3 21 25 26 34 
 1  4 21 25 26 34 
 1  3 22 25 26 34 
 1  2 23 25 26 34 
11 12 13 14 27 34 
10 12 13 15 27 34 
10 11 14 15 27 34 
 9 12 14 15 27 34 
 8 13 14 15 27 34 
10 11 13 16 27 34 
 9 12 13 16 27 34 
 9 11 14 16 27 34 
 8 12 14 16 27 34 
 7 13 14 16 27 34 
 9 10 15 16 27 34 
 8 11 15 16 27 34 
 7 12 15 16 27 34 
 6 13 15 16 27 34 
 5 14 15 16 27 34 
10 11 12 17 27 34 
 9 11 13 17 27 34 
 8 12 13 17 27 34 
 9 10 14 17 27 34 
 8 11 14 17 27 34 
 7 12 14 17 27 34 
 6 13 14 17 27 34 
 8 10 15 17 27 34 
 7 11 15 17 27 34 
 6 12 15 17 27 34 
 5 13 15 17 27 34 
 4 14 15 17 27 34 
 8  9 16 17 27 34 
 7 10 16 17 27 34 
 6 11 16 17 27 34 
 5 12 16 17 27 34 
 4 13 16 17 27 34 
 3 14 16 17 27 34 
 2 15 16 17 27 34 
 9 11 12 18 27 34 
 9 10 13 18 27 34 
 8 11 13 18 27 34 
 7 12 13 18 27 34 
 8 10 14 18 27 34 
 7 11 14 18 27 34 
 6 12 14 18 27 34 
 5 13 14 18 27 34 
 8  9 15 18 27 34 
 7 10 15 18 27 34 
 6 11 15 18 27 34 
 5 12 15 18 27 34 
 4 13 15 18 27 34 
 3 14 15 18 27 34 
 7  9 16 18 27 34 
 6 10 16 18 27 34 
 5 11 16 18 27 34 
 4 12 16 18 27 34 
 3 13 16 18 27 34 
 2 14 16 18 27 34 
 1 15 16 18 27 34 
 7  8 17 18 27 34 
 6  9 17 18 27 34 
 5 10 17 18 27 34 
 4 11 17 18 27 34 
 3 12 17 18 27 34 
 2 13 17 18 27 34 
 1 14 17 18 27 34 
 9 10 12 19 27 34 
 8 11 12 19 27 34 
 8 10 13 19 27 34 
 7 11 13 19 27 34 
 6 12 13 19 27 34 
 8  9 14 19 27 34 
 7 10 14 19 27 34 
 6 11 14 19 27 34 
 5 12 14 19 27 34 
 4 13 14 19 27 34 
 7  9 15 19 27 34 
 6 10 15 19 27 34 
 5 11 15 19 27 34 
 4 12 15 19 27 34 
 3 13 15 19 27 34 
 2 14 15 19 27 34 
 7  8 16 19 27 34 
 6  9 16 19 27 34 
 5 10 16 19 27 34 
 4 11 16 19 27 34 
 3 12 16 19 27 34 
 2 13 16 19 27 34 
 1 14 16 19 27 34 
 6  8 17 19 27 34 
 5  9 17 19 27 34 
 4 10 17 19 27 34 
 3 11 17 19 27 34 
 2 12 17 19 27 34 
 1 13 17 19 27 34 
 6  7 18 19 27 34 
 5  8 18 19 27 34 
 4  9 18 19 27 34 
 3 10 18 19 27 34 
 2 11 18 19 27 34 
 1 12 18 19 27 34 
 9 10 11 20 27 34 
 8 10 12 20 27 34 
 7 11 12 20 27 34 
 8  9 13 20 27 34 
 7 10 13 20 27 34 
 6 11 13 20 27 34 
 5 12 13 20 27 34 
 7  9 14 20 27 34 
 6 10 14 20 27 34 
 5 11 14 20 27 34 
 4 12 14 20 27 34 
 3 13 14 20 27 34 
 7  8 15 20 27 34 
 6  9 15 20 27 34 
 5 10 15 20 27 34 
 4 11 15 20 27 34 
 3 12 15 20 27 34 
 2 13 15 20 27 34 
 1 14 15 20 27 34 
 6  8 16 20 27 34 
 5  9 16 20 27 34 
 4 10 16 20 27 34 
 3 11 16 20 27 34 
 2 12 16 20 27 34 
 1 13 16 20 27 34 
 6  7 17 20 27 34 
 5  8 17 20 27 34 
 4  9 17 20 27 34 
 3 10 17 20 27 34 
 2 11 17 20 27 34 
 1 12 17 20 27 34 
 5  7 18 20 27 34 
 4  8 18 20 27 34 
 3  9 18 20 27 34 
 2 10 18 20 27 34 
 1 11 18 20 27 34 
 5  6 19 20 27 34 
 4  7 19 20 27 34 
 3  8 19 20 27 34 
 2  9 19 20 27 34 
 1 10 19 20 27 34 
 8 10 11 21 27 34 
 8  9 12 21 27 34 
 7 10 12 21 27 34 
 6 11 12 21 27 34 
 7  9 13 21 27 34 
 6 10 13 21 27 34 
 5 11 13 21 27 34 
 4 12 13 21 27 34 
 7  8 14 21 27 34 
 6  9 14 21 27 34 
 5 10 14 21 27 34 
 4 11 14 21 27 34 
 3 12 14 21 27 34 
 2 13 14 21 27 34 
 6  8 15 21 27 34 
 5  9 15 21 27 34 
 4 10 15 21 27 34 
 3 11 15 21 27 34 
 2 12 15 21 27 34 
 1 13 15 21 27 34 
 6  7 16 21 27 34 
 5  8 16 21 27 34 
 4  9 16 21 27 34 
 3 10 16 21 27 34 
 2 11 16 21 27 34 
 1 12 16 21 27 34 
 5  7 17 21 27 34 
 4  8 17 21 27 34 
 3  9 17 21 27 34 
 2 10 17 21 27 34 
 1 11 17 21 27 34 
 5  6 18 21 27 34 
 4  7 18 21 27 34 
 3  8 18 21 27 34 
 2  9 18 21 27 34 
 1 10 18 21 27 34 
 4  6 19 21 27 34 
 3  7 19 21 27 34 
 2  8 19 21 27 34 
 1  9 19 21 27 34 
 4  5 20 21 27 34 
 3  6 20 21 27 34 
 2  7 20 21 27 34 
 1  8 20 21 27 34 
 8  9 11 22 27 34 
 7 10 11 22 27 34 
 7  9 12 22 27 34 
 6 10 12 22 27 34 
 5 11 12 22 27 34 
 7  8 13 22 27 34 
 6  9 13 22 27 34 
 5 10 13 22 27 34 
 4 11 13 22 27 34 
 3 12 13 22 27 34 
 6  8 14 22 27 34 
 5  9 14 22 27 34 
 4 10 14 22 27 34 
 3 11 14 22 27 34 
 2 12 14 22 27 34 
 1 13 14 22 27 34 
 6  7 15 22 27 34 
 5  8 15 22 27 34 
 4  9 15 22 27 34 
 3 10 15 22 27 34 
 2 11 15 22 27 34 
 1 12 15 22 27 34 
 5  7 16 22 27 34 
 4  8 16 22 27 34 
 3  9 16 22 27 34 
 2 10 16 22 27 34 
 1 11 16 22 27 34 
 5  6 17 22 27 34 
 4  7 17 22 27 34 
 3  8 17 22 27 34 
 2  9 17 22 27 34 
 1 10 17 22 27 34 
 4  6 18 22 27 34 
 3  7 18 22 27 34 
 2  8 18 22 27 34 
 1  9 18 22 27 34 
 4  5 19 22 27 34 
 3  6 19 22 27 34 
 2  7 19 22 27 34 
 1  8 19 22 27 34 
 3  5 20 22 27 34 
 2  6 20 22 27 34 
 1  7 20 22 27 34 
 3  4 21 22 27 34 
 2  5 21 22 27 34 
 1  6 21 22 27 34 
 8  9 10 23 27 34 
 7  9 11 23 27 34 
 6 10 11 23 27 34 
 7  8 12 23 27 34 
 6  9 12 23 27 34 
 5 10 12 23 27 34 
 4 11 12 23 27 34 
 6  8 13 23 27 34 
 5  9 13 23 27 34 
 4 10 13 23 27 34 
 3 11 13 23 27 34 
 2 12 13 23 27 34 
 6  7 14 23 27 34 
 5  8 14 23 27 34 
 4  9 14 23 27 34 
 3 10 14 23 27 34 
 2 11 14 23 27 34 
 1 12 14 23 27 34 
 5  7 15 23 27 34 
 4  8 15 23 27 34 
 3  9 15 23 27 34 
 2 10 15 23 27 34 
 1 11 15 23 27 34 
 5  6 16 23 27 34 
 4  7 16 23 27 34 
 3  8 16 23 27 34 
 2  9 16 23 27 34 
 1 10 16 23 27 34 
 4  6 17 23 27 34 
 3  7 17 23 27 34 
 2  8 17 23 27 34 
 1  9 17 23 27 34 
 4  5 18 23 27 34 
 3  6 18 23 27 34 
 2  7 18 23 27 34 
 1  8 18 23 27 34 
 3  5 19 23 27 34 
 2  6 19 23 27 34 
 1  7 19 23 27 34 
 3  4 20 23 27 34 
 2  5 20 23 27 34 
 1  6 20 23 27 34 
 2  4 21 23 27 34 
 1  5 21 23 27 34 
 2  3 22 23 27 34 
 1  4 22 23 27 34 
 7  9 10 24 27 34 
 7  8 11 24 27 34 
 6  9 11 24 27 34 
 5 10 11 24 27 34 
 6  8 12 24 27 34 
 5  9 12 24 27 34 
 4 10 12 24 27 34 
 3 11 12 24 27 34 
 6  7 13 24 27 34 
 5  8 13 24 27 34 
 4  9 13 24 27 34 
 3 10 13 24 27 34 
 2 11 13 24 27 34 
 1 12 13 24 27 34 
 5  7 14 24 27 34 
 4  8 14 24 27 34 
 3  9 14 24 27 34 
 2 10 14 24 27 34 
 1 11 14 24 27 34 
 5  6 15 24 27 34 
 4  7 15 24 27 34 
 3  8 15 24 27 34 
 2  9 15 24 27 34 
 1 10 15 24 27 34 
 4  6 16 24 27 34 
 3  7 16 24 27 34 
 2  8 16 24 27 34 
 1  9 16 24 27 34 
 4  5 17 24 27 34 
 3  6 17 24 27 34 
 2  7 17 24 27 34 
 1  8 17 24 27 34 
 3  5 18 24 27 34 
 2  6 18 24 27 34 
 1  7 18 24 27 34 
 3  4 19 24 27 34 
 2  5 19 24 27 34 
 1  6 19 24 27 34 
 2  4 20 24 27 34 
 1  5 20 24 27 34 
 2  3 21 24 27 34 
 1  4 21 24 27 34 
 1  3 22 24 27 34 
 1  2 23 24 27 34 
 7  8 10 25 27 34 
 6  9 10 25 27 34 
 6  8 11 25 27 34 
 5  9 11 25 27 34 
 4 10 11 25 27 34 
 6  7 12 25 27 34 
 5  8 12 25 27 34 
 4  9 12 25 27 34 
 3 10 12 25 27 34 
 2 11 12 25 27 34 
 5  7 13 25 27 34 
 4  8 13 25 27 34 
 3  9 13 25 27 34 
 2 10 13 25 27 34 
 1 11 13 25 27 34 
 5  6 14 25 27 34 
 4  7 14 25 27 34 
 3  8 14 25 27 34 
 2  9 14 25 27 34 
 1 10 14 25 27 34 
 4  6 15 25 27 34 
 3  7 15 25 27 34 
 2  8 15 25 27 34 
 1  9 15 25 27 34 
 4  5 16 25 27 34 
 3  6 16 25 27 34 
 2  7 16 25 27 34 
 1  8 16 25 27 34 
 3  5 17 25 27 34 
 2  6 17 25 27 34 
 1  7 17 25 27 34 
 3  4 18 25 27 34 
 2  5 18 25 27 34 
 1  6 18 25 27 34 
 2  4 19 25 27 34 
 1  5 19 25 27 34 
 2  3 20 25 27 34 
 1  4 20 25 27 34 
 1  3 21 25 27 34 
 1  2 22 25 27 34 
 7  8  9 26 27 34 
 6  8 10 26 27 34 
 5  9 10 26 27 34 
 6  7 11 26 27 34 
 5  8 11 26 27 34 
 4  9 11 26 27 34 
 3 10 11 26 27 34 
 5  7 12 26 27 34 
 4  8 12 26 27 34 
 3  9 12 26 27 34 
 2 10 12 26 27 34 
 1 11 12 26 27 34 
 5  6 13 26 27 34 
 4  7 13 26 27 34 
 3  8 13 26 27 34 
 2  9 13 26 27 34 
 1 10 13 26 27 34 
 4  6 14 26 27 34 
 3  7 14 26 27 34 
 2  8 14 26 27 34 
 1  9 14 26 27 34 
 4  5 15 26 27 34 
 3  6 15 26 27 34 
 2  7 15 26 27 34 
 1  8 15 26 27 34 
 3  5 16 26 27 34 
 2  6 16 26 27 34 
 1  7 16 26 27 34 
 3  4 17 26 27 34 
 2  5 17 26 27 34 
 1  6 17 26 27 34 
 2  4 18 26 27 34 
 1  5 18 26 27 34 
 2  3 19 26 27 34 
 1  4 19 26 27 34 
 1  3 20 26 27 34 
 1  2 21 26 27 34 
10 12 13 14 28 34 
10 11 13 15 28 34 
 9 12 13 15 28 34 
 9 11 14 15 28 34 
 8 12 14 15 28 34 
 7 13 14 15 28 34 
10 11 12 16 28 34 
 9 11 13 16 28 34 
 8 12 13 16 28 34 
 9 10 14 16 28 34 
 8 11 14 16 28 34 
 7 12 14 16 28 34 
 6 13 14 16 28 34 
 8 10 15 16 28 34 
 7 11 15 16 28 34 
 6 12 15 16 28 34 
 5 13 15 16 28 34 
 4 14 15 16 28 34 
 9 11 12 17 28 34 
 9 10 13 17 28 34 
 8 11 13 17 28 34 
 7 12 13 17 28 34 
 8 10 14 17 28 34 
 7 11 14 17 28 34 
 6 12 14 17 28 34 
 5 13 14 17 28 34 
 8  9 15 17 28 34 
 7 10 15 17 28 34 
 6 11 15 17 28 34 
 5 12 15 17 28 34 
 4 13 15 17 28 34 
 3 14 15 17 28 34 
 7  9 16 17 28 34 
 6 10 16 17 28 34 
 5 11 16 17 28 34 
 4 12 16 17 28 34 
 3 13 16 17 28 34 
 2 14 16 17 28 34 
 1 15 16 17 28 34 
 9 10 12 18 28 34 
 8 11 12 18 28 34 
 8 10 13 18 28 34 
 7 11 13 18 28 34 
 6 12 13 18 28 34 
 8  9 14 18 28 34 
 7 10 14 18 28 34 
 6 11 14 18 28 34 
 5 12 14 18 28 34 
 4 13 14 18 28 34 
 7  9 15 18 28 34 
 6 10 15 18 28 34 
 5 11 15 18 28 34 
 4 12 15 18 28 34 
 3 13 15 18 28 34 
 2 14 15 18 28 34 
 7  8 16 18 28 34 
 6  9 16 18 28 34 
 5 10 16 18 28 34 
 4 11 16 18 28 34 
 3 12 16 18 28 34 
 2 13 16 18 28 34 
 1 14 16 18 28 34 
 6  8 17 18 28 34 
 5  9 17 18 28 34 
 4 10 17 18 28 34 
 3 11 17 18 28 34 
 2 12 17 18 28 34 
 1 13 17 18 28 34 
 9 10 11 19 28 34 
 8 10 12 19 28 34 
 7 11 12 19 28 34 
 8  9 13 19 28 34 
 7 10 13 19 28 34 
 6 11 13 19 28 34 
 5 12 13 19 28 34 
 7  9 14 19 28 34 
 6 10 14 19 28 34 
 5 11 14 19 28 34 
 4 12 14 19 28 34 
 3 13 14 19 28 34 
 7  8 15 19 28 34 
 6  9 15 19 28 34 
 5 10 15 19 28 34 
 4 11 15 19 28 34 
 3 12 15 19 28 34 
 2 13 15 19 28 34 
 1 14 15 19 28 34 
 6  8 16 19 28 34 
 5  9 16 19 28 34 
 4 10 16 19 28 34 
 3 11 16 19 28 34 
 2 12 16 19 28 34 
 1 13 16 19 28 34 
 6  7 17 19 28 34 
 5  8 17 19 28 34 
 4  9 17 19 28 34 
 3 10 17 19 28 34 
 2 11 17 19 28 34 
 1 12 17 19 28 34 
 5  7 18 19 28 34 
 4  8 18 19 28 34 
 3  9 18 19 28 34 
 2 10 18 19 28 34 
 1 11 18 19 28 34 
 8 10 11 20 28 34 
 8  9 12 20 28 34 
 7 10 12 20 28 34 
 6 11 12 20 28 34 
 7  9 13 20 28 34 
 6 10 13 20 28 34 
 5 11 13 20 28 34 
 4 12 13 20 28 34 
 7  8 14 20 28 34 
 6  9 14 20 28 34 
 5 10 14 20 28 34 
 4 11 14 20 28 34 
 3 12 14 20 28 34 
 2 13 14 20 28 34 
 6  8 15 20 28 34 
 5  9 15 20 28 34 
 4 10 15 20 28 34 
 3 11 15 20 28 34 
 2 12 15 20 28 34 
 1 13 15 20 28 34 
 6  7 16 20 28 34 
 5  8 16 20 28 34 
 4  9 16 20 28 34 
 3 10 16 20 28 34 
 2 11 16 20 28 34 
 1 12 16 20 28 34 
 5  7 17 20 28 34 
 4  8 17 20 28 34 
 3  9 17 20 28 34 
 2 10 17 20 28 34 
 1 11 17 20 28 34 
 5  6 18 20 28 34 
 4  7 18 20 28 34 
 3  8 18 20 28 34 
 2  9 18 20 28 34 
 1 10 18 20 28 34 
 4  6 19 20 28 34 
 3  7 19 20 28 34 
 2  8 19 20 28 34 
 1  9 19 20 28 34 
 8  9 11 21 28 34 
 7 10 11 21 28 34 
 7  9 12 21 28 34 
 6 10 12 21 28 34 
 5 11 12 21 28 34 
 7  8 13 21 28 34 
 6  9 13 21 28 34 
 5 10 13 21 28 34 
 4 11 13 21 28 34 
 3 12 13 21 28 34 
 6  8 14 21 28 34 
 5  9 14 21 28 34 
 4 10 14 21 28 34 
 3 11 14 21 28 34 
 2 12 14 21 28 34 
 1 13 14 21 28 34 
 6  7 15 21 28 34 
 5  8 15 21 28 34 
 4  9 15 21 28 34 
 3 10 15 21 28 34 
 2 11 15 21 28 34 
 1 12 15 21 28 34 
 5  7 16 21 28 34 
 4  8 16 21 28 34 
 3  9 16 21 28 34 
 2 10 16 21 28 34 
 1 11 16 21 28 34 
 5  6 17 21 28 34 
 4  7 17 21 28 34 
 3  8 17 21 28 34 
 2  9 17 21 28 34 
 1 10 17 21 28 34 
 4  6 18 21 28 34 
 3  7 18 21 28 34 
 2  8 18 21 28 34 
 1  9 18 21 28 34 
 4  5 19 21 28 34 
 3  6 19 21 28 34 
 2  7 19 21 28 34 
 1  8 19 21 28 34 
 3  5 20 21 28 34 
 2  6 20 21 28 34 
 1  7 20 21 28 34 
 8  9 10 22 28 34 
 7  9 11 22 28 34 
 6 10 11 22 28 34 
 7  8 12 22 28 34 
 6  9 12 22 28 34 
 5 10 12 22 28 34 
 4 11 12 22 28 34 
 6  8 13 22 28 34 
 5  9 13 22 28 34 
 4 10 13 22 28 34 
 3 11 13 22 28 34 
 2 12 13 22 28 34 
 6  7 14 22 28 34 
 5  8 14 22 28 34 
 4  9 14 22 28 34 
 3 10 14 22 28 34 
 2 11 14 22 28 34 
 1 12 14 22 28 34 
 5  7 15 22 28 34 
 4  8 15 22 28 34 
 3  9 15 22 28 34 
 2 10 15 22 28 34 
 1 11 15 22 28 34 
 5  6 16 22 28 34 
 4  7 16 22 28 34 
 3  8 16 22 28 34 
 2  9 16 22 28 34 
 1 10 16 22 28 34 
 4  6 17 22 28 34 
 3  7 17 22 28 34 
 2  8 17 22 28 34 
 1  9 17 22 28 34 
 4  5 18 22 28 34 
 3  6 18 22 28 34 
 2  7 18 22 28 34 
 1  8 18 22 28 34 
 3  5 19 22 28 34 
 2  6 19 22 28 34 
 1  7 19 22 28 34 
 3  4 20 22 28 34 
 2  5 20 22 28 34 
 1  6 20 22 28 34 
 2  4 21 22 28 34 
 1  5 21 22 28 34 
 7  9 10 23 28 34 
 7  8 11 23 28 34 
 6  9 11 23 28 34 
 5 10 11 23 28 34 
 6  8 12 23 28 34 
 5  9 12 23 28 34 
 4 10 12 23 28 34 
 3 11 12 23 28 34 
 6  7 13 23 28 34 
 5  8 13 23 28 34 
 4  9 13 23 28 34 
 3 10 13 23 28 34 
 2 11 13 23 28 34 
 1 12 13 23 28 34 
 5  7 14 23 28 34 
 4  8 14 23 28 34 
 3  9 14 23 28 34 
 2 10 14 23 28 34 
 1 11 14 23 28 34 
 5  6 15 23 28 34 
 4  7 15 23 28 34 
 3  8 15 23 28 34 
 2  9 15 23 28 34 
 1 10 15 23 28 34 
 4  6 16 23 28 34 
 3  7 16 23 28 34 
 2  8 16 23 28 34 
 1  9 16 23 28 34 
 4  5 17 23 28 34 
 3  6 17 23 28 34 
 2  7 17 23 28 34 
 1  8 17 23 28 34 
 3  5 18 23 28 34 
 2  6 18 23 28 34 
 1  7 18 23 28 34 
 3  4 19 23 28 34 
 2  5 19 23 28 34 
 1  6 19 23 28 34 
 2  4 20 23 28 34 
 1  5 20 23 28 34 
 2  3 21 23 28 34 
 1  4 21 23 28 34 
 1  3 22 23 28 34 
 7  8 10 24 28 34 
 6  9 10 24 28 34 
 6  8 11 24 28 34 
 5  9 11 24 28 34 
 4 10 11 24 28 34 
 6  7 12 24 28 34 
 5  8 12 24 28 34 
 4  9 12 24 28 34 
 3 10 12 24 28 34 
 2 11 12 24 28 34 
 5  7 13 24 28 34 
 4  8 13 24 28 34 
 3  9 13 24 28 34 
 2 10 13 24 28 34 
 1 11 13 24 28 34 
 5  6 14 24 28 34 
 4  7 14 24 28 34 
 3  8 14 24 28 34 
 2  9 14 24 28 34 
 1 10 14 24 28 34 
 4  6 15 24 28 34 
 3  7 15 24 28 34 
 2  8 15 24 28 34 
 1  9 15 24 28 34 
 4  5 16 24 28 34 
 3  6 16 24 28 34 
 2  7 16 24 28 34 
 1  8 16 24 28 34 
 3  5 17 24 28 34 
 2  6 17 24 28 34 
 1  7 17 24 28 34 
 3  4 18 24 28 34 
 2  5 18 24 28 34 
 1  6 18 24 28 34 
 2  4 19 24 28 34 
 1  5 19 24 28 34 
 2  3 20 24 28 34 
 1  4 20 24 28 34 
 1  3 21 24 28 34 
 1  2 22 24 28 34 
 7  8  9 25 28 34 
 6  8 10 25 28 34 
 5  9 10 25 28 34 
 6  7 11 25 28 34 
 5  8 11 25 28 34 
 4  9 11 25 28 34 
 3 10 11 25 28 34 
 5  7 12 25 28 34 
 4  8 12 25 28 34 
 3  9 12 25 28 34 
 2 10 12 25 28 34 
 1 11 12 25 28 34 
 5  6 13 25 28 34 
 4  7 13 25 28 34 
 3  8 13 25 28 34 
 2  9 13 25 28 34 
 1 10 13 25 28 34 
 4  6 14 25 28 34 
 3  7 14 25 28 34 
 2  8 14 25 28 34 
 1  9 14 25 28 34 
 4  5 15 25 28 34 
 3  6 15 25 28 34 
 2  7 15 25 28 34 
 1  8 15 25 28 34 
 3  5 16 25 28 34 
 2  6 16 25 28 34 
 1  7 16 25 28 34 
 3  4 17 25 28 34 
 2  5 17 25 28 34 
 1  6 17 25 28 34 
 2  4 18 25 28 34 
 1  5 18 25 28 34 
 2  3 19 25 28 34 
 1  4 19 25 28 34 
 1  3 20 25 28 34 
 1  2 21 25 28 34 
 6  8  9 26 28 34 
 6  7 10 26 28 34 
 5  8 10 26 28 34 
 4  9 10 26 28 34 
 5  7 11 26 28 34 
 4  8 11 26 28 34 
 3  9 11 26 28 34 
 2 10 11 26 28 34 
 5  6 12 26 28 34 
 4  7 12 26 28 34 
 3  8 12 26 28 34 
 2  9 12 26 28 34 
 1 10 12 26 28 34 
 4  6 13 26 28 34 
 3  7 13 26 28 34 
 2  8 13 26 28 34 
 1  9 13 26 28 34 
 4  5 14 26 28 34 
 3  6 14 26 28 34 
 2  7 14 26 28 34 
 1  8 14 26 28 34 
 3  5 15 26 28 34 
 2  6 15 26 28 34 
 1  7 15 26 28 34 
 3  4 16 26 28 34 
 2  5 16 26 28 34 
 1  6 16 26 28 34 
 2  4 17 26 28 34 
 1  5 17 26 28 34 
 2  3 18 26 28 34 
 1  4 18 26 28 34 
 1  3 19 26 28 34 
 1  2 20 26 28 34 
 6  7  9 27 28 34 
 5  8  9 27 28 34 
 5  7 10 27 28 34 
 4  8 10 27 28 34 
 3  9 10 27 28 34 
 5  6 11 27 28 34 
 4  7 11 27 28 34 
 3  8 11 27 28 34 
 2  9 11 27 28 34 
 1 10 11 27 28 34 
 4  6 12 27 28 34 
 3  7 12 27 28 34 
 2  8 12 27 28 34 
 1  9 12 27 28 34 
 4  5 13 27 28 34 
 3  6 13 27 28 34 
 2  7 13 27 28 34 
 1  8 13 27 28 34 
 3  5 14 27 28 34 
 2  6 14 27 28 34 
 1  7 14 27 28 34 
 3  4 15 27 28 34 
 2  5 15 27 28 34 
 1  6 15 27 28 34 
 2  4 16 27 28 34 
 1  5 16 27 28 34 
 2  3 17 27 28 34 
 1  4 17 27 28 34 
 1  3 18 27 28 34 
 1  2 19 27 28 34 
10 11 13 14 29 34 
 9 12 13 14 29 34 
10 11 12 15 29 34 
 9 11 13 15 29 34 
 8 12 13 15 29 34 
 9 10 14 15 29 34 
 8 11 14 15 29 34 
 7 12 14 15 29 34 
 6 13 14 15 29 34 
 9 11 12 16 29 34 
 9 10 13 16 29 34 
 8 11 13 16 29 34 
 7 12 13 16 29 34 
 8 10 14 16 29 34 
 7 11 14 16 29 34 
 6 12 14 16 29 34 
 5 13 14 16 29 34 
 8  9 15 16 29 34 
 7 10 15 16 29 34 
 6 11 15 16 29 34 
 5 12 15 16 29 34 
 4 13 15 16 29 34 
 3 14 15 16 29 34 
 9 10 12 17 29 34 
 8 11 12 17 29 34 
 8 10 13 17 29 34 
 7 11 13 17 29 34 
 6 12 13 17 29 34 
 8  9 14 17 29 34 
 7 10 14 17 29 34 
 6 11 14 17 29 34 
 5 12 14 17 29 34 
 4 13 14 17 29 34 
 7  9 15 17 29 34 
 6 10 15 17 29 34 
 5 11 15 17 29 34 
 4 12 15 17 29 34 
 3 13 15 17 29 34 
 2 14 15 17 29 34 
 7  8 16 17 29 34 
 6  9 16 17 29 34 
 5 10 16 17 29 34 
 4 11 16 17 29 34 
 3 12 16 17 29 34 
 2 13 16 17 29 34 
 1 14 16 17 29 34 
 9 10 11 18 29 34 
 8 10 12 18 29 34 
 7 11 12 18 29 34 
 8  9 13 18 29 34 
 7 10 13 18 29 34 
 6 11 13 18 29 34 
 5 12 13 18 29 34 
 7  9 14 18 29 34 
 6 10 14 18 29 34 
 5 11 14 18 29 34 
 4 12 14 18 29 34 
 3 13 14 18 29 34 
 7  8 15 18 29 34 
 6  9 15 18 29 34 
 5 10 15 18 29 34 
 4 11 15 18 29 34 
 3 12 15 18 29 34 
 2 13 15 18 29 34 
 1 14 15 18 29 34 
 6  8 16 18 29 34 
 5  9 16 18 29 34 
 4 10 16 18 29 34 
 3 11 16 18 29 34 
 2 12 16 18 29 34 
 1 13 16 18 29 34 
 6  7 17 18 29 34 
 5  8 17 18 29 34 
 4  9 17 18 29 34 
 3 10 17 18 29 34 
 2 11 17 18 29 34 
 1 12 17 18 29 34 
 8 10 11 19 29 34 
 8  9 12 19 29 34 
 7 10 12 19 29 34 
 6 11 12 19 29 34 
 7  9 13 19 29 34 
 6 10 13 19 29 34 
 5 11 13 19 29 34 
 4 12 13 19 29 34 
 7  8 14 19 29 34 
 6  9 14 19 29 34 
 5 10 14 19 29 34 
 4 11 14 19 29 34 
 3 12 14 19 29 34 
 2 13 14 19 29 34 
 6  8 15 19 29 34 
 5  9 15 19 29 34 
 4 10 15 19 29 34 
 3 11 15 19 29 34 
 2 12 15 19 29 34 
 1 13 15 19 29 34 
 6  7 16 19 29 34 
 5  8 16 19 29 34 
 4  9 16 19 29 34 
 3 10 16 19 29 34 
 2 11 16 19 29 34 
 1 12 16 19 29 34 
 5  7 17 19 29 34 
 4  8 17 19 29 34 
 3  9 17 19 29 34 
 2 10 17 19 29 34 
 1 11 17 19 29 34 
 5  6 18 19 29 34 
 4  7 18 19 29 34 
 3  8 18 19 29 34 
 2  9 18 19 29 34 
 1 10 18 19 29 34 
 8  9 11 20 29 34 
 7 10 11 20 29 34 
 7  9 12 20 29 34 
 6 10 12 20 29 34 
 5 11 12 20 29 34 
 7  8 13 20 29 34 
 6  9 13 20 29 34 
 5 10 13 20 29 34 
 4 11 13 20 29 34 
 3 12 13 20 29 34 
 6  8 14 20 29 34 
 5  9 14 20 29 34 
 4 10 14 20 29 34 
 3 11 14 20 29 34 
 2 12 14 20 29 34 
 1 13 14 20 29 34 
 6  7 15 20 29 34 
 5  8 15 20 29 34 
 4  9 15 20 29 34 
 3 10 15 20 29 34 
 2 11 15 20 29 34 
 1 12 15 20 29 34 
 5  7 16 20 29 34 
 4  8 16 20 29 34 
 3  9 16 20 29 34 
 2 10 16 20 29 34 
 1 11 16 20 29 34 
 5  6 17 20 29 34 
 4  7 17 20 29 34 
 3  8 17 20 29 34 
 2  9 17 20 29 34 
 1 10 17 20 29 34 
 4  6 18 20 29 34 
 3  7 18 20 29 34 
 2  8 18 20 29 34 
 1  9 18 20 29 34 
 4  5 19 20 29 34 
 3  6 19 20 29 34 
 2  7 19 20 29 34 
 1  8 19 20 29 34 
 8  9 10 21 29 34 
 7  9 11 21 29 34 
 6 10 11 21 29 34 
 7  8 12 21 29 34 
 6  9 12 21 29 34 
 5 10 12 21 29 34 
 4 11 12 21 29 34 
 6  8 13 21 29 34 
 5  9 13 21 29 34 
 4 10 13 21 29 34 
 3 11 13 21 29 34 
 2 12 13 21 29 34 
 6  7 14 21 29 34 
 5  8 14 21 29 34 
 4  9 14 21 29 34 
 3 10 14 21 29 34 
 2 11 14 21 29 34 
 1 12 14 21 29 34 
 5  7 15 21 29 34 
 4  8 15 21 29 34 
 3  9 15 21 29 34 
 2 10 15 21 29 34 
 1 11 15 21 29 34 
 5  6 16 21 29 34 
 4  7 16 21 29 34 
 3  8 16 21 29 34 
 2  9 16 21 29 34 
 1 10 16 21 29 34 
 4  6 17 21 29 34 
 3  7 17 21 29 34 
 2  8 17 21 29 34 
 1  9 17 21 29 34 
 4  5 18 21 29 34 
 3  6 18 21 29 34 
 2  7 18 21 29 34 
 1  8 18 21 29 34 
 3  5 19 21 29 34 
 2  6 19 21 29 34 
 1  7 19 21 29 34 
 3  4 20 21 29 34 
 2  5 20 21 29 34 
 1  6 20 21 29 34 
 7  9 10 22 29 34 
 7  8 11 22 29 34 
 6  9 11 22 29 34 
 5 10 11 22 29 34 
 6  8 12 22 29 34 
 5  9 12 22 29 34 
 4 10 12 22 29 34 
 3 11 12 22 29 34 
 6  7 13 22 29 34 
 5  8 13 22 29 34 
 4  9 13 22 29 34 
 3 10 13 22 29 34 
 2 11 13 22 29 34 
 1 12 13 22 29 34 
 5  7 14 22 29 34 
 4  8 14 22 29 34 
 3  9 14 22 29 34 
 2 10 14 22 29 34 
 1 11 14 22 29 34 
 5  6 15 22 29 34 
 4  7 15 22 29 34 
 3  8 15 22 29 34 
 2  9 15 22 29 34 
 1 10 15 22 29 34 
 4  6 16 22 29 34 
 3  7 16 22 29 34 
 2  8 16 22 29 34 
 1  9 16 22 29 34 
 4  5 17 22 29 34 
 3  6 17 22 29 34 
 2  7 17 22 29 34 
 1  8 17 22 29 34 
 3  5 18 22 29 34 
 2  6 18 22 29 34 
 1  7 18 22 29 34 
 3  4 19 22 29 34 
 2  5 19 22 29 34 
 1  6 19 22 29 34 
 2  4 20 22 29 34 
 1  5 20 22 29 34 
 2  3 21 22 29 34 
 1  4 21 22 29 34 
 7  8 10 23 29 34 
 6  9 10 23 29 34 
 6  8 11 23 29 34 
 5  9 11 23 29 34 
 4 10 11 23 29 34 
 6  7 12 23 29 34 
 5  8 12 23 29 34 
 4  9 12 23 29 34 
 3 10 12 23 29 34 
 2 11 12 23 29 34 
 5  7 13 23 29 34 
 4  8 13 23 29 34 
 3  9 13 23 29 34 
 2 10 13 23 29 34 
 1 11 13 23 29 34 
 5  6 14 23 29 34 
 4  7 14 23 29 34 
 3  8 14 23 29 34 
 2  9 14 23 29 34 
 1 10 14 23 29 34 
 4  6 15 23 29 34 
 3  7 15 23 29 34 
 2  8 15 23 29 34 
 1  9 15 23 29 34 
 4  5 16 23 29 34 
 3  6 16 23 29 34 
 2  7 16 23 29 34 
 1  8 16 23 29 34 
 3  5 17 23 29 34 
 2  6 17 23 29 34 
 1  7 17 23 29 34 
 3  4 18 23 29 34 
 2  5 18 23 29 34 
 1  6 18 23 29 34 
 2  4 19 23 29 34 
 1  5 19 23 29 34 
 2  3 20 23 29 34 
 1  4 20 23 29 34 
 1  3 21 23 29 34 
 1  2 22 23 29 34 
 7  8  9 24 29 34 
 6  8 10 24 29 34 
 5  9 10 24 29 34 
 6  7 11 24 29 34 
 5  8 11 24 29 34 
 4  9 11 24 29 34 
 3 10 11 24 29 34 
 5  7 12 24 29 34 
 4  8 12 24 29 34 
 3  9 12 24 29 34 
 2 10 12 24 29 34 
 1 11 12 24 29 34 
 5  6 13 24 29 34 
 4  7 13 24 29 34 
 3  8 13 24 29 34 
 2  9 13 24 29 34 
 1 10 13 24 29 34 
 4  6 14 24 29 34 
 3  7 14 24 29 34 
 2  8 14 24 29 34 
 1  9 14 24 29 34 
 4  5 15 24 29 34 
 3  6 15 24 29 34 
 2  7 15 24 29 34 
 1  8 15 24 29 34 
 3  5 16 24 29 34 
 2  6 16 24 29 34 
 1  7 16 24 29 34 
 3  4 17 24 29 34 
 2  5 17 24 29 34 
 1  6 17 24 29 34 
 2  4 18 24 29 34 
 1  5 18 24 29 34 
 2  3 19 24 29 34 
 1  4 19 24 29 34 
 1  3 20 24 29 34 
 1  2 21 24 29 34 
 6  8  9 25 29 34 
 6  7 10 25 29 34 
 5  8 10 25 29 34 
 4  9 10 25 29 34 
 5  7 11 25 29 34 
 4  8 11 25 29 34 
 3  9 11 25 29 34 
 2 10 11 25 29 34 
 5  6 12 25 29 34 
 4  7 12 25 29 34 
 3  8 12 25 29 34 
 2  9 12 25 29 34 
 1 10 12 25 29 34 
 4  6 13 25 29 34 
 3  7 13 25 29 34 
 2  8 13 25 29 34 
 1  9 13 25 29 34 
 4  5 14 25 29 34 
 3  6 14 25 29 34 
 2  7 14 25 29 34 
 1  8 14 25 29 34 
 3  5 15 25 29 34 
 2  6 15 25 29 34 
 1  7 15 25 29 34 
 3  4 16 25 29 34 
 2  5 16 25 29 34 
 1  6 16 25 29 34 
 2  4 17 25 29 34 
 1  5 17 25 29 34 
 2  3 18 25 29 34 
 1  4 18 25 29 34 
 1  3 19 25 29 34 
 1  2 20 25 29 34 
 6  7  9 26 29 34 
 5  8  9 26 29 34 
 5  7 10 26 29 34 
 4  8 10 26 29 34 
 3  9 10 26 29 34 
 5  6 11 26 29 34 
 4  7 11 26 29 34 
 3  8 11 26 29 34 
 2  9 11 26 29 34 
 1 10 11 26 29 34 
 4  6 12 26 29 34 
 3  7 12 26 29 34 
 2  8 12 26 29 34 
 1  9 12 26 29 34 
 4  5 13 26 29 34 
 3  6 13 26 29 34 
 2  7 13 26 29 34 
 1  8 13 26 29 34 
 3  5 14 26 29 34 
 2  6 14 26 29 34 
 1  7 14 26 29 34 
 3  4 15 26 29 34 
 2  5 15 26 29 34 
 1  6 15 26 29 34 
 2  4 16 26 29 34 
 1  5 16 26 29 34 
 2  3 17 26 29 34 
 1  4 17 26 29 34 
 1  3 18 26 29 34 
 1  2 19 26 29 34 
 6  7  8 27 29 34 
 5  7  9 27 29 34 
 4  8  9 27 29 34 
 5  6 10 27 29 34 
 4  7 10 27 29 34 
 3  8 10 27 29 34 
 2  9 10 27 29 34 
 4  6 11 27 29 34 
 3  7 11 27 29 34 
 2  8 11 27 29 34 
 1  9 11 27 29 34 
 4  5 12 27 29 34 
 3  6 12 27 29 34 
 2  7 12 27 29 34 
 1  8 12 27 29 34 
 3  5 13 27 29 34 
 2  6 13 27 29 34 
 1  7 13 27 29 34 
 3  4 14 27 29 34 
 2  5 14 27 29 34 
 1  6 14 27 29 34 
 2  4 15 27 29 34 
 1  5 15 27 29 34 
 2  3 16 27 29 34 
 1  4 16 27 29 34 
 1  3 17 27 29 34 
 1  2 18 27 29 34 
 5  7  8 28 29 34 
 5  6  9 28 29 34 
 4  7  9 28 29 34 
 3  8  9 28 29 34 
 4  6 10 28 29 34 
 3  7 10 28 29 34 
 2  8 10 28 29 34 
 1  9 10 28 29 34 
 4  5 11 28 29 34 
 3  6 11 28 29 34 
 2  7 11 28 29 34 
 1  8 11 28 29 34 
 3  5 12 28 29 34 
 2  6 12 28 29 34 
 1  7 12 28 29 34 
 3  4 13 28 29 34 
 2  5 13 28 29 34 
 1  6 13 28 29 34 
 2  4 14 28 29 34 
 1  5 14 28 29 34 
 2  3 15 28 29 34 
 1  4 15 28 29 34 
 1  3 16 28 29 34 
 1  2 17 28 29 34 
10 11 12 14 30 34 
 9 11 13 14 30 34 
 8 12 13 14 30 34 
 9 11 12 15 30 34 
 9 10 13 15 30 34 
 8 11 13 15 30 34 
 7 12 13 15 30 34 
 8 10 14 15 30 34 
 7 11 14 15 30 34 
 6 12 14 15 30 34 
 5 13 14 15 30 34 
 9 10 12 16 30 34 
 8 11 12 16 30 34 
 8 10 13 16 30 34 
 7 11 13 16 30 34 
 6 12 13 16 30 34 
 8  9 14 16 30 34 
 7 10 14 16 30 34 
 6 11 14 16 30 34 
 5 12 14 16 30 34 
 4 13 14 16 30 34 
 7  9 15 16 30 34 
 6 10 15 16 30 34 
 5 11 15 16 30 34 
 4 12 15 16 30 34 
 3 13 15 16 30 34 
 2 14 15 16 30 34 
 9 10 11 17 30 34 
 8 10 12 17 30 34 
 7 11 12 17 30 34 
 8  9 13 17 30 34 
 7 10 13 17 30 34 
 6 11 13 17 30 34 
 5 12 13 17 30 34 
 7  9 14 17 30 34 
 6 10 14 17 30 34 
 5 11 14 17 30 34 
 4 12 14 17 30 34 
 3 13 14 17 30 34 
 7  8 15 17 30 34 
 6  9 15 17 30 34 
 5 10 15 17 30 34 
 4 11 15 17 30 34 
 3 12 15 17 30 34 
 2 13 15 17 30 34 
 1 14 15 17 30 34 
 6  8 16 17 30 34 
 5  9 16 17 30 34 
 4 10 16 17 30 34 
 3 11 16 17 30 34 
 2 12 16 17 30 34 
 1 13 16 17 30 34 
 8 10 11 18 30 34 
 8  9 12 18 30 34 
 7 10 12 18 30 34 
 6 11 12 18 30 34 
 7  9 13 18 30 34 
 6 10 13 18 30 34 
 5 11 13 18 30 34 
 4 12 13 18 30 34 
 7  8 14 18 30 34 
 6  9 14 18 30 34 
 5 10 14 18 30 34 
 4 11 14 18 30 34 
 3 12 14 18 30 34 
 2 13 14 18 30 34 
 6  8 15 18 30 34 
 5  9 15 18 30 34 
 4 10 15 18 30 34 
 3 11 15 18 30 34 
 2 12 15 18 30 34 
 1 13 15 18 30 34 
 6  7 16 18 30 34 
 5  8 16 18 30 34 
 4  9 16 18 30 34 
 3 10 16 18 30 34 
 2 11 16 18 30 34 
 1 12 16 18 30 34 
 5  7 17 18 30 34 
 4  8 17 18 30 34 
 3  9 17 18 30 34 
 2 10 17 18 30 34 
 1 11 17 18 30 34 
 8  9 11 19 30 34 
 7 10 11 19 30 34 
 7  9 12 19 30 34 
 6 10 12 19 30 34 
 5 11 12 19 30 34 
 7  8 13 19 30 34 
 6  9 13 19 30 34 
 5 10 13 19 30 34 
 4 11 13 19 30 34 
 3 12 13 19 30 34 
 6  8 14 19 30 34 
 5  9 14 19 30 34 
 4 10 14 19 30 34 
 3 11 14 19 30 34 
 2 12 14 19 30 34 
 1 13 14 19 30 34 
 6  7 15 19 30 34 
 5  8 15 19 30 34 
 4  9 15 19 30 34 
 3 10 15 19 30 34 
 2 11 15 19 30 34 
 1 12 15 19 30 34 
 5  7 16 19 30 34 
 4  8 16 19 30 34 
 3  9 16 19 30 34 
 2 10 16 19 30 34 
 1 11 16 19 30 34 
 5  6 17 19 30 34 
 4  7 17 19 30 34 
 3  8 17 19 30 34 
 2  9 17 19 30 34 
 1 10 17 19 30 34 
 4  6 18 19 30 34 
 3  7 18 19 30 34 
 2  8 18 19 30 34 
 1  9 18 19 30 34 
 8  9 10 20 30 34 
 7  9 11 20 30 34 
 6 10 11 20 30 34 
 7  8 12 20 30 34 
 6  9 12 20 30 34 
 5 10 12 20 30 34 
 4 11 12 20 30 34 
 6  8 13 20 30 34 
 5  9 13 20 30 34 
 4 10 13 20 30 34 
 3 11 13 20 30 34 
 2 12 13 20 30 34 
 6  7 14 20 30 34 
 5  8 14 20 30 34 
 4  9 14 20 30 34 
 3 10 14 20 30 34 
 2 11 14 20 30 34 
 1 12 14 20 30 34 
 5  7 15 20 30 34 
 4  8 15 20 30 34 
 3  9 15 20 30 34 
 2 10 15 20 30 34 
 1 11 15 20 30 34 
 5  6 16 20 30 34 
 4  7 16 20 30 34 
 3  8 16 20 30 34 
 2  9 16 20 30 34 
 1 10 16 20 30 34 
 4  6 17 20 30 34 
 3  7 17 20 30 34 
 2  8 17 20 30 34 
 1  9 17 20 30 34 
 4  5 18 20 30 34 
 3  6 18 20 30 34 
 2  7 18 20 30 34 
 1  8 18 20 30 34 
 3  5 19 20 30 34 
 2  6 19 20 30 34 
 1  7 19 20 30 34 
 7  9 10 21 30 34 
 7  8 11 21 30 34 
 6  9 11 21 30 34 
 5 10 11 21 30 34 
 6  8 12 21 30 34 
 5  9 12 21 30 34 
 4 10 12 21 30 34 
 3 11 12 21 30 34 
 6  7 13 21 30 34 
 5  8 13 21 30 34 
 4  9 13 21 30 34 
 3 10 13 21 30 34 
 2 11 13 21 30 34 
 1 12 13 21 30 34 
 5  7 14 21 30 34 
 4  8 14 21 30 34 
 3  9 14 21 30 34 
 2 10 14 21 30 34 
 1 11 14 21 30 34 
 5  6 15 21 30 34 
 4  7 15 21 30 34 
 3  8 15 21 30 34 
 2  9 15 21 30 34 
 1 10 15 21 30 34 
 4  6 16 21 30 34 
 3  7 16 21 30 34 
 2  8 16 21 30 34 
 1  9 16 21 30 34 
 4  5 17 21 30 34 
 3  6 17 21 30 34 
 2  7 17 21 30 34 
 1  8 17 21 30 34 
 3  5 18 21 30 34 
 2  6 18 21 30 34 
 1  7 18 21 30 34 
 3  4 19 21 30 34 
 2  5 19 21 30 34 
 1  6 19 21 30 34 
 2  4 20 21 30 34 
 1  5 20 21 30 34 
 7  8 10 22 30 34 
 6  9 10 22 30 34 
 6  8 11 22 30 34 
 5  9 11 22 30 34 
 4 10 11 22 30 34 
 6  7 12 22 30 34 
 5  8 12 22 30 34 
 4  9 12 22 30 34 
 3 10 12 22 30 34 
 2 11 12 22 30 34 
 5  7 13 22 30 34 
 4  8 13 22 30 34 
 3  9 13 22 30 34 
 2 10 13 22 30 34 
 1 11 13 22 30 34 
 5  6 14 22 30 34 
 4  7 14 22 30 34 
 3  8 14 22 30 34 
 2  9 14 22 30 34 
 1 10 14 22 30 34 
 4  6 15 22 30 34 
 3  7 15 22 30 34 
 2  8 15 22 30 34 
 1  9 15 22 30 34 
 4  5 16 22 30 34 
 3  6 16 22 30 34 
 2  7 16 22 30 34 
 1  8 16 22 30 34 
 3  5 17 22 30 34 
 2  6 17 22 30 34 
 1  7 17 22 30 34 
 3  4 18 22 30 34 
 2  5 18 22 30 34 
 1  6 18 22 30 34 
 2  4 19 22 30 34 
 1  5 19 22 30 34 
 2  3 20 22 30 34 
 1  4 20 22 30 34 
 1  3 21 22 30 34 
 7  8  9 23 30 34 
 6  8 10 23 30 34 
 5  9 10 23 30 34 
 6  7 11 23 30 34 
 5  8 11 23 30 34 
 4  9 11 23 30 34 
 3 10 11 23 30 34 
 5  7 12 23 30 34 
 4  8 12 23 30 34 
 3  9 12 23 30 34 
 2 10 12 23 30 34 
 1 11 12 23 30 34 
 5  6 13 23 30 34 
 4  7 13 23 30 34 
 3  8 13 23 30 34 
 2  9 13 23 30 34 
 1 10 13 23 30 34 
 4  6 14 23 30 34 
 3  7 14 23 30 34 
 2  8 14 23 30 34 
 1  9 14 23 30 34 
 4  5 15 23 30 34 
 3  6 15 23 30 34 
 2  7 15 23 30 34 
 1  8 15 23 30 34 
 3  5 16 23 30 34 
 2  6 16 23 30 34 
 1  7 16 23 30 34 
 3  4 17 23 30 34 
 2  5 17 23 30 34 
 1  6 17 23 30 34 
 2  4 18 23 30 34 
 1  5 18 23 30 34 
 2  3 19 23 30 34 
 1  4 19 23 30 34 
 1  3 20 23 30 34 
 1  2 21 23 30 34 
 6  8  9 24 30 34 
 6  7 10 24 30 34 
 5  8 10 24 30 34 
 4  9 10 24 30 34 
 5  7 11 24 30 34 
 4  8 11 24 30 34 
 3  9 11 24 30 34 
 2 10 11 24 30 34 
 5  6 12 24 30 34 
 4  7 12 24 30 34 
 3  8 12 24 30 34 
 2  9 12 24 30 34 
 1 10 12 24 30 34 
 4  6 13 24 30 34 
 3  7 13 24 30 34 
 2  8 13 24 30 34 
 1  9 13 24 30 34 
 4  5 14 24 30 34 
 3  6 14 24 30 34 
 2  7 14 24 30 34 
 1  8 14 24 30 34 
 3  5 15 24 30 34 
 2  6 15 24 30 34 
 1  7 15 24 30 34 
 3  4 16 24 30 34 
 2  5 16 24 30 34 
 1  6 16 24 30 34 
 2  4 17 24 30 34 
 1  5 17 24 30 34 
 2  3 18 24 30 34 
 1  4 18 24 30 34 
 1  3 19 24 30 34 
 1  2 20 24 30 34 
 6  7  9 25 30 34 
 5  8  9 25 30 34 
 5  7 10 25 30 34 
 4  8 10 25 30 34 
 3  9 10 25 30 34 
 5  6 11 25 30 34 
 4  7 11 25 30 34 
 3  8 11 25 30 34 
 2  9 11 25 30 34 
 1 10 11 25 30 34 
 4  6 12 25 30 34 
 3  7 12 25 30 34 
 2  8 12 25 30 34 
 1  9 12 25 30 34 
 4  5 13 25 30 34 
 3  6 13 25 30 34 
 2  7 13 25 30 34 
 1  8 13 25 30 34 
 3  5 14 25 30 34 
 2  6 14 25 30 34 
 1  7 14 25 30 34 
 3  4 15 25 30 34 
 2  5 15 25 30 34 
 1  6 15 25 30 34 
 2  4 16 25 30 34 
 1  5 16 25 30 34 
 2  3 17 25 30 34 
 1  4 17 25 30 34 
 1  3 18 25 30 34 
 1  2 19 25 30 34 
 6  7  8 26 30 34 
 5  7  9 26 30 34 
 4  8  9 26 30 34 
 5  6 10 26 30 34 
 4  7 10 26 30 34 
 3  8 10 26 30 34 
 2  9 10 26 30 34 
 4  6 11 26 30 34 
 3  7 11 26 30 34 
 2  8 11 26 30 34 
 1  9 11 26 30 34 
 4  5 12 26 30 34 
 3  6 12 26 30 34 
 2  7 12 26 30 34 
 1  8 12 26 30 34 
 3  5 13 26 30 34 
 2  6 13 26 30 34 
 1  7 13 26 30 34 
 3  4 14 26 30 34 
 2  5 14 26 30 34 
 1  6 14 26 30 34 
 2  4 15 26 30 34 
 1  5 15 26 30 34 
 2  3 16 26 30 34 
 1  4 16 26 30 34 
 1  3 17 26 30 34 
 1  2 18 26 30 34 
 5  7  8 27 30 34 
 5  6  9 27 30 34 
 4  7  9 27 30 34 
 3  8  9 27 30 34 
 4  6 10 27 30 34 
 3  7 10 27 30 34 
 2  8 10 27 30 34 
 1  9 10 27 30 34 
 4  5 11 27 30 34 
 3  6 11 27 30 34 
 2  7 11 27 30 34 
 1  8 11 27 30 34 
 3  5 12 27 30 34 
 2  6 12 27 30 34 
 1  7 12 27 30 34 
 3  4 13 27 30 34 
 2  5 13 27 30 34 
 1  6 13 27 30 34 
 2  4 14 27 30 34 
 1  5 14 27 30 34 
 2  3 15 27 30 34 
 1  4 15 27 30 34 
 1  3 16 27 30 34 
 1  2 17 27 30 34 
 5  6  8 28 30 34 
 4  7  8 28 30 34 
 4  6  9 28 30 34 
 3  7  9 28 30 34 
 2  8  9 28 30 34 
 4  5 10 28 30 34 
 3  6 10 28 30 34 
 2  7 10 28 30 34 
 1  8 10 28 30 34 
 3  5 11 28 30 34 
 2  6 11 28 30 34 
 1  7 11 28 30 34 
 3  4 12 28 30 34 
 2  5 12 28 30 34 
 1  6 12 28 30 34 
 2  4 13 28 30 34 
 1  5 13 28 30 34 
 2  3 14 28 30 34 
 1  4 14 28 30 34 
 1  3 15 28 30 34 
 1  2 16 28 30 34 
 5  6  7 29 30 34 
 4  6  8 29 30 34 
 3  7  8 29 30 34 
 4  5  9 29 30 34 
 3  6  9 29 30 34 
 2  7  9 29 30 34 
 1  8  9 29 30 34 
 3  5 10 29 30 34 
 2  6 10 29 30 34 
 1  7 10 29 30 34 
 3  4 11 29 30 34 
 2  5 11 29 30 34 
 1  6 11 29 30 34 
 2  4 12 29 30 34 
 1  5 12 29 30 34 
 2  3 13 29 30 34 
 1  4 13 29 30 34 
 1  3 14 29 30 34 
 1  2 15 29 30 34 
10 11 12 13 31 34 
 9 11 12 14 31 34 
 9 10 13 14 31 34 
 8 11 13 14 31 34 
 7 12 13 14 31 34 
 9 10 12 15 31 34 
 8 11 12 15 31 34 
 8 10 13 15 31 34 
 7 11 13 15 31 34 
 6 12 13 15 31 34 
 8  9 14 15 31 34 
 7 10 14 15 31 34 
 6 11 14 15 31 34 
 5 12 14 15 31 34 
 4 13 14 15 31 34 
 9 10 11 16 31 34 
 8 10 12 16 31 34 
 7 11 12 16 31 34 
 8  9 13 16 31 34 
 7 10 13 16 31 34 
 6 11 13 16 31 34 
 5 12 13 16 31 34 
 7  9 14 16 31 34 
 6 10 14 16 31 34 
 5 11 14 16 31 34 
 4 12 14 16 31 34 
 3 13 14 16 31 34 
 7  8 15 16 31 34 
 6  9 15 16 31 34 
 5 10 15 16 31 34 
 4 11 15 16 31 34 
 3 12 15 16 31 34 
 2 13 15 16 31 34 
 1 14 15 16 31 34 
 8 10 11 17 31 34 
 8  9 12 17 31 34 
 7 10 12 17 31 34 
 6 11 12 17 31 34 
 7  9 13 17 31 34 
 6 10 13 17 31 34 
 5 11 13 17 31 34 
 4 12 13 17 31 34 
 7  8 14 17 31 34 
 6  9 14 17 31 34 
 5 10 14 17 31 34 
 4 11 14 17 31 34 
 3 12 14 17 31 34 
 2 13 14 17 31 34 
 6  8 15 17 31 34 
 5  9 15 17 31 34 
 4 10 15 17 31 34 
 3 11 15 17 31 34 
 2 12 15 17 31 34 
 1 13 15 17 31 34 
 6  7 16 17 31 34 
 5  8 16 17 31 34 
 4  9 16 17 31 34 
 3 10 16 17 31 34 
 2 11 16 17 31 34 
 1 12 16 17 31 34 
 8  9 11 18 31 34 
 7 10 11 18 31 34 
 7  9 12 18 31 34 
 6 10 12 18 31 34 
 5 11 12 18 31 34 
 7  8 13 18 31 34 
 6  9 13 18 31 34 
 5 10 13 18 31 34 
 4 11 13 18 31 34 
 3 12 13 18 31 34 
 6  8 14 18 31 34 
 5  9 14 18 31 34 
 4 10 14 18 31 34 
 3 11 14 18 31 34 
 2 12 14 18 31 34 
 1 13 14 18 31 34 
 6  7 15 18 31 34 
 5  8 15 18 31 34 
 4  9 15 18 31 34 
 3 10 15 18 31 34 
 2 11 15 18 31 34 
 1 12 15 18 31 34 
 5  7 16 18 31 34 
 4  8 16 18 31 34 
 3  9 16 18 31 34 
 2 10 16 18 31 34 
 1 11 16 18 31 34 
 5  6 17 18 31 34 
 4  7 17 18 31 34 
 3  8 17 18 31 34 
 2  9 17 18 31 34 
 1 10 17 18 31 34 
 8  9 10 19 31 34 
 7  9 11 19 31 34 
 6 10 11 19 31 34 
 7  8 12 19 31 34 
 6  9 12 19 31 34 
 5 10 12 19 31 34 
 4 11 12 19 31 34 
 6  8 13 19 31 34 
 5  9 13 19 31 34 
 4 10 13 19 31 34 
 3 11 13 19 31 34 
 2 12 13 19 31 34 
 6  7 14 19 31 34 
 5  8 14 19 31 34 
 4  9 14 19 31 34 
 3 10 14 19 31 34 
 2 11 14 19 31 34 
 1 12 14 19 31 34 
 5  7 15 19 31 34 
 4  8 15 19 31 34 
 3  9 15 19 31 34 
 2 10 15 19 31 34 
 1 11 15 19 31 34 
 5  6 16 19 31 34 
 4  7 16 19 31 34 
 3  8 16 19 31 34 
 2  9 16 19 31 34 
 1 10 16 19 31 34 
 4  6 17 19 31 34 
 3  7 17 19 31 34 
 2  8 17 19 31 34 
 1  9 17 19 31 34 
 4  5 18 19 31 34 
 3  6 18 19 31 34 
 2  7 18 19 31 34 
 1  8 18 19 31 34 
 7  9 10 20 31 34 
 7  8 11 20 31 34 
 6  9 11 20 31 34 
 5 10 11 20 31 34 
 6  8 12 20 31 34 
 5  9 12 20 31 34 
 4 10 12 20 31 34 
 3 11 12 20 31 34 
 6  7 13 20 31 34 
 5  8 13 20 31 34 
 4  9 13 20 31 34 
 3 10 13 20 31 34 
 2 11 13 20 31 34 
 1 12 13 20 31 34 
 5  7 14 20 31 34 
 4  8 14 20 31 34 
 3  9 14 20 31 34 
 2 10 14 20 31 34 
 1 11 14 20 31 34 
 5  6 15 20 31 34 
 4  7 15 20 31 34 
 3  8 15 20 31 34 
 2  9 15 20 31 34 
 1 10 15 20 31 34 
 4  6 16 20 31 34 
 3  7 16 20 31 34 
 2  8 16 20 31 34 
 1  9 16 20 31 34 
 4  5 17 20 31 34 
 3  6 17 20 31 34 
 2  7 17 20 31 34 
 1  8 17 20 31 34 
 3  5 18 20 31 34 
 2  6 18 20 31 34 
 1  7 18 20 31 34 
 3  4 19 20 31 34 
 2  5 19 20 31 34 
 1  6 19 20 31 34 
 7  8 10 21 31 34 
 6  9 10 21 31 34 
 6  8 11 21 31 34 
 5  9 11 21 31 34 
 4 10 11 21 31 34 
 6  7 12 21 31 34 
 5  8 12 21 31 34 
 4  9 12 21 31 34 
 3 10 12 21 31 34 
 2 11 12 21 31 34 
 5  7 13 21 31 34 
 4  8 13 21 31 34 
 3  9 13 21 31 34 
 2 10 13 21 31 34 
 1 11 13 21 31 34 
 5  6 14 21 31 34 
 4  7 14 21 31 34 
 3  8 14 21 31 34 
 2  9 14 21 31 34 
 1 10 14 21 31 34 
 4  6 15 21 31 34 
 3  7 15 21 31 34 
 2  8 15 21 31 34 
 1  9 15 21 31 34 
 4  5 16 21 31 34 
 3  6 16 21 31 34 
 2  7 16 21 31 34 
 1  8 16 21 31 34 
 3  5 17 21 31 34 
 2  6 17 21 31 34 
 1  7 17 21 31 34 
 3  4 18 21 31 34 
 2  5 18 21 31 34 
 1  6 18 21 31 34 
 2  4 19 21 31 34 
 1  5 19 21 31 34 
 2  3 20 21 31 34 
 1  4 20 21 31 34 
 7  8  9 22 31 34 
 6  8 10 22 31 34 
 5  9 10 22 31 34 
 6  7 11 22 31 34 
 5  8 11 22 31 34 
 4  9 11 22 31 34 
 3 10 11 22 31 34 
 5  7 12 22 31 34 
 4  8 12 22 31 34 
 3  9 12 22 31 34 
 2 10 12 22 31 34 
 1 11 12 22 31 34 
 5  6 13 22 31 34 
 4  7 13 22 31 34 
 3  8 13 22 31 34 
 2  9 13 22 31 34 
 1 10 13 22 31 34 
 4  6 14 22 31 34 
 3  7 14 22 31 34 
 2  8 14 22 31 34 
 1  9 14 22 31 34 
 4  5 15 22 31 34 
 3  6 15 22 31 34 
 2  7 15 22 31 34 
 1  8 15 22 31 34 
 3  5 16 22 31 34 
 2  6 16 22 31 34 
 1  7 16 22 31 34 
 3  4 17 22 31 34 
 2  5 17 22 31 34 
 1  6 17 22 31 34 
 2  4 18 22 31 34 
 1  5 18 22 31 34 
 2  3 19 22 31 34 
 1  4 19 22 31 34 
 1  3 20 22 31 34 
 1  2 21 22 31 34 
 6  8  9 23 31 34 
 6  7 10 23 31 34 
 5  8 10 23 31 34 
 4  9 10 23 31 34 
 5  7 11 23 31 34 
 4  8 11 23 31 34 
 3  9 11 23 31 34 
 2 10 11 23 31 34 
 5  6 12 23 31 34 
 4  7 12 23 31 34 
 3  8 12 23 31 34 
 2  9 12 23 31 34 
 1 10 12 23 31 34 
 4  6 13 23 31 34 
 3  7 13 23 31 34 
 2  8 13 23 31 34 
 1  9 13 23 31 34 
 4  5 14 23 31 34 
 3  6 14 23 31 34 
 2  7 14 23 31 34 
 1  8 14 23 31 34 
 3  5 15 23 31 34 
 2  6 15 23 31 34 
 1  7 15 23 31 34 
 3  4 16 23 31 34 
 2  5 16 23 31 34 
 1  6 16 23 31 34 
 2  4 17 23 31 34 
 1  5 17 23 31 34 
 2  3 18 23 31 34 
 1  4 18 23 31 34 
 1  3 19 23 31 34 
 1  2 20 23 31 34 
 6  7  9 24 31 34 
 5  8  9 24 31 34 
 5  7 10 24 31 34 
 4  8 10 24 31 34 
 3  9 10 24 31 34 
 5  6 11 24 31 34 
 4  7 11 24 31 34 
 3  8 11 24 31 34 
 2  9 11 24 31 34 
 1 10 11 24 31 34 
 4  6 12 24 31 34 
 3  7 12 24 31 34 
 2  8 12 24 31 34 
 1  9 12 24 31 34 
 4  5 13 24 31 34 
 3  6 13 24 31 34 
 2  7 13 24 31 34 
 1  8 13 24 31 34 
 3  5 14 24 31 34 
 2  6 14 24 31 34 
 1  7 14 24 31 34 
 3  4 15 24 31 34 
 2  5 15 24 31 34 
 1  6 15 24 31 34 
 2  4 16 24 31 34 
 1  5 16 24 31 34 
 2  3 17 24 31 34 
 1  4 17 24 31 34 
 1  3 18 24 31 34 
 1  2 19 24 31 34 
 6  7  8 25 31 34 
 5  7  9 25 31 34 
 4  8  9 25 31 34 
 5  6 10 25 31 34 
 4  7 10 25 31 34 
 3  8 10 25 31 34 
 2  9 10 25 31 34 
 4  6 11 25 31 34 
 3  7 11 25 31 34 
 2  8 11 25 31 34 
 1  9 11 25 31 34 
 4  5 12 25 31 34 
 3  6 12 25 31 34 
 2  7 12 25 31 34 
 1  8 12 25 31 34 
 3  5 13 25 31 34 
 2  6 13 25 31 34 
 1  7 13 25 31 34 
 3  4 14 25 31 34 
 2  5 14 25 31 34 
 1  6 14 25 31 34 
 2  4 15 25 31 34 
 1  5 15 25 31 34 
 2  3 16 25 31 34 
 1  4 16 25 31 34 
 1  3 17 25 31 34 
 1  2 18 25 31 34 
 5  7  8 26 31 34 
 5  6  9 26 31 34 
 4  7  9 26 31 34 
 3  8  9 26 31 34 
 4  6 10 26 31 34 
 3  7 10 26 31 34 
 2  8 10 26 31 34 
 1  9 10 26 31 34 
 4  5 11 26 31 34 
 3  6 11 26 31 34 
 2  7 11 26 31 34 
 1  8 11 26 31 34 
 3  5 12 26 31 34 
 2  6 12 26 31 34 
 1  7 12 26 31 34 
 3  4 13 26 31 34 
 2  5 13 26 31 34 
 1  6 13 26 31 34 
 2  4 14 26 31 34 
 1  5 14 26 31 34 
 2  3 15 26 31 34 
 1  4 15 26 31 34 
 1  3 16 26 31 34 
 1  2 17 26 31 34 
 5  6  8 27 31 34 
 4  7  8 27 31 34 
 4  6  9 27 31 34 
 3  7  9 27 31 34 
 2  8  9 27 31 34 
 4  5 10 27 31 34 
 3  6 10 27 31 34 
 2  7 10 27 31 34 
 1  8 10 27 31 34 
 3  5 11 27 31 34 
 2  6 11 27 31 34 
 1  7 11 27 31 34 
 3  4 12 27 31 34 
 2  5 12 27 31 34 
 1  6 12 27 31 34 
 2  4 13 27 31 34 
 1  5 13 27 31 34 
 2  3 14 27 31 34 
 1  4 14 27 31 34 
 1  3 15 27 31 34 
 1  2 16 27 31 34 
 5  6  7 28 31 34 
 4  6  8 28 31 34 
 3  7  8 28 31 34 
 4  5  9 28 31 34 
 3  6  9 28 31 34 
 2  7  9 28 31 34 
 1  8  9 28 31 34 
 3  5 10 28 31 34 
 2  6 10 28 31 34 
 1  7 10 28 31 34 
 3  4 11 28 31 34 
 2  5 11 28 31 34 
 1  6 11 28 31 34 
 2  4 12 28 31 34 
 1  5 12 28 31 34 
 2  3 13 28 31 34 
 1  4 13 28 31 34 
 1  3 14 28 31 34 
 1  2 15 28 31 34 
 4  6  7 29 31 34 
 4  5  8 29 31 34 
 3  6  8 29 31 34 
 2  7  8 29 31 34 
 3  5  9 29 31 34 
 2  6  9 29 31 34 
 1  7  9 29 31 34 
 3  4 10 29 31 34 
 2  5 10 29 31 34 
 1  6 10 29 31 34 
 2  4 11 29 31 34 
 1  5 11 29 31 34 
 2  3 12 29 31 34 
 1  4 12 29 31 34 
 1  3 13 29 31 34 
 1  2 14 29 31 34 
 4  5  7 30 31 34 
 3  6  7 30 31 34 
 3  5  8 30 31 34 
 2  6  8 30 31 34 
 1  7  8 30 31 34 
 3  4  9 30 31 34 
 2  5  9 30 31 34 
 1  6  9 30 31 34 
 2  4 10 30 31 34 
 1  5 10 30 31 34 
 2  3 11 30 31 34 
 1  4 11 30 31 34 
 1  3 12 30 31 34 
 1  2 13 30 31 34 
 9 11 12 13 32 34 
 9 10 12 14 32 34 
 8 11 12 14 32 34 
 8 10 13 14 32 34 
 7 11 13 14 32 34 
 6 12 13 14 32 34 
 9 10 11 15 32 34 
 8 10 12 15 32 34 
 7 11 12 15 32 34 
 8  9 13 15 32 34 
 7 10 13 15 32 34 
 6 11 13 15 32 34 
 5 12 13 15 32 34 
 7  9 14 15 32 34 
 6 10 14 15 32 34 
 5 11 14 15 32 34 
 4 12 14 15 32 34 
 3 13 14 15 32 34 
 8 10 11 16 32 34 
 8  9 12 16 32 34 
 7 10 12 16 32 34 
 6 11 12 16 32 34 
 7  9 13 16 32 34 
 6 10 13 16 32 34 
 5 11 13 16 32 34 
 4 12 13 16 32 34 
 7  8 14 16 32 34 
 6  9 14 16 32 34 
 5 10 14 16 32 34 
 4 11 14 16 32 34 
 3 12 14 16 32 34 
 2 13 14 16 32 34 
 6  8 15 16 32 34 
 5  9 15 16 32 34 
 4 10 15 16 32 34 
 3 11 15 16 32 34 
 2 12 15 16 32 34 
 1 13 15 16 32 34 
 8  9 11 17 32 34 
 7 10 11 17 32 34 
 7  9 12 17 32 34 
 6 10 12 17 32 34 
 5 11 12 17 32 34 
 7  8 13 17 32 34 
 6  9 13 17 32 34 
 5 10 13 17 32 34 
 4 11 13 17 32 34 
 3 12 13 17 32 34 
 6  8 14 17 32 34 
 5  9 14 17 32 34 
 4 10 14 17 32 34 
 3 11 14 17 32 34 
 2 12 14 17 32 34 
 1 13 14 17 32 34 
 6  7 15 17 32 34 
 5  8 15 17 32 34 
 4  9 15 17 32 34 
 3 10 15 17 32 34 
 2 11 15 17 32 34 
 1 12 15 17 32 34 
 5  7 16 17 32 34 
 4  8 16 17 32 34 
 3  9 16 17 32 34 
 2 10 16 17 32 34 
 1 11 16 17 32 34 
 8  9 10 18 32 34 
 7  9 11 18 32 34 
 6 10 11 18 32 34 
 7  8 12 18 32 34 
 6  9 12 18 32 34 
 5 10 12 18 32 34 
 4 11 12 18 32 34 
 6  8 13 18 32 34 
 5  9 13 18 32 34 
 4 10 13 18 32 34 
 3 11 13 18 32 34 
 2 12 13 18 32 34 
 6  7 14 18 32 34 
 5  8 14 18 32 34 
 4  9 14 18 32 34 
 3 10 14 18 32 34 
 2 11 14 18 32 34 
 1 12 14 18 32 34 
 5  7 15 18 32 34 
 4  8 15 18 32 34 
 3  9 15 18 32 34 
 2 10 15 18 32 34 
 1 11 15 18 32 34 
 5  6 16 18 32 34 
 4  7 16 18 32 34 
 3  8 16 18 32 34 
 2  9 16 18 32 34 
 1 10 16 18 32 34 
 4  6 17 18 32 34 
 3  7 17 18 32 34 
 2  8 17 18 32 34 
 1  9 17 18 32 34 
 7  9 10 19 32 34 
 7  8 11 19 32 34 
 6  9 11 19 32 34 
 5 10 11 19 32 34 
 6  8 12 19 32 34 
 5  9 12 19 32 34 
 4 10 12 19 32 34 
 3 11 12 19 32 34 
 6  7 13 19 32 34 
 5  8 13 19 32 34 
 4  9 13 19 32 34 
 3 10 13 19 32 34 
 2 11 13 19 32 34 
 1 12 13 19 32 34 
 5  7 14 19 32 34 
 4  8 14 19 32 34 
 3  9 14 19 32 34 
 2 10 14 19 32 34 
 1 11 14 19 32 34 
 5  6 15 19 32 34 
 4  7 15 19 32 34 
 3  8 15 19 32 34 
 2  9 15 19 32 34 
 1 10 15 19 32 34 
 4  6 16 19 32 34 
 3  7 16 19 32 34 
 2  8 16 19 32 34 
 1  9 16 19 32 34 
 4  5 17 19 32 34 
 3  6 17 19 32 34 
 2  7 17 19 32 34 
 1  8 17 19 32 34 
 3  5 18 19 32 34 
 2  6 18 19 32 34 
 1  7 18 19 32 34 
 7  8 10 20 32 34 
 6  9 10 20 32 34 
 6  8 11 20 32 34 
 5  9 11 20 32 34 
 4 10 11 20 32 34 
 6  7 12 20 32 34 
 5  8 12 20 32 34 
 4  9 12 20 32 34 
 3 10 12 20 32 34 
 2 11 12 20 32 34 
 5  7 13 20 32 34 
 4  8 13 20 32 34 
 3  9 13 20 32 34 
 2 10 13 20 32 34 
 1 11 13 20 32 34 
 5  6 14 20 32 34 
 4  7 14 20 32 34 
 3  8 14 20 32 34 
 2  9 14 20 32 34 
 1 10 14 20 32 34 
 4  6 15 20 32 34 
 3  7 15 20 32 34 
 2  8 15 20 32 34 
 1  9 15 20 32 34 
 4  5 16 20 32 34 
 3  6 16 20 32 34 
 2  7 16 20 32 34 
 1  8 16 20 32 34 
 3  5 17 20 32 34 
 2  6 17 20 32 34 
 1  7 17 20 32 34 
 3  4 18 20 32 34 
 2  5 18 20 32 34 
 1  6 18 20 32 34 
 2  4 19 20 32 34 
 1  5 19 20 32 34 
 7  8  9 21 32 34 
 6  8 10 21 32 34 
 5  9 10 21 32 34 
 6  7 11 21 32 34 
 5  8 11 21 32 34 
 4  9 11 21 32 34 
 3 10 11 21 32 34 
 5  7 12 21 32 34 
 4  8 12 21 32 34 
 3  9 12 21 32 34 
 2 10 12 21 32 34 
 1 11 12 21 32 34 
 5  6 13 21 32 34 
 4  7 13 21 32 34 
 3  8 13 21 32 34 
 2  9 13 21 32 34 
 1 10 13 21 32 34 
 4  6 14 21 32 34 
 3  7 14 21 32 34 
 2  8 14 21 32 34 
 1  9 14 21 32 34 
 4  5 15 21 32 34 
 3  6 15 21 32 34 
 2  7 15 21 32 34 
 1  8 15 21 32 34 
 3  5 16 21 32 34 
 2  6 16 21 32 34 
 1  7 16 21 32 34 
 3  4 17 21 32 34 
 2  5 17 21 32 34 
 1  6 17 21 32 34 
 2  4 18 21 32 34 
 1  5 18 21 32 34 
 2  3 19 21 32 34 
 1  4 19 21 32 34 
 1  3 20 21 32 34 
 6  8  9 22 32 34 
 6  7 10 22 32 34 
 5  8 10 22 32 34 
 4  9 10 22 32 34 
 5  7 11 22 32 34 
 4  8 11 22 32 34 
 3  9 11 22 32 34 
 2 10 11 22 32 34 
 5  6 12 22 32 34 
 4  7 12 22 32 34 
 3  8 12 22 32 34 
 2  9 12 22 32 34 
 1 10 12 22 32 34 
 4  6 13 22 32 34 
 3  7 13 22 32 34 
 2  8 13 22 32 34 
 1  9 13 22 32 34 
 4  5 14 22 32 34 
 3  6 14 22 32 34 
 2  7 14 22 32 34 
 1  8 14 22 32 34 
 3  5 15 22 32 34 
 2  6 15 22 32 34 
 1  7 15 22 32 34 
 3  4 16 22 32 34 
 2  5 16 22 32 34 
 1  6 16 22 32 34 
 2  4 17 22 32 34 
 1  5 17 22 32 34 
 2  3 18 22 32 34 
 1  4 18 22 32 34 
 1  3 19 22 32 34 
 1  2 20 22 32 34 
 6  7  9 23 32 34 
 5  8  9 23 32 34 
 5  7 10 23 32 34 
 4  8 10 23 32 34 
 3  9 10 23 32 34 
 5  6 11 23 32 34 
 4  7 11 23 32 34 
 3  8 11 23 32 34 
 2  9 11 23 32 34 
 1 10 11 23 32 34 
 4  6 12 23 32 34 
 3  7 12 23 32 34 
 2  8 12 23 32 34 
 1  9 12 23 32 34 
 4  5 13 23 32 34 
 3  6 13 23 32 34 
 2  7 13 23 32 34 
 1  8 13 23 32 34 
 3  5 14 23 32 34 
 2  6 14 23 32 34 
 1  7 14 23 32 34 
 3  4 15 23 32 34 
 2  5 15 23 32 34 
 1  6 15 23 32 34 
 2  4 16 23 32 34 
 1  5 16 23 32 34 
 2  3 17 23 32 34 
 1  4 17 23 32 34 
 1  3 18 23 32 34 
 1  2 19 23 32 34 
 6  7  8 24 32 34 
 5  7  9 24 32 34 
 4  8  9 24 32 34 
 5  6 10 24 32 34 
 4  7 10 24 32 34 
 3  8 10 24 32 34 
 2  9 10 24 32 34 
 4  6 11 24 32 34 
 3  7 11 24 32 34 
 2  8 11 24 32 34 
 1  9 11 24 32 34 
 4  5 12 24 32 34 
 3  6 12 24 32 34 
 2  7 12 24 32 34 
 1  8 12 24 32 34 
 3  5 13 24 32 34 
 2  6 13 24 32 34 
 1  7 13 24 32 34 
 3  4 14 24 32 34 
 2  5 14 24 32 34 
 1  6 14 24 32 34 
 2  4 15 24 32 34 
 1  5 15 24 32 34 
 2  3 16 24 32 34 
 1  4 16 24 32 34 
 1  3 17 24 32 34 
 1  2 18 24 32 34 
 5  7  8 25 32 34 
 5  6  9 25 32 34 
 4  7  9 25 32 34 
 3  8  9 25 32 34 
 4  6 10 25 32 34 
 3  7 10 25 32 34 
 2  8 10 25 32 34 
 1  9 10 25 32 34 
 4  5 11 25 32 34 
 3  6 11 25 32 34 
 2  7 11 25 32 34 
 1  8 11 25 32 34 
 3  5 12 25 32 34 
 2  6 12 25 32 34 
 1  7 12 25 32 34 
 3  4 13 25 32 34 
 2  5 13 25 32 34 
 1  6 13 25 32 34 
 2  4 14 25 32 34 
 1  5 14 25 32 34 
 2  3 15 25 32 34 
 1  4 15 25 32 34 
 1  3 16 25 32 34 
 1  2 17 25 32 34 
 5  6  8 26 32 34 
 4  7  8 26 32 34 
 4  6  9 26 32 34 
 3  7  9 26 32 34 
 2  8  9 26 32 34 
 4  5 10 26 32 34 
 3  6 10 26 32 34 
 2  7 10 26 32 34 
 1  8 10 26 32 34 
 3  5 11 26 32 34 
 2  6 11 26 32 34 
 1  7 11 26 32 34 
 3  4 12 26 32 34 
 2  5 12 26 32 34 
 1  6 12 26 32 34 
 2  4 13 26 32 34 
 1  5 13 26 32 34 
 2  3 14 26 32 34 
 1  4 14 26 32 34 
 1  3 15 26 32 34 
 1  2 16 26 32 34 
 5  6  7 27 32 34 
 4  6  8 27 32 34 
 3  7  8 27 32 34 
 4  5  9 27 32 34 
 3  6  9 27 32 34 
 2  7  9 27 32 34 
 1  8  9 27 32 34 
 3  5 10 27 32 34 
 2  6 10 27 32 34 
 1  7 10 27 32 34 
 3  4 11 27 32 34 
 2  5 11 27 32 34 
 1  6 11 27 32 34 
 2  4 12 27 32 34 
 1  5 12 27 32 34 
 2  3 13 27 32 34 
 1  4 13 27 32 34 
 1  3 14 27 32 34 
 1  2 15 27 32 34 
 4  6  7 28 32 34 
 4  5  8 28 32 34 
 3  6  8 28 32 34 
 2  7  8 28 32 34 
 3  5  9 28 32 34 
 2  6  9 28 32 34 
 1  7  9 28 32 34 
 3  4 10 28 32 34 
 2  5 10 28 32 34 
 1  6 10 28 32 34 
 2  4 11 28 32 34 
 1  5 11 28 32 34 
 2  3 12 28 32 34 
 1  4 12 28 32 34 
 1  3 13 28 32 34 
 1  2 14 28 32 34 
 4  5  7 29 32 34 
 3  6  7 29 32 34 
 3  5  8 29 32 34 
 2  6  8 29 32 34 
 1  7  8 29 32 34 
 3  4  9 29 32 34 
 2  5  9 29 32 34 
 1  6  9 29 32 34 
 2  4 10 29 32 34 
 1  5 10 29 32 34 
 2  3 11 29 32 34 
 1  4 11 29 32 34 
 1  3 12 29 32 34 
 1  2 13 29 32 34 
 4  5  6 30 32 34 
 3  5  7 30 32 34 
 2  6  7 30 32 34 
 3  4  8 30 32 34 
 2  5  8 30 32 34 
 1  6  8 30 32 34 
 2  4  9 30 32 34 
 1  5  9 30 32 34 
 2  3 10 30 32 34 
 1  4 10 30 32 34 
 1  3 11 30 32 34 
 1  2 12 30 32 34 
 3  5  6 31 32 34 
 3  4  7 31 32 34 
 2  5  7 31 32 34 
 1  6  7 31 32 34 
 2  4  8 31 32 34 
 1  5  8 31 32 34 
 2  3  9 31 32 34 
 1  4  9 31 32 34 
 1  3 10 31 32 34 
 1  2 11 31 32 34 
 9 10 12 13 33 34 
 8 11 12 13 33 34 
 9 10 11 14 33 34 
 8 10 12 14 33 34 
 7 11 12 14 33 34 
 8  9 13 14 33 34 
 7 10 13 14 33 34 
 6 11 13 14 33 34 
 5 12 13 14 33 34 
 8 10 11 15 33 34 
 8  9 12 15 33 34 
 7 10 12 15 33 34 
 6 11 12 15 33 34 
 7  9 13 15 33 34 
 6 10 13 15 33 34 
 5 11 13 15 33 34 
 4 12 13 15 33 34 
 7  8 14 15 33 34 
 6  9 14 15 33 34 
 5 10 14 15 33 34 
 4 11 14 15 33 34 
 3 12 14 15 33 34 
 2 13 14 15 33 34 
 8  9 11 16 33 34 
 7 10 11 16 33 34 
 7  9 12 16 33 34 
 6 10 12 16 33 34 
 5 11 12 16 33 34 
 7  8 13 16 33 34 
 6  9 13 16 33 34 
 5 10 13 16 33 34 
 4 11 13 16 33 34 
 3 12 13 16 33 34 
 6  8 14 16 33 34 
 5  9 14 16 33 34 
 4 10 14 16 33 34 
 3 11 14 16 33 34 
 2 12 14 16 33 34 
 1 13 14 16 33 34 
 6  7 15 16 33 34 
 5  8 15 16 33 34 
 4  9 15 16 33 34 
 3 10 15 16 33 34 
 2 11 15 16 33 34 
 1 12 15 16 33 34 
 8  9 10 17 33 34 
 7  9 11 17 33 34 
 6 10 11 17 33 34 
 7  8 12 17 33 34 
 6  9 12 17 33 34 
 5 10 12 17 33 34 
 4 11 12 17 33 34 
 6  8 13 17 33 34 
 5  9 13 17 33 34 
 4 10 13 17 33 34 
 3 11 13 17 33 34 
 2 12 13 17 33 34 
 6  7 14 17 33 34 
 5  8 14 17 33 34 
 4  9 14 17 33 34 
 3 10 14 17 33 34 
 2 11 14 17 33 34 
 1 12 14 17 33 34 
 5  7 15 17 33 34 
 4  8 15 17 33 34 
 3  9 15 17 33 34 
 2 10 15 17 33 34 
 1 11 15 17 33 34 
 5  6 16 17 33 34 
 4  7 16 17 33 34 
 3  8 16 17 33 34 
 2  9 16 17 33 34 
 1 10 16 17 33 34 
 7  9 10 18 33 34 
 7  8 11 18 33 34 
 6  9 11 18 33 34 
 5 10 11 18 33 34 
 6  8 12 18 33 34 
 5  9 12 18 33 34 
 4 10 12 18 33 34 
 3 11 12 18 33 34 
 6  7 13 18 33 34 
 5  8 13 18 33 34 
 4  9 13 18 33 34 
 3 10 13 18 33 34 
 2 11 13 18 33 34 
 1 12 13 18 33 34 
 5  7 14 18 33 34 
 4  8 14 18 33 34 
 3  9 14 18 33 34 
 2 10 14 18 33 34 
 1 11 14 18 33 34 
 5  6 15 18 33 34 
 4  7 15 18 33 34 
 3  8 15 18 33 34 
 2  9 15 18 33 34 
 1 10 15 18 33 34 
 4  6 16 18 33 34 
 3  7 16 18 33 34 
 2  8 16 18 33 34 
 1  9 16 18 33 34 
 4  5 17 18 33 34 
 3  6 17 18 33 34 
 2  7 17 18 33 34 
 1  8 17 18 33 34 
 7  8 10 19 33 34 
 6  9 10 19 33 34 
 6  8 11 19 33 34 
 5  9 11 19 33 34 
 4 10 11 19 33 34 
 6  7 12 19 33 34 
 5  8 12 19 33 34 
 4  9 12 19 33 34 
 3 10 12 19 33 34 
 2 11 12 19 33 34 
 5  7 13 19 33 34 
 4  8 13 19 33 34 
 3  9 13 19 33 34 
 2 10 13 19 33 34 
 1 11 13 19 33 34 
 5  6 14 19 33 34 
 4  7 14 19 33 34 
 3  8 14 19 33 34 
 2  9 14 19 33 34 
 1 10 14 19 33 34 
 4  6 15 19 33 34 
 3  7 15 19 33 34 
 2  8 15 19 33 34 
 1  9 15 19 33 34 
 4  5 16 19 33 34 
 3  6 16 19 33 34 
 2  7 16 19 33 34 
 1  8 16 19 33 34 
 3  5 17 19 33 34 
 2  6 17 19 33 34 
 1  7 17 19 33 34 
 3  4 18 19 33 34 
 2  5 18 19 33 34 
 1  6 18 19 33 34 
 7  8  9 20 33 34 
 6  8 10 20 33 34 
 5  9 10 20 33 34 
 6  7 11 20 33 34 
 5  8 11 20 33 34 
 4  9 11 20 33 34 
 3 10 11 20 33 34 
 5  7 12 20 33 34 
 4  8 12 20 33 34 
 3  9 12 20 33 34 
 2 10 12 20 33 34 
 1 11 12 20 33 34 
 5  6 13 20 33 34 
 4  7 13 20 33 34 
 3  8 13 20 33 34 
 2  9 13 20 33 34 
 1 10 13 20 33 34 
 4  6 14 20 33 34 
 3  7 14 20 33 34 
 2  8 14 20 33 34 
 1  9 14 20 33 34 
 4  5 15 20 33 34 
 3  6 15 20 33 34 
 2  7 15 20 33 34 
 1  8 15 20 33 34 
 3  5 16 20 33 34 
 2  6 16 20 33 34 
 1  7 16 20 33 34 
 3  4 17 20 33 34 
 2  5 17 20 33 34 
 1  6 17 20 33 34 
 2  4 18 20 33 34 
 1  5 18 20 33 34 
 2  3 19 20 33 34 
 1  4 19 20 33 34 
 6  8  9 21 33 34 
 6  7 10 21 33 34 
 5  8 10 21 33 34 
 4  9 10 21 33 34 
 5  7 11 21 33 34 
 4  8 11 21 33 34 
 3  9 11 21 33 34 
 2 10 11 21 33 34 
 5  6 12 21 33 34 
 4  7 12 21 33 34 
 3  8 12 21 33 34 
 2  9 12 21 33 34 
 1 10 12 21 33 34 
 4  6 13 21 33 34 
 3  7 13 21 33 34 
 2  8 13 21 33 34 
 1  9 13 21 33 34 
 4  5 14 21 33 34 
 3  6 14 21 33 34 
 2  7 14 21 33 34 
 1  8 14 21 33 34 
 3  5 15 21 33 34 
 2  6 15 21 33 34 
 1  7 15 21 33 34 
 3  4 16 21 33 34 
 2  5 16 21 33 34 
 1  6 16 21 33 34 
 2  4 17 21 33 34 
 1  5 17 21 33 34 
 2  3 18 21 33 34 
 1  4 18 21 33 34 
 1  3 19 21 33 34 
 1  2 20 21 33 34 
 6  7  9 22 33 34 
 5  8  9 22 33 34 
 5  7 10 22 33 34 
 4  8 10 22 33 34 
 3  9 10 22 33 34 
 5  6 11 22 33 34 
 4  7 11 22 33 34 
 3  8 11 22 33 34 
 2  9 11 22 33 34 
 1 10 11 22 33 34 
 4  6 12 22 33 34 
 3  7 12 22 33 34 
 2  8 12 22 33 34 
 1  9 12 22 33 34 
 4  5 13 22 33 34 
 3  6 13 22 33 34 
 2  7 13 22 33 34 
 1  8 13 22 33 34 
 3  5 14 22 33 34 
 2  6 14 22 33 34 
 1  7 14 22 33 34 
 3  4 15 22 33 34 
 2  5 15 22 33 34 
 1  6 15 22 33 34 
 2  4 16 22 33 34 
 1  5 16 22 33 34 
 2  3 17 22 33 34 
 1  4 17 22 33 34 
 1  3 18 22 33 34 
 1  2 19 22 33 34 
 6  7  8 23 33 34 
 5  7  9 23 33 34 
 4  8  9 23 33 34 
 5  6 10 23 33 34 
 4  7 10 23 33 34 
 3  8 10 23 33 34 
 2  9 10 23 33 34 
 4  6 11 23 33 34 
 3  7 11 23 33 34 
 2  8 11 23 33 34 
 1  9 11 23 33 34 
 4  5 12 23 33 34 
 3  6 12 23 33 34 
 2  7 12 23 33 34 
 1  8 12 23 33 34 
 3  5 13 23 33 34 
 2  6 13 23 33 34 
 1  7 13 23 33 34 
 3  4 14 23 33 34 
 2  5 14 23 33 34 
 1  6 14 23 33 34 
 2  4 15 23 33 34 
 1  5 15 23 33 34 
 2  3 16 23 33 34 
 1  4 16 23 33 34 
 1  3 17 23 33 34 
 1  2 18 23 33 34 
 5  7  8 24 33 34 
 5  6  9 24 33 34 
 4  7  9 24 33 34 
 3  8  9 24 33 34 
 4  6 10 24 33 34 
 3  7 10 24 33 34 
 2  8 10 24 33 34 
 1  9 10 24 33 34 
 4  5 11 24 33 34 
 3  6 11 24 33 34 
 2  7 11 24 33 34 
 1  8 11 24 33 34 
 3  5 12 24 33 34 
 2  6 12 24 33 34 
 1  7 12 24 33 34 
 3  4 13 24 33 34 
 2  5 13 24 33 34 
 1  6 13 24 33 34 
 2  4 14 24 33 34 
 1  5 14 24 33 34 
 2  3 15 24 33 34 
 1  4 15 24 33 34 
 1  3 16 24 33 34 
 1  2 17 24 33 34 
 5  6  8 25 33 34 
 4  7  8 25 33 34 
 4  6  9 25 33 34 
 3  7  9 25 33 34 
 2  8  9 25 33 34 
 4  5 10 25 33 34 
 3  6 10 25 33 34 
 2  7 10 25 33 34 
 1  8 10 25 33 34 
 3  5 11 25 33 34 
 2  6 11 25 33 34 
 1  7 11 25 33 34 
 3  4 12 25 33 34 
 2  5 12 25 33 34 
 1  6 12 25 33 34 
 2  4 13 25 33 34 
 1  5 13 25 33 34 
 2  3 14 25 33 34 
 1  4 14 25 33 34 
 1  3 15 25 33 34 
 1  2 16 25 33 34 
 5  6  7 26 33 34 
 4  6  8 26 33 34 
 3  7  8 26 33 34 
 4  5  9 26 33 34 
 3  6  9 26 33 34 
 2  7  9 26 33 34 
 1  8  9 26 33 34 
 3  5 10 26 33 34 
 2  6 10 26 33 34 
 1  7 10 26 33 34 
 3  4 11 26 33 34 
 2  5 11 26 33 34 
 1  6 11 26 33 34 
 2  4 12 26 33 34 
 1  5 12 26 33 34 
 2  3 13 26 33 34 
 1  4 13 26 33 34 
 1  3 14 26 33 34 
 1  2 15 26 33 34 
 4  6  7 27 33 34 
 4  5  8 27 33 34 
 3  6  8 27 33 34 
 2  7  8 27 33 34 
 3  5  9 27 33 34 
 2  6  9 27 33 34 
 1  7  9 27 33 34 
 3  4 10 27 33 34 
 2  5 10 27 33 34 
 1  6 10 27 33 34 
 2  4 11 27 33 34 
 1  5 11 27 33 34 
 2  3 12 27 33 34 
 1  4 12 27 33 34 
 1  3 13 27 33 34 
 1  2 14 27 33 34 
 4  5  7 28 33 34 
 3  6  7 28 33 34 
 3  5  8 28 33 34 
 2  6  8 28 33 34 
 1  7  8 28 33 34 
 3  4  9 28 33 34 
 2  5  9 28 33 34 
 1  6  9 28 33 34 
 2  4 10 28 33 34 
 1  5 10 28 33 34 
 2  3 11 28 33 34 
 1  4 11 28 33 34 
 1  3 12 28 33 34 
 1  2 13 28 33 34 
 4  5  6 29 33 34 
 3  5  7 29 33 34 
 2  6  7 29 33 34 
 3  4  8 29 33 34 
 2  5  8 29 33 34 
 1  6  8 29 33 34 
 2  4  9 29 33 34 
 1  5  9 29 33 34 
 2  3 10 29 33 34 
 1  4 10 29 33 34 
 1  3 11 29 33 34 
 1  2 12 29 33 34 
 3  5  6 30 33 34 
 3  4  7 30 33 34 
 2  5  7 30 33 34 
 1  6  7 30 33 34 
 2  4  8 30 33 34 
 1  5  8 30 33 34 
 2  3  9 30 33 34 
 1  4  9 30 33 34 
 1  3 10 30 33 34 
 1  2 11 30 33 34 
 3  4  6 31 33 34 
 2  5  6 31 33 34 
 2  4  7 31 33 34 
 1  5  7 31 33 34 
 2  3  8 31 33 34 
 1  4  8 31 33 34 
 1  3  9 31 33 34 
 1  2 10 31 33 34 
 3  4  5 32 33 34 
 2  4  6 32 33 34 
 1  5  6 32 33 34 
 2  3  7 32 33 34 
 1  4  7 32 33 34 
 1  3  8 32 33 34 
 1  2  9 32 33 34 
13 14 15 16 18 35 
12 14 15 17 18 35 
12 13 16 17 18 35 
11 14 16 17 18 35 
10 15 16 17 18 35 
12 14 15 16 19 35 
12 13 15 17 19 35 
11 14 15 17 19 35 
11 13 16 17 19 35 
10 14 16 17 19 35 
 9 15 16 17 19 35 
12 13 14 18 19 35 
11 13 15 18 19 35 
10 14 15 18 19 35 
11 12 16 18 19 35 
10 13 16 18 19 35 
 9 14 16 18 19 35 
 8 15 16 18 19 35 
10 12 17 18 19 35 
 9 13 17 18 19 35 
 8 14 17 18 19 35 
 7 15 17 18 19 35 
 6 16 17 18 19 35 
12 13 15 16 20 35 
11 14 15 16 20 35 
12 13 14 17 20 35 
11 13 15 17 20 35 
10 14 15 17 20 35 
11 12 16 17 20 35 
10 13 16 17 20 35 
 9 14 16 17 20 35 
 8 15 16 17 20 35 
11 13 14 18 20 35 
11 12 15 18 20 35 
10 13 15 18 20 35 
 9 14 15 18 20 35 
10 12 16 18 20 35 
 9 13 16 18 20 35 
 8 14 16 18 20 35 
 7 15 16 18 20 35 
10 11 17 18 20 35 
 9 12 17 18 20 35 
 8 13 17 18 20 35 
 7 14 17 18 20 35 
 6 15 17 18 20 35 
 5 16 17 18 20 35 
11 12 14 19 20 35 
10 13 14 19 20 35 
10 12 15 19 20 35 
 9 13 15 19 20 35 
 8 14 15 19 20 35 
10 11 16 19 20 35 
 9 12 16 19 20 35 
 8 13 16 19 20 35 
 7 14 16 19 20 35 
 6 15 16 19 20 35 
 9 11 17 19 20 35 
 8 12 17 19 20 35 
 7 13 17 19 20 35 
 6 14 17 19 20 35 
 5 15 17 19 20 35 
 4 16 17 19 20 35 
 9 10 18 19 20 35 
 8 11 18 19 20 35 
 7 12 18 19 20 35 
 6 13 18 19 20 35 
 5 14 18 19 20 35 
 4 15 18 19 20 35 
 3 16 18 19 20 35 
 2 17 18 19 20 35 
12 13 14 16 21 35 
11 13 15 16 21 35 
10 14 15 16 21 35 
11 13 14 17 21 35 
11 12 15 17 21 35 
10 13 15 17 21 35 
 9 14 15 17 21 35 
10 12 16 17 21 35 
 9 13 16 17 21 35 
 8 14 16 17 21 35 
 7 15 16 17 21 35 
11 12 14 18 21 35 
10 13 14 18 21 35 
10 12 15 18 21 35 
 9 13 15 18 21 35 
 8 14 15 18 21 35 
10 11 16 18 21 35 
 9 12 16 18 21 35 
 8 13 16 18 21 35 
 7 14 16 18 21 35 
 6 15 16 18 21 35 
 9 11 17 18 21 35 
 8 12 17 18 21 35 
 7 13 17 18 21 35 
 6 14 17 18 21 35 
 5 15 17 18 21 35 
 4 16 17 18 21 35 
11 12 13 19 21 35 
10 12 14 19 21 35 
 9 13 14 19 21 35 
10 11 15 19 21 35 
 9 12 15 19 21 35 
 8 13 15 19 21 35 
 7 14 15 19 21 35 
 9 11 16 19 21 35 
 8 12 16 19 21 35 
 7 13 16 19 21 35 
 6 14 16 19 21 35 
 5 15 16 19 21 35 
 9 10 17 19 21 35 
 8 11 17 19 21 35 
 7 12 17 19 21 35 
 6 13 17 19 21 35 
 5 14 17 19 21 35 
 4 15 17 19 21 35 
 3 16 17 19 21 35 
 8 10 18 19 21 35 
 7 11 18 19 21 35 
 6 12 18 19 21 35 
 5 13 18 19 21 35 
 4 14 18 19 21 35 
 3 15 18 19 21 35 
 2 16 18 19 21 35 
 1 17 18 19 21 35 
10 12 13 20 21 35 
10 11 14 20 21 35 
 9 12 14 20 21 35 
 8 13 14 20 21 35 
 9 11 15 20 21 35 
 8 12 15 20 21 35 
 7 13 15 20 21 35 
 6 14 15 20 21 35 
 9 10 16 20 21 35 
 8 11 16 20 21 35 
 7 12 16 20 21 35 
 6 13 16 20 21 35 
 5 14 16 20 21 35 
 4 15 16 20 21 35 
 8 10 17 20 21 35 
 7 11 17 20 21 35 
 6 12 17 20 21 35 
 5 13 17 20 21 35 
 4 14 17 20 21 35 
 3 15 17 20 21 35 
 2 16 17 20 21 35 
 8  9 18 20 21 35 
 7 10 18 20 21 35 
 6 11 18 20 21 35 
 5 12 18 20 21 35 
 4 13 18 20 21 35 
 3 14 18 20 21 35 
 2 15 18 20 21 35 
 1 16 18 20 21 35 
 7  9 19 20 21 35 
 6 10 19 20 21 35 
 5 11 19 20 21 35 
 4 12 19 20 21 35 
 3 13 19 20 21 35 
 2 14 19 20 21 35 
 1 15 19 20 21 35 
12 13 14 15 22 35 
11 13 14 16 22 35 
11 12 15 16 22 35 
10 13 15 16 22 35 
 9 14 15 16 22 35 
11 12 14 17 22 35 
10 13 14 17 22 35 
10 12 15 17 22 35 
 9 13 15 17 22 35 
 8 14 15 17 22 35 
10 11 16 17 22 35 
 9 12 16 17 22 35 
 8 13 16 17 22 35 
 7 14 16 17 22 35 
 6 15 16 17 22 35 
11 12 13 18 22 35 
10 12 14 18 22 35 
 9 13 14 18 22 35 
10 11 15 18 22 35 
 9 12 15 18 22 35 
 8 13 15 18 22 35 
 7 14 15 18 22 35 
 9 11 16 18 22 35 
 8 12 16 18 22 35 
 7 13 16 18 22 35 
 6 14 16 18 22 35 
 5 15 16 18 22 35 
 9 10 17 18 22 35 
 8 11 17 18 22 35 
 7 12 17 18 22 35 
 6 13 17 18 22 35 
 5 14 17 18 22 35 
 4 15 17 18 22 35 
 3 16 17 18 22 35 
10 12 13 19 22 35 
10 11 14 19 22 35 
 9 12 14 19 22 35 
 8 13 14 19 22 35 
 9 11 15 19 22 35 
 8 12 15 19 22 35 
 7 13 15 19 22 35 
 6 14 15 19 22 35 
 9 10 16 19 22 35 
 8 11 16 19 22 35 
 7 12 16 19 22 35 
 6 13 16 19 22 35 
 5 14 16 19 22 35 
 4 15 16 19 22 35 
 8 10 17 19 22 35 
 7 11 17 19 22 35 
 6 12 17 19 22 35 
 5 13 17 19 22 35 
 4 14 17 19 22 35 
 3 15 17 19 22 35 
 2 16 17 19 22 35 
 8  9 18 19 22 35 
 7 10 18 19 22 35 
 6 11 18 19 22 35 
 5 12 18 19 22 35 
 4 13 18 19 22 35 
 3 14 18 19 22 35 
 2 15 18 19 22 35 
 1 16 18 19 22 35 
10 11 13 20 22 35 
 9 12 13 20 22 35 
 9 11 14 20 22 35 
 8 12 14 20 22 35 
 7 13 14 20 22 35 
 9 10 15 20 22 35 
 8 11 15 20 22 35 
 7 12 15 20 22 35 
 6 13 15 20 22 35 
 5 14 15 20 22 35 
 8 10 16 20 22 35 
 7 11 16 20 22 35 
 6 12 16 20 22 35 
 5 13 16 20 22 35 
 4 14 16 20 22 35 
 3 15 16 20 22 35 
 8  9 17 20 22 35 
 7 10 17 20 22 35 
 6 11 17 20 22 35 
 5 12 17 20 22 35 
 4 13 17 20 22 35 
 3 14 17 20 22 35 
 2 15 17 20 22 35 
 1 16 17 20 22 35 
 7  9 18 20 22 35 
 6 10 18 20 22 35 
 5 11 18 20 22 35 
 4 12 18 20 22 35 
 3 13 18 20 22 35 
 2 14 18 20 22 35 
 1 15 18 20 22 35 
 7  8 19 20 22 35 
 6  9 19 20 22 35 
 5 10 19 20 22 35 
 4 11 19 20 22 35 
 3 12 19 20 22 35 
 2 13 19 20 22 35 
 1 14 19 20 22 35 
10 11 12 21 22 35 
 9 11 13 21 22 35 
 8 12 13 21 22 35 
 9 10 14 21 22 35 
 8 11 14 21 22 35 
 7 12 14 21 22 35 
 6 13 14 21 22 35 
 8 10 15 21 22 35 
 7 11 15 21 22 35 
 6 12 15 21 22 35 
 5 13 15 21 22 35 
 4 14 15 21 22 35 
 8  9 16 21 22 35 
 7 10 16 21 22 35 
 6 11 16 21 22 35 
 5 12 16 21 22 35 
 4 13 16 21 22 35 
 3 14 16 21 22 35 
 2 15 16 21 22 35 
 7  9 17 21 22 35 
 6 10 17 21 22 35 
 5 11 17 21 22 35 
 4 12 17 21 22 35 
 3 13 17 21 22 35 
 2 14 17 21 22 35 
 1 15 17 21 22 35 
 7  8 18 21 22 35 
 6  9 18 21 22 35 
 5 10 18 21 22 35 
 4 11 18 21 22 35 
 3 12 18 21 22 35 
 2 13 18 21 22 35 
 1 14 18 21 22 35 
 6  8 19 21 22 35 
 5  9 19 21 22 35 
 4 10 19 21 22 35 
 3 11 19 21 22 35 
 2 12 19 21 22 35 
 1 13 19 21 22 35 
 6  7 20 21 22 35 
 5  8 20 21 22 35 
 4  9 20 21 22 35 
 3 10 20 21 22 35 
 2 11 20 21 22 35 
 1 12 20 21 22 35 
11 13 14 15 23 35 
11 12 14 16 23 35 
10 13 14 16 23 35 
10 12 15 16 23 35 
 9 13 15 16 23 35 
 8 14 15 16 23 35 
11 12 13 17 23 35 
10 12 14 17 23 35 
 9 13 14 17 23 35 
10 11 15 17 23 35 
 9 12 15 17 23 35 
 8 13 15 17 23 35 
 7 14 15 17 23 35 
 9 11 16 17 23 35 
 8 12 16 17 23 35 
 7 13 16 17 23 35 
 6 14 16 17 23 35 
 5 15 16 17 23 35 
10 12 13 18 23 35 
10 11 14 18 23 35 
 9 12 14 18 23 35 
 8 13 14 18 23 35 
 9 11 15 18 23 35 
 8 12 15 18 23 35 
 7 13 15 18 23 35 
 6 14 15 18 23 35 
 9 10 16 18 23 35 
 8 11 16 18 23 35 
 7 12 16 18 23 35 
 6 13 16 18 23 35 
 5 14 16 18 23 35 
 4 15 16 18 23 35 
 8 10 17 18 23 35 
 7 11 17 18 23 35 
 6 12 17 18 23 35 
 5 13 17 18 23 35 
 4 14 17 18 23 35 
 3 15 17 18 23 35 
 2 16 17 18 23 35 
10 11 13 19 23 35 
 9 12 13 19 23 35 
 9 11 14 19 23 35 
 8 12 14 19 23 35 
 7 13 14 19 23 35 
 9 10 15 19 23 35 
 8 11 15 19 23 35 
 7 12 15 19 23 35 
 6 13 15 19 23 35 
 5 14 15 19 23 35 
 8 10 16 19 23 35 
 7 11 16 19 23 35 
 6 12 16 19 23 35 
 5 13 16 19 23 35 
 4 14 16 19 23 35 
 3 15 16 19 23 35 
 8  9 17 19 23 35 
 7 10 17 19 23 35 
 6 11 17 19 23 35 
 5 12 17 19 23 35 
 4 13 17 19 23 35 
 3 14 17 19 23 35 
 2 15 17 19 23 35 
 1 16 17 19 23 35 
 7  9 18 19 23 35 
 6 10 18 19 23 35 
 5 11 18 19 23 35 
 4 12 18 19 23 35 
 3 13 18 19 23 35 
 2 14 18 19 23 35 
 1 15 18 19 23 35 
10 11 12 20 23 35 
 9 11 13 20 23 35 
 8 12 13 20 23 35 
 9 10 14 20 23 35 
 8 11 14 20 23 35 
 7 12 14 20 23 35 
 6 13 14 20 23 35 
 8 10 15 20 23 35 
 7 11 15 20 23 35 
 6 12 15 20 23 35 
 5 13 15 20 23 35 
 4 14 15 20 23 35 
 8  9 16 20 23 35 
 7 10 16 20 23 35 
 6 11 16 20 23 35 
 5 12 16 20 23 35 
 4 13 16 20 23 35 
 3 14 16 20 23 35 
 2 15 16 20 23 35 
 7  9 17 20 23 35 
 6 10 17 20 23 35 
 5 11 17 20 23 35 
 4 12 17 20 23 35 
 3 13 17 20 23 35 
 2 14 17 20 23 35 
 1 15 17 20 23 35 
 7  8 18 20 23 35 
 6  9 18 20 23 35 
 5 10 18 20 23 35 
 4 11 18 20 23 35 
 3 12 18 20 23 35 
 2 13 18 20 23 35 
 1 14 18 20 23 35 
 6  8 19 20 23 35 
 5  9 19 20 23 35 
 4 10 19 20 23 35 
 3 11 19 20 23 35 
 2 12 19 20 23 35 
 1 13 19 20 23 35 
 9 11 12 21 23 35 
 9 10 13 21 23 35 
 8 11 13 21 23 35 
 7 12 13 21 23 35 
 8 10 14 21 23 35 
 7 11 14 21 23 35 
 6 12 14 21 23 35 
 5 13 14 21 23 35 
 8  9 15 21 23 35 
 7 10 15 21 23 35 
 6 11 15 21 23 35 
 5 12 15 21 23 35 
 4 13 15 21 23 35 
 3 14 15 21 23 35 
 7  9 16 21 23 35 
 6 10 16 21 23 35 
 5 11 16 21 23 35 
 4 12 16 21 23 35 
 3 13 16 21 23 35 
 2 14 16 21 23 35 
 1 15 16 21 23 35 
 7  8 17 21 23 35 
 6  9 17 21 23 35 
 5 10 17 21 23 35 
 4 11 17 21 23 35 
 3 12 17 21 23 35 
 2 13 17 21 23 35 
 1 14 17 21 23 35 
 6  8 18 21 23 35 
 5  9 18 21 23 35 
 4 10 18 21 23 35 
 3 11 18 21 23 35 
 2 12 18 21 23 35 
 1 13 18 21 23 35 
 6  7 19 21 23 35 
 5  8 19 21 23 35 
 4  9 19 21 23 35 
 3 10 19 21 23 35 
 2 11 19 21 23 35 
 1 12 19 21 23 35 
 5  7 20 21 23 35 
 4  8 20 21 23 35 
 3  9 20 21 23 35 
 2 10 20 21 23 35 
 1 11 20 21 23 35 
 9 10 12 22 23 35 
 8 11 12 22 23 35 
 8 10 13 22 23 35 
 7 11 13 22 23 35 
 6 12 13 22 23 35 
 8  9 14 22 23 35 
 7 10 14 22 23 35 
 6 11 14 22 23 35 
 5 12 14 22 23 35 
 4 13 14 22 23 35 
 7  9 15 22 23 35 
 6 10 15 22 23 35 
 5 11 15 22 23 35 
 4 12 15 22 23 35 
 3 13 15 22 23 35 
 2 14 15 22 23 35 
 7  8 16 22 23 35 
 6  9 16 22 23 35 
 5 10 16 22 23 35 
 4 11 16 22 23 35 
 3 12 16 22 23 35 
 2 13 16 22 23 35 
 1 14 16 22 23 35 
 6  8 17 22 23 35 
 5  9 17 22 23 35 
 4 10 17 22 23 35 
 3 11 17 22 23 35 
 2 12 17 22 23 35 
 1 13 17 22 23 35 
 6  7 18 22 23 35 
 5  8 18 22 23 35 
 4  9 18 22 23 35 
 3 10 18 22 23 35 
 2 11 18 22 23 35 
 1 12 18 22 23 35 
 5  7 19 22 23 35 
 4  8 19 22 23 35 
 3  9 19 22 23 35 
 2 10 19 22 23 35 
 1 11 19 22 23 35 
 5  6 20 22 23 35 
 4  7 20 22 23 35 
 3  8 20 22 23 35 
 2  9 20 22 23 35 
 1 10 20 22 23 35 
 4  6 21 22 23 35 
 3  7 21 22 23 35 
 2  8 21 22 23 35 
 1  9 21 22 23 35 
11 12 14 15 24 35 
10 13 14 15 24 35 
11 12 13 16 24 35 
10 12 14 16 24 35 
 9 13 14 16 24 35 
10 11 15 16 24 35 
 9 12 15 16 24 35 
 8 13 15 16 24 35 
 7 14 15 16 24 35 
10 12 13 17 24 35 
10 11 14 17 24 35 
 9 12 14 17 24 35 
 8 13 14 17 24 35 
 9 11 15 17 24 35 
 8 12 15 17 24 35 
 7 13 15 17 24 35 
 6 14 15 17 24 35 
 9 10 16 17 24 35 
 8 11 16 17 24 35 
 7 12 16 17 24 35 
 6 13 16 17 24 35 
 5 14 16 17 24 35 
 4 15 16 17 24 35 
10 11 13 18 24 35 
 9 12 13 18 24 35 
 9 11 14 18 24 35 
 8 12 14 18 24 35 
 7 13 14 18 24 35 
 9 10 15 18 24 35 
 8 11 15 18 24 35 
 7 12 15 18 24 35 
 6 13 15 18 24 35 
 5 14 15 18 24 35 
 8 10 16 18 24 35 
 7 11 16 18 24 35 
 6 12 16 18 24 35 
 5 13 16 18 24 35 
 4 14 16 18 24 35 
 3 15 16 18 24 35 
 8  9 17 18 24 35 
 7 10 17 18 24 35 
 6 11 17 18 24 35 
 5 12 17 18 24 35 
 4 13 17 18 24 35 
 3 14 17 18 24 35 
 2 15 17 18 24 35 
 1 16 17 18 24 35 
10 11 12 19 24 35 
 9 11 13 19 24 35 
 8 12 13 19 24 35 
 9 10 14 19 24 35 
 8 11 14 19 24 35 
 7 12 14 19 24 35 
 6 13 14 19 24 35 
 8 10 15 19 24 35 
 7 11 15 19 24 35 
 6 12 15 19 24 35 
 5 13 15 19 24 35 
 4 14 15 19 24 35 
 8  9 16 19 24 35 
 7 10 16 19 24 35 
 6 11 16 19 24 35 
 5 12 16 19 24 35 
 4 13 16 19 24 35 
 3 14 16 19 24 35 
 2 15 16 19 24 35 
 7  9 17 19 24 35 
 6 10 17 19 24 35 
 5 11 17 19 24 35 
 4 12 17 19 24 35 
 3 13 17 19 24 35 
 2 14 17 19 24 35 
 1 15 17 19 24 35 
 7  8 18 19 24 35 
 6  9 18 19 24 35 
 5 10 18 19 24 35 
 4 11 18 19 24 35 
 3 12 18 19 24 35 
 2 13 18 19 24 35 
 1 14 18 19 24 35 
 9 11 12 20 24 35 
 9 10 13 20 24 35 
 8 11 13 20 24 35 
 7 12 13 20 24 35 
 8 10 14 20 24 35 
 7 11 14 20 24 35 
 6 12 14 20 24 35 
 5 13 14 20 24 35 
 8  9 15 20 24 35 
 7 10 15 20 24 35 
 6 11 15 20 24 35 
 5 12 15 20 24 35 
 4 13 15 20 24 35 
 3 14 15 20 24 35 
 7  9 16 20 24 35 
 6 10 16 20 24 35 
 5 11 16 20 24 35 
 4 12 16 20 24 35 
 3 13 16 20 24 35 
 2 14 16 20 24 35 
 1 15 16 20 24 35 
 7  8 17 20 24 35 
 6  9 17 20 24 35 
 5 10 17 20 24 35 
 4 11 17 20 24 35 
 3 12 17 20 24 35 
 2 13 17 20 24 35 
 1 14 17 20 24 35 
 6  8 18 20 24 35 
 5  9 18 20 24 35 
 4 10 18 20 24 35 
 3 11 18 20 24 35 
 2 12 18 20 24 35 
 1 13 18 20 24 35 
 6  7 19 20 24 35 
 5  8 19 20 24 35 
 4  9 19 20 24 35 
 3 10 19 20 24 35 
 2 11 19 20 24 35 
 1 12 19 20 24 35 
 9 10 12 21 24 35 
 8 11 12 21 24 35 
 8 10 13 21 24 35 
 7 11 13 21 24 35 
 6 12 13 21 24 35 
 8  9 14 21 24 35 
 7 10 14 21 24 35 
 6 11 14 21 24 35 
 5 12 14 21 24 35 
 4 13 14 21 24 35 
 7  9 15 21 24 35 
 6 10 15 21 24 35 
 5 11 15 21 24 35 
 4 12 15 21 24 35 
 3 13 15 21 24 35 
 2 14 15 21 24 35 
 7  8 16 21 24 35 
 6  9 16 21 24 35 
 5 10 16 21 24 35 
 4 11 16 21 24 35 
 3 12 16 21 24 35 
 2 13 16 21 24 35 
 1 14 16 21 24 35 
 6  8 17 21 24 35 
 5  9 17 21 24 35 
 4 10 17 21 24 35 
 3 11 17 21 24 35 
 2 12 17 21 24 35 
 1 13 17 21 24 35 
 6  7 18 21 24 35 
 5  8 18 21 24 35 
 4  9 18 21 24 35 
 3 10 18 21 24 35 
 2 11 18 21 24 35 
 1 12 18 21 24 35 
 5  7 19 21 24 35 
 4  8 19 21 24 35 
 3  9 19 21 24 35 
 2 10 19 21 24 35 
 1 11 19 21 24 35 
 5  6 20 21 24 35 
 4  7 20 21 24 35 
 3  8 20 21 24 35 
 2  9 20 21 24 35 
 1 10 20 21 24 35 
 9 10 11 22 24 35 
 8 10 12 22 24 35 
 7 11 12 22 24 35 
 8  9 13 22 24 35 
 7 10 13 22 24 35 
 6 11 13 22 24 35 
 5 12 13 22 24 35 
 7  9 14 22 24 35 
 6 10 14 22 24 35 
 5 11 14 22 24 35 
 4 12 14 22 24 35 
 3 13 14 22 24 35 
 7  8 15 22 24 35 
 6  9 15 22 24 35 
 5 10 15 22 24 35 
 4 11 15 22 24 35 
 3 12 15 22 24 35 
 2 13 15 22 24 35 
 1 14 15 22 24 35 
 6  8 16 22 24 35 
 5  9 16 22 24 35 
 4 10 16 22 24 35 
 3 11 16 22 24 35 
 2 12 16 22 24 35 
 1 13 16 22 24 35 
 6  7 17 22 24 35 
 5  8 17 22 24 35 
 4  9 17 22 24 35 
 3 10 17 22 24 35 
 2 11 17 22 24 35 
 1 12 17 22 24 35 
 5  7 18 22 24 35 
 4  8 18 22 24 35 
 3  9 18 22 24 35 
 2 10 18 22 24 35 
 1 11 18 22 24 35 
 5  6 19 22 24 35 
 4  7 19 22 24 35 
 3  8 19 22 24 35 
 2  9 19 22 24 35 
 1 10 19 22 24 35 
 4  6 20 22 24 35 
 3  7 20 22 24 35 
 2  8 20 22 24 35 
 1  9 20 22 24 35 
 4  5 21 22 24 35 
 3  6 21 22 24 35 
 2  7 21 22 24 35 
 1  8 21 22 24 35 
 8 10 11 23 24 35 
 8  9 12 23 24 35 
 7 10 12 23 24 35 
 6 11 12 23 24 35 
 7  9 13 23 24 35 
 6 10 13 23 24 35 
 5 11 13 23 24 35 
 4 12 13 23 24 35 
 7  8 14 23 24 35 
 6  9 14 23 24 35 
 5 10 14 23 24 35 
 4 11 14 23 24 35 
 3 12 14 23 24 35 
 2 13 14 23 24 35 
 6  8 15 23 24 35 
 5  9 15 23 24 35 
 4 10 15 23 24 35 
 3 11 15 23 24 35 
 2 12 15 23 24 35 
 1 13 15 23 24 35 
 6  7 16 23 24 35 
 5  8 16 23 24 35 
 4  9 16 23 24 35 
 3 10 16 23 24 35 
 2 11 16 23 24 35 
 1 12 16 23 24 35 
 5  7 17 23 24 35 
 4  8 17 23 24 35 
 3  9 17 23 24 35 
 2 10 17 23 24 35 
 1 11 17 23 24 35 
 5  6 18 23 24 35 
 4  7 18 23 24 35 
 3  8 18 23 24 35 
 2  9 18 23 24 35 
 1 10 18 23 24 35 
 4  6 19 23 24 35 
 3  7 19 23 24 35 
 2  8 19 23 24 35 
 1  9 19 23 24 35 
 4  5 20 23 24 35 
 3  6 20 23 24 35 
 2  7 20 23 24 35 
 1  8 20 23 24 35 
 3  5 21 23 24 35 
 2  6 21 23 24 35 
 1  7 21 23 24 35 
 3  4 22 23 24 35 
 2  5 22 23 24 35 
 1  6 22 23 24 35 
11 12 13 15 25 35 
10 12 14 15 25 35 
 9 13 14 15 25 35 
10 12 13 16 25 35 
10 11 14 16 25 35 
 9 12 14 16 25 35 
 8 13 14 16 25 35 
 9 11 15 16 25 35 
 8 12 15 16 25 35 
 7 13 15 16 25 35 
 6 14 15 16 25 35 
10 11 13 17 25 35 
 9 12 13 17 25 35 
 9 11 14 17 25 35 
 8 12 14 17 25 35 
 7 13 14 17 25 35 
 9 10 15 17 25 35 
 8 11 15 17 25 35 
 7 12 15 17 25 35 
 6 13 15 17 25 35 
 5 14 15 17 25 35 
 8 10 16 17 25 35 
 7 11 16 17 25 35 
 6 12 16 17 25 35 
 5 13 16 17 25 35 
 4 14 16 17 25 35 
 3 15 16 17 25 35 
10 11 12 18 25 35 
 9 11 13 18 25 35 
 8 12 13 18 25 35 
 9 10 14 18 25 35 
 8 11 14 18 25 35 
 7 12 14 18 25 35 
 6 13 14 18 25 35 
 8 10 15 18 25 35 
 7 11 15 18 25 35 
 6 12 15 18 25 35 
 5 13 15 18 25 35 
 4 14 15 18 25 35 
 8  9 16 18 25 35 
 7 10 16 18 25 35 
 6 11 16 18 25 35 
 5 12 16 18 25 35 
 4 13 16 18 25 35 
 3 14 16 18 25 35 
 2 15 16 18 25 35 
 7  9 17 18 25 35 
 6 10 17 18 25 35 
 5 11 17 18 25 35 
 4 12 17 18 25 35 
 3 13 17 18 25 35 
 2 14 17 18 25 35 
 1 15 17 18 25 35 
 9 11 12 19 25 35 
 9 10 13 19 25 35 
 8 11 13 19 25 35 
 7 12 13 19 25 35 
 8 10 14 19 25 35 
 7 11 14 19 25 35 
 6 12 14 19 25 35 
 5 13 14 19 25 35 
 8  9 15 19 25 35 
 7 10 15 19 25 35 
 6 11 15 19 25 35 
 5 12 15 19 25 35 
 4 13 15 19 25 35 
 3 14 15 19 25 35 
 7  9 16 19 25 35 
 6 10 16 19 25 35 
 5 11 16 19 25 35 
 4 12 16 19 25 35 
 3 13 16 19 25 35 
 2 14 16 19 25 35 
 1 15 16 19 25 35 
 7  8 17 19 25 35 
 6  9 17 19 25 35 
 5 10 17 19 25 35 
 4 11 17 19 25 35 
 3 12 17 19 25 35 
 2 13 17 19 25 35 
 1 14 17 19 25 35 
 6  8 18 19 25 35 
 5  9 18 19 25 35 
 4 10 18 19 25 35 
 3 11 18 19 25 35 
 2 12 18 19 25 35 
 1 13 18 19 25 35 
 9 10 12 20 25 35 
 8 11 12 20 25 35 
 8 10 13 20 25 35 
 7 11 13 20 25 35 
 6 12 13 20 25 35 
 8  9 14 20 25 35 
 7 10 14 20 25 35 
 6 11 14 20 25 35 
 5 12 14 20 25 35 
 4 13 14 20 25 35 
 7  9 15 20 25 35 
 6 10 15 20 25 35 
 5 11 15 20 25 35 
 4 12 15 20 25 35 
 3 13 15 20 25 35 
 2 14 15 20 25 35 
 7  8 16 20 25 35 
 6  9 16 20 25 35 
 5 10 16 20 25 35 
 4 11 16 20 25 35 
 3 12 16 20 25 35 
 2 13 16 20 25 35 
 1 14 16 20 25 35 
 6  8 17 20 25 35 
 5  9 17 20 25 35 
 4 10 17 20 25 35 
 3 11 17 20 25 35 
 2 12 17 20 25 35 
 1 13 17 20 25 35 
 6  7 18 20 25 35 
 5  8 18 20 25 35 
 4  9 18 20 25 35 
 3 10 18 20 25 35 
 2 11 18 20 25 35 
 1 12 18 20 25 35 
 5  7 19 20 25 35 
 4  8 19 20 25 35 
 3  9 19 20 25 35 
 2 10 19 20 25 35 
 1 11 19 20 25 35 
 9 10 11 21 25 35 
 8 10 12 21 25 35 
 7 11 12 21 25 35 
 8  9 13 21 25 35 
 7 10 13 21 25 35 
 6 11 13 21 25 35 
 5 12 13 21 25 35 
 7  9 14 21 25 35 
 6 10 14 21 25 35 
 5 11 14 21 25 35 
 4 12 14 21 25 35 
 3 13 14 21 25 35 
 7  8 15 21 25 35 
 6  9 15 21 25 35 
 5 10 15 21 25 35 
 4 11 15 21 25 35 
 3 12 15 21 25 35 
 2 13 15 21 25 35 
 1 14 15 21 25 35 
 6  8 16 21 25 35 
 5  9 16 21 25 35 
 4 10 16 21 25 35 
 3 11 16 21 25 35 
 2 12 16 21 25 35 
 1 13 16 21 25 35 
 6  7 17 21 25 35 
 5  8 17 21 25 35 
 4  9 17 21 25 35 
 3 10 17 21 25 35 
 2 11 17 21 25 35 
 1 12 17 21 25 35 
 5  7 18 21 25 35 
 4  8 18 21 25 35 
 3  9 18 21 25 35 
 2 10 18 21 25 35 
 1 11 18 21 25 35 
 5  6 19 21 25 35 
 4  7 19 21 25 35 
 3  8 19 21 25 35 
 2  9 19 21 25 35 
 1 10 19 21 25 35 
 4  6 20 21 25 35 
 3  7 20 21 25 35 
 2  8 20 21 25 35 
 1  9 20 21 25 35 
 8 10 11 22 25 35 
 8  9 12 22 25 35 
 7 10 12 22 25 35 
 6 11 12 22 25 35 
 7  9 13 22 25 35 
 6 10 13 22 25 35 
 5 11 13 22 25 35 
 4 12 13 22 25 35 
 7  8 14 22 25 35 
 6  9 14 22 25 35 
 5 10 14 22 25 35 
 4 11 14 22 25 35 
 3 12 14 22 25 35 
 2 13 14 22 25 35 
 6  8 15 22 25 35 
 5  9 15 22 25 35 
 4 10 15 22 25 35 
 3 11 15 22 25 35 
 2 12 15 22 25 35 
 1 13 15 22 25 35 
 6  7 16 22 25 35 
 5  8 16 22 25 35 
 4  9 16 22 25 35 
 3 10 16 22 25 35 
 2 11 16 22 25 35 
 1 12 16 22 25 35 
 5  7 17 22 25 35 
 4  8 17 22 25 35 
 3  9 17 22 25 35 
 2 10 17 22 25 35 
 1 11 17 22 25 35 
 5  6 18 22 25 35 
 4  7 18 22 25 35 
 3  8 18 22 25 35 
 2  9 18 22 25 35 
 1 10 18 22 25 35 
 4  6 19 22 25 35 
 3  7 19 22 25 35 
 2  8 19 22 25 35 
 1  9 19 22 25 35 
 4  5 20 22 25 35 
 3  6 20 22 25 35 
 2  7 20 22 25 35 
 1  8 20 22 25 35 
 3  5 21 22 25 35 
 2  6 21 22 25 35 
 1  7 21 22 25 35 
 8  9 11 23 25 35 
 7 10 11 23 25 35 
 7  9 12 23 25 35 
 6 10 12 23 25 35 
 5 11 12 23 25 35 
 7  8 13 23 25 35 
 6  9 13 23 25 35 
 5 10 13 23 25 35 
 4 11 13 23 25 35 
 3 12 13 23 25 35 
 6  8 14 23 25 35 
 5  9 14 23 25 35 
 4 10 14 23 25 35 
 3 11 14 23 25 35 
 2 12 14 23 25 35 
 1 13 14 23 25 35 
 6  7 15 23 25 35 
 5  8 15 23 25 35 
 4  9 15 23 25 35 
 3 10 15 23 25 35 
 2 11 15 23 25 35 
 1 12 15 23 25 35 
 5  7 16 23 25 35 
 4  8 16 23 25 35 
 3  9 16 23 25 35 
 2 10 16 23 25 35 
 1 11 16 23 25 35 
 5  6 17 23 25 35 
 4  7 17 23 25 35 
 3  8 17 23 25 35 
 2  9 17 23 25 35 
 1 10 17 23 25 35 
 4  6 18 23 25 35 
 3  7 18 23 25 35 
 2  8 18 23 25 35 
 1  9 18 23 25 35 
 4  5 19 23 25 35 
 3  6 19 23 25 35 
 2  7 19 23 25 35 
 1  8 19 23 25 35 
 3  5 20 23 25 35 
 2  6 20 23 25 35 
 1  7 20 23 25 35 
 3  4 21 23 25 35 
 2  5 21 23 25 35 
 1  6 21 23 25 35 
 2  4 22 23 25 35 
 1  5 22 23 25 35 
 8  9 10 24 25 35 
 7  9 11 24 25 35 
 6 10 11 24 25 35 
 7  8 12 24 25 35 
 6  9 12 24 25 35 
 5 10 12 24 25 35 
 4 11 12 24 25 35 
 6  8 13 24 25 35 
 5  9 13 24 25 35 
 4 10 13 24 25 35 
 3 11 13 24 25 35 
 2 12 13 24 25 35 
 6  7 14 24 25 35 
 5  8 14 24 25 35 
 4  9 14 24 25 35 
 3 10 14 24 25 35 
 2 11 14 24 25 35 
 1 12 14 24 25 35 
 5  7 15 24 25 35 
 4  8 15 24 25 35 
 3  9 15 24 25 35 
 2 10 15 24 25 35 
 1 11 15 24 25 35 
 5  6 16 24 25 35 
 4  7 16 24 25 35 
 3  8 16 24 25 35 
 2  9 16 24 25 35 
 1 10 16 24 25 35 
 4  6 17 24 25 35 
 3  7 17 24 25 35 
 2  8 17 24 25 35 
 1  9 17 24 25 35 
 4  5 18 24 25 35 
 3  6 18 24 25 35 
 2  7 18 24 25 35 
 1  8 18 24 25 35 
 3  5 19 24 25 35 
 2  6 19 24 25 35 
 1  7 19 24 25 35 
 3  4 20 24 25 35 
 2  5 20 24 25 35 
 1  6 20 24 25 35 
 2  4 21 24 25 35 
 1  5 21 24 25 35 
 2  3 22 24 25 35 
 1  4 22 24 25 35 
 1  3 23 24 25 35 
11 12 13 14 26 35 
10 12 13 15 26 35 
10 11 14 15 26 35 
 9 12 14 15 26 35 
 8 13 14 15 26 35 
10 11 13 16 26 35 
 9 12 13 16 26 35 
 9 11 14 16 26 35 
 8 12 14 16 26 35 
 7 13 14 16 26 35 
 9 10 15 16 26 35 
 8 11 15 16 26 35 
 7 12 15 16 26 35 
 6 13 15 16 26 35 
 5 14 15 16 26 35 
10 11 12 17 26 35 
 9 11 13 17 26 35 
 8 12 13 17 26 35 
 9 10 14 17 26 35 
 8 11 14 17 26 35 
 7 12 14 17 26 35 
 6 13 14 17 26 35 
 8 10 15 17 26 35 
 7 11 15 17 26 35 
 6 12 15 17 26 35 
 5 13 15 17 26 35 
 4 14 15 17 26 35 
 8  9 16 17 26 35 
 7 10 16 17 26 35 
 6 11 16 17 26 35 
 5 12 16 17 26 35 
 4 13 16 17 26 35 
 3 14 16 17 26 35 
 2 15 16 17 26 35 
 9 11 12 18 26 35 
 9 10 13 18 26 35 
 8 11 13 18 26 35 
 7 12 13 18 26 35 
 8 10 14 18 26 35 
 7 11 14 18 26 35 
 6 12 14 18 26 35 
 5 13 14 18 26 35 
 8  9 15 18 26 35 
 7 10 15 18 26 35 
 6 11 15 18 26 35 
 5 12 15 18 26 35 
 4 13 15 18 26 35 
 3 14 15 18 26 35 
 7  9 16 18 26 35 
 6 10 16 18 26 35 
 5 11 16 18 26 35 
 4 12 16 18 26 35 
 3 13 16 18 26 35 
 2 14 16 18 26 35 
 1 15 16 18 26 35 
 7  8 17 18 26 35 
 6  9 17 18 26 35 
 5 10 17 18 26 35 
 4 11 17 18 26 35 
 3 12 17 18 26 35 
 2 13 17 18 26 35 
 1 14 17 18 26 35 
 9 10 12 19 26 35 
 8 11 12 19 26 35 
 8 10 13 19 26 35 
 7 11 13 19 26 35 
 6 12 13 19 26 35 
 8  9 14 19 26 35 
 7 10 14 19 26 35 
 6 11 14 19 26 35 
 5 12 14 19 26 35 
 4 13 14 19 26 35 
 7  9 15 19 26 35 
 6 10 15 19 26 35 
 5 11 15 19 26 35 
 4 12 15 19 26 35 
 3 13 15 19 26 35 
 2 14 15 19 26 35 
 7  8 16 19 26 35 
 6  9 16 19 26 35 
 5 10 16 19 26 35 
 4 11 16 19 26 35 
 3 12 16 19 26 35 
 2 13 16 19 26 35 
 1 14 16 19 26 35 
 6  8 17 19 26 35 
 5  9 17 19 26 35 
 4 10 17 19 26 35 
 3 11 17 19 26 35 
 2 12 17 19 26 35 
 1 13 17 19 26 35 
 6  7 18 19 26 35 
 5  8 18 19 26 35 
 4  9 18 19 26 35 
 3 10 18 19 26 35 
 2 11 18 19 26 35 
 1 12 18 19 26 35 
 9 10 11 20 26 35 
 8 10 12 20 26 35 
 7 11 12 20 26 35 
 8  9 13 20 26 35 
 7 10 13 20 26 35 
 6 11 13 20 26 35 
 5 12 13 20 26 35 
 7  9 14 20 26 35 
 6 10 14 20 26 35 
 5 11 14 20 26 35 
 4 12 14 20 26 35 
 3 13 14 20 26 35 
 7  8 15 20 26 35 
 6  9 15 20 26 35 
 5 10 15 20 26 35 
 4 11 15 20 26 35 
 3 12 15 20 26 35 
 2 13 15 20 26 35 
 1 14 15 20 26 35 
 6  8 16 20 26 35 
 5  9 16 20 26 35 
 4 10 16 20 26 35 
 3 11 16 20 26 35 
 2 12 16 20 26 35 
 1 13 16 20 26 35 
 6  7 17 20 26 35 
 5  8 17 20 26 35 
 4  9 17 20 26 35 
 3 10 17 20 26 35 
 2 11 17 20 26 35 
 1 12 17 20 26 35 
 5  7 18 20 26 35 
 4  8 18 20 26 35 
 3  9 18 20 26 35 
 2 10 18 20 26 35 
 1 11 18 20 26 35 
 5  6 19 20 26 35 
 4  7 19 20 26 35 
 3  8 19 20 26 35 
 2  9 19 20 26 35 
 1 10 19 20 26 35 
 8 10 11 21 26 35 
 8  9 12 21 26 35 
 7 10 12 21 26 35 
 6 11 12 21 26 35 
 7  9 13 21 26 35 
 6 10 13 21 26 35 
 5 11 13 21 26 35 
 4 12 13 21 26 35 
 7  8 14 21 26 35 
 6  9 14 21 26 35 
 5 10 14 21 26 35 
 4 11 14 21 26 35 
 3 12 14 21 26 35 
 2 13 14 21 26 35 
 6  8 15 21 26 35 
 5  9 15 21 26 35 
 4 10 15 21 26 35 
 3 11 15 21 26 35 
 2 12 15 21 26 35 
 1 13 15 21 26 35 
 6  7 16 21 26 35 
 5  8 16 21 26 35 
 4  9 16 21 26 35 
 3 10 16 21 26 35 
 2 11 16 21 26 35 
 1 12 16 21 26 35 
 5  7 17 21 26 35 
 4  8 17 21 26 35 
 3  9 17 21 26 35 
 2 10 17 21 26 35 
 1 11 17 21 26 35 
 5  6 18 21 26 35 
 4  7 18 21 26 35 
 3  8 18 21 26 35 
 2  9 18 21 26 35 
 1 10 18 21 26 35 
 4  6 19 21 26 35 
 3  7 19 21 26 35 
 2  8 19 21 26 35 
 1  9 19 21 26 35 
 4  5 20 21 26 35 
 3  6 20 21 26 35 
 2  7 20 21 26 35 
 1  8 20 21 26 35 
 8  9 11 22 26 35 
 7 10 11 22 26 35 
 7  9 12 22 26 35 
 6 10 12 22 26 35 
 5 11 12 22 26 35 
 7  8 13 22 26 35 
 6  9 13 22 26 35 
 5 10 13 22 26 35 
 4 11 13 22 26 35 
 3 12 13 22 26 35 
 6  8 14 22 26 35 
 5  9 14 22 26 35 
 4 10 14 22 26 35 
 3 11 14 22 26 35 
 2 12 14 22 26 35 
 1 13 14 22 26 35 
 6  7 15 22 26 35 
 5  8 15 22 26 35 
 4  9 15 22 26 35 
 3 10 15 22 26 35 
 2 11 15 22 26 35 
 1 12 15 22 26 35 
 5  7 16 22 26 35 
 4  8 16 22 26 35 
 3  9 16 22 26 35 
 2 10 16 22 26 35 
 1 11 16 22 26 35 
 5  6 17 22 26 35 
 4  7 17 22 26 35 
 3  8 17 22 26 35 
 2  9 17 22 26 35 
 1 10 17 22 26 35 
 4  6 18 22 26 35 
 3  7 18 22 26 35 
 2  8 18 22 26 35 
 1  9 18 22 26 35 
 4  5 19 22 26 35 
 3  6 19 22 26 35 
 2  7 19 22 26 35 
 1  8 19 22 26 35 
 3  5 20 22 26 35 
 2  6 20 22 26 35 
 1  7 20 22 26 35 
 3  4 21 22 26 35 
 2  5 21 22 26 35 
 1  6 21 22 26 35 
 8  9 10 23 26 35 
 7  9 11 23 26 35 
 6 10 11 23 26 35 
 7  8 12 23 26 35 
 6  9 12 23 26 35 
 5 10 12 23 26 35 
 4 11 12 23 26 35 
 6  8 13 23 26 35 
 5  9 13 23 26 35 
 4 10 13 23 26 35 
 3 11 13 23 26 35 
 2 12 13 23 26 35 
 6  7 14 23 26 35 
 5  8 14 23 26 35 
 4  9 14 23 26 35 
 3 10 14 23 26 35 
 2 11 14 23 26 35 
 1 12 14 23 26 35 
 5  7 15 23 26 35 
 4  8 15 23 26 35 
 3  9 15 23 26 35 
 2 10 15 23 26 35 
 1 11 15 23 26 35 
 5  6 16 23 26 35 
 4  7 16 23 26 35 
 3  8 16 23 26 35 
 2  9 16 23 26 35 
 1 10 16 23 26 35 
 4  6 17 23 26 35 
 3  7 17 23 26 35 
 2  8 17 23 26 35 
 1  9 17 23 26 35 
 4  5 18 23 26 35 
 3  6 18 23 26 35 
 2  7 18 23 26 35 
 1  8 18 23 26 35 
 3  5 19 23 26 35 
 2  6 19 23 26 35 
 1  7 19 23 26 35 
 3  4 20 23 26 35 
 2  5 20 23 26 35 
 1  6 20 23 26 35 
 2  4 21 23 26 35 
 1  5 21 23 26 35 
 2  3 22 23 26 35 
 1  4 22 23 26 35 
 7  9 10 24 26 35 
 7  8 11 24 26 35 
 6  9 11 24 26 35 
 5 10 11 24 26 35 
 6  8 12 24 26 35 
 5  9 12 24 26 35 
 4 10 12 24 26 35 
 3 11 12 24 26 35 
 6  7 13 24 26 35 
 5  8 13 24 26 35 
 4  9 13 24 26 35 
 3 10 13 24 26 35 
 2 11 13 24 26 35 
 1 12 13 24 26 35 
 5  7 14 24 26 35 
 4  8 14 24 26 35 
 3  9 14 24 26 35 
 2 10 14 24 26 35 
 1 11 14 24 26 35 
 5  6 15 24 26 35 
 4  7 15 24 26 35 
 3  8 15 24 26 35 
 2  9 15 24 26 35 
 1 10 15 24 26 35 
 4  6 16 24 26 35 
 3  7 16 24 26 35 
 2  8 16 24 26 35 
 1  9 16 24 26 35 
 4  5 17 24 26 35 
 3  6 17 24 26 35 
 2  7 17 24 26 35 
 1  8 17 24 26 35 
 3  5 18 24 26 35 
 2  6 18 24 26 35 
 1  7 18 24 26 35 
 3  4 19 24 26 35 
 2  5 19 24 26 35 
 1  6 19 24 26 35 
 2  4 20 24 26 35 
 1  5 20 24 26 35 
 2  3 21 24 26 35 
 1  4 21 24 26 35 
 1  3 22 24 26 35 
 1  2 23 24 26 35 
 7  8 10 25 26 35 
 6  9 10 25 26 35 
 6  8 11 25 26 35 
 5  9 11 25 26 35 
 4 10 11 25 26 35 
 6  7 12 25 26 35 
 5  8 12 25 26 35 
 4  9 12 25 26 35 
 3 10 12 25 26 35 
 2 11 12 25 26 35 
 5  7 13 25 26 35 
 4  8 13 25 26 35 
 3  9 13 25 26 35 
 2 10 13 25 26 35 
 1 11 13 25 26 35 
 5  6 14 25 26 35 
 4  7 14 25 26 35 
 3  8 14 25 26 35 
 2  9 14 25 26 35 
 1 10 14 25 26 35 
 4  6 15 25 26 35 
 3  7 15 25 26 35 
 2  8 15 25 26 35 
 1  9 15 25 26 35 
 4  5 16 25 26 35 
 3  6 16 25 26 35 
 2  7 16 25 26 35 
 1  8 16 25 26 35 
 3  5 17 25 26 35 
 2  6 17 25 26 35 
 1  7 17 25 26 35 
 3  4 18 25 26 35 
 2  5 18 25 26 35 
 1  6 18 25 26 35 
 2  4 19 25 26 35 
 1  5 19 25 26 35 
 2  3 20 25 26 35 
 1  4 20 25 26 35 
 1  3 21 25 26 35 
 1  2 22 25 26 35 
10 12 13 14 27 35 
10 11 13 15 27 35 
 9 12 13 15 27 35 
 9 11 14 15 27 35 
 8 12 14 15 27 35 
 7 13 14 15 27 35 
10 11 12 16 27 35 
 9 11 13 16 27 35 
 8 12 13 16 27 35 
 9 10 14 16 27 35 
 8 11 14 16 27 35 
 7 12 14 16 27 35 
 6 13 14 16 27 35 
 8 10 15 16 27 35 
 7 11 15 16 27 35 
 6 12 15 16 27 35 
 5 13 15 16 27 35 
 4 14 15 16 27 35 
 9 11 12 17 27 35 
 9 10 13 17 27 35 
 8 11 13 17 27 35 
 7 12 13 17 27 35 
 8 10 14 17 27 35 
 7 11 14 17 27 35 
 6 12 14 17 27 35 
 5 13 14 17 27 35 
 8  9 15 17 27 35 
 7 10 15 17 27 35 
 6 11 15 17 27 35 
 5 12 15 17 27 35 
 4 13 15 17 27 35 
 3 14 15 17 27 35 
 7  9 16 17 27 35 
 6 10 16 17 27 35 
 5 11 16 17 27 35 
 4 12 16 17 27 35 
 3 13 16 17 27 35 
 2 14 16 17 27 35 
 1 15 16 17 27 35 
 9 10 12 18 27 35 
 8 11 12 18 27 35 
 8 10 13 18 27 35 
 7 11 13 18 27 35 
 6 12 13 18 27 35 
 8  9 14 18 27 35 
 7 10 14 18 27 35 
 6 11 14 18 27 35 
 5 12 14 18 27 35 
 4 13 14 18 27 35 
 7  9 15 18 27 35 
 6 10 15 18 27 35 
 5 11 15 18 27 35 
 4 12 15 18 27 35 
 3 13 15 18 27 35 
 2 14 15 18 27 35 
 7  8 16 18 27 35 
 6  9 16 18 27 35 
 5 10 16 18 27 35 
 4 11 16 18 27 35 
 3 12 16 18 27 35 
 2 13 16 18 27 35 
 1 14 16 18 27 35 
 6  8 17 18 27 35 
 5  9 17 18 27 35 
 4 10 17 18 27 35 
 3 11 17 18 27 35 
 2 12 17 18 27 35 
 1 13 17 18 27 35 
 9 10 11 19 27 35 
 8 10 12 19 27 35 
 7 11 12 19 27 35 
 8  9 13 19 27 35 
 7 10 13 19 27 35 
 6 11 13 19 27 35 
 5 12 13 19 27 35 
 7  9 14 19 27 35 
 6 10 14 19 27 35 
 5 11 14 19 27 35 
 4 12 14 19 27 35 
 3 13 14 19 27 35 
 7  8 15 19 27 35 
 6  9 15 19 27 35 
 5 10 15 19 27 35 
 4 11 15 19 27 35 
 3 12 15 19 27 35 
 2 13 15 19 27 35 
 1 14 15 19 27 35 
 6  8 16 19 27 35 
 5  9 16 19 27 35 
 4 10 16 19 27 35 
 3 11 16 19 27 35 
 2 12 16 19 27 35 
 1 13 16 19 27 35 
 6  7 17 19 27 35 
 5  8 17 19 27 35 
 4  9 17 19 27 35 
 3 10 17 19 27 35 
 2 11 17 19 27 35 
 1 12 17 19 27 35 
 5  7 18 19 27 35 
 4  8 18 19 27 35 
 3  9 18 19 27 35 
 2 10 18 19 27 35 
 1 11 18 19 27 35 
 8 10 11 20 27 35 
 8  9 12 20 27 35 
 7 10 12 20 27 35 
 6 11 12 20 27 35 
 7  9 13 20 27 35 
 6 10 13 20 27 35 
 5 11 13 20 27 35 
 4 12 13 20 27 35 
 7  8 14 20 27 35 
 6  9 14 20 27 35 
 5 10 14 20 27 35 
 4 11 14 20 27 35 
 3 12 14 20 27 35 
 2 13 14 20 27 35 
 6  8 15 20 27 35 
 5  9 15 20 27 35 
 4 10 15 20 27 35 
 3 11 15 20 27 35 
 2 12 15 20 27 35 
 1 13 15 20 27 35 
 6  7 16 20 27 35 
 5  8 16 20 27 35 
 4  9 16 20 27 35 
 3 10 16 20 27 35 
 2 11 16 20 27 35 
 1 12 16 20 27 35 
 5  7 17 20 27 35 
 4  8 17 20 27 35 
 3  9 17 20 27 35 
 2 10 17 20 27 35 
 1 11 17 20 27 35 
 5  6 18 20 27 35 
 4  7 18 20 27 35 
 3  8 18 20 27 35 
 2  9 18 20 27 35 
 1 10 18 20 27 35 
 4  6 19 20 27 35 
 3  7 19 20 27 35 
 2  8 19 20 27 35 
 1  9 19 20 27 35 
 8  9 11 21 27 35 
 7 10 11 21 27 35 
 7  9 12 21 27 35 
 6 10 12 21 27 35 
 5 11 12 21 27 35 
 7  8 13 21 27 35 
 6  9 13 21 27 35 
 5 10 13 21 27 35 
 4 11 13 21 27 35 
 3 12 13 21 27 35 
 6  8 14 21 27 35 
 5  9 14 21 27 35 
 4 10 14 21 27 35 
 3 11 14 21 27 35 
 2 12 14 21 27 35 
 1 13 14 21 27 35 
 6  7 15 21 27 35 
 5  8 15 21 27 35 
 4  9 15 21 27 35 
 3 10 15 21 27 35 
 2 11 15 21 27 35 
 1 12 15 21 27 35 
 5  7 16 21 27 35 
 4  8 16 21 27 35 
 3  9 16 21 27 35 
 2 10 16 21 27 35 
 1 11 16 21 27 35 
 5  6 17 21 27 35 
 4  7 17 21 27 35 
 3  8 17 21 27 35 
 2  9 17 21 27 35 
 1 10 17 21 27 35 
 4  6 18 21 27 35 
 3  7 18 21 27 35 
 2  8 18 21 27 35 
 1  9 18 21 27 35 
 4  5 19 21 27 35 
 3  6 19 21 27 35 
 2  7 19 21 27 35 
 1  8 19 21 27 35 
 3  5 20 21 27 35 
 2  6 20 21 27 35 
 1  7 20 21 27 35 
 8  9 10 22 27 35 
 7  9 11 22 27 35 
 6 10 11 22 27 35 
 7  8 12 22 27 35 
 6  9 12 22 27 35 
 5 10 12 22 27 35 
 4 11 12 22 27 35 
 6  8 13 22 27 35 
 5  9 13 22 27 35 
 4 10 13 22 27 35 
 3 11 13 22 27 35 
 2 12 13 22 27 35 
 6  7 14 22 27 35 
 5  8 14 22 27 35 
 4  9 14 22 27 35 
 3 10 14 22 27 35 
 2 11 14 22 27 35 
 1 12 14 22 27 35 
 5  7 15 22 27 35 
 4  8 15 22 27 35 
 3  9 15 22 27 35 
 2 10 15 22 27 35 
 1 11 15 22 27 35 
 5  6 16 22 27 35 
 4  7 16 22 27 35 
 3  8 16 22 27 35 
 2  9 16 22 27 35 
 1 10 16 22 27 35 
 4  6 17 22 27 35 
 3  7 17 22 27 35 
 2  8 17 22 27 35 
 1  9 17 22 27 35 
 4  5 18 22 27 35 
 3  6 18 22 27 35 
 2  7 18 22 27 35 
 1  8 18 22 27 35 
 3  5 19 22 27 35 
 2  6 19 22 27 35 
 1  7 19 22 27 35 
 3  4 20 22 27 35 
 2  5 20 22 27 35 
 1  6 20 22 27 35 
 2  4 21 22 27 35 
 1  5 21 22 27 35 
 7  9 10 23 27 35 
 7  8 11 23 27 35 
 6  9 11 23 27 35 
 5 10 11 23 27 35 
 6  8 12 23 27 35 
 5  9 12 23 27 35 
 4 10 12 23 27 35 
 3 11 12 23 27 35 
 6  7 13 23 27 35 
 5  8 13 23 27 35 
 4  9 13 23 27 35 
 3 10 13 23 27 35 
 2 11 13 23 27 35 
 1 12 13 23 27 35 
 5  7 14 23 27 35 
 4  8 14 23 27 35 
 3  9 14 23 27 35 
 2 10 14 23 27 35 
 1 11 14 23 27 35 
 5  6 15 23 27 35 
 4  7 15 23 27 35 
 3  8 15 23 27 35 
 2  9 15 23 27 35 
 1 10 15 23 27 35 
 4  6 16 23 27 35 
 3  7 16 23 27 35 
 2  8 16 23 27 35 
 1  9 16 23 27 35 
 4  5 17 23 27 35 
 3  6 17 23 27 35 
 2  7 17 23 27 35 
 1  8 17 23 27 35 
 3  5 18 23 27 35 
 2  6 18 23 27 35 
 1  7 18 23 27 35 
 3  4 19 23 27 35 
 2  5 19 23 27 35 
 1  6 19 23 27 35 
 2  4 20 23 27 35 
 1  5 20 23 27 35 
 2  3 21 23 27 35 
 1  4 21 23 27 35 
 1  3 22 23 27 35 
 7  8 10 24 27 35 
 6  9 10 24 27 35 
 6  8 11 24 27 35 
 5  9 11 24 27 35 
 4 10 11 24 27 35 
 6  7 12 24 27 35 
 5  8 12 24 27 35 
 4  9 12 24 27 35 
 3 10 12 24 27 35 
 2 11 12 24 27 35 
 5  7 13 24 27 35 
 4  8 13 24 27 35 
 3  9 13 24 27 35 
 2 10 13 24 27 35 
 1 11 13 24 27 35 
 5  6 14 24 27 35 
 4  7 14 24 27 35 
 3  8 14 24 27 35 
 2  9 14 24 27 35 
 1 10 14 24 27 35 
 4  6 15 24 27 35 
 3  7 15 24 27 35 
 2  8 15 24 27 35 
 1  9 15 24 27 35 
 4  5 16 24 27 35 
 3  6 16 24 27 35 
 2  7 16 24 27 35 
 1  8 16 24 27 35 
 3  5 17 24 27 35 
 2  6 17 24 27 35 
 1  7 17 24 27 35 
 3  4 18 24 27 35 
 2  5 18 24 27 35 
 1  6 18 24 27 35 
 2  4 19 24 27 35 
 1  5 19 24 27 35 
 2  3 20 24 27 35 
 1  4 20 24 27 35 
 1  3 21 24 27 35 
 1  2 22 24 27 35 
 7  8  9 25 27 35 
 6  8 10 25 27 35 
 5  9 10 25 27 35 
 6  7 11 25 27 35 
 5  8 11 25 27 35 
 4  9 11 25 27 35 
 3 10 11 25 27 35 
 5  7 12 25 27 35 
 4  8 12 25 27 35 
 3  9 12 25 27 35 
 2 10 12 25 27 35 
 1 11 12 25 27 35 
 5  6 13 25 27 35 
 4  7 13 25 27 35 
 3  8 13 25 27 35 
 2  9 13 25 27 35 
 1 10 13 25 27 35 
 4  6 14 25 27 35 
 3  7 14 25 27 35 
 2  8 14 25 27 35 
 1  9 14 25 27 35 
 4  5 15 25 27 35 
 3  6 15 25 27 35 
 2  7 15 25 27 35 
 1  8 15 25 27 35 
 3  5 16 25 27 35 
 2  6 16 25 27 35 
 1  7 16 25 27 35 
 3  4 17 25 27 35 
 2  5 17 25 27 35 
 1  6 17 25 27 35 
 2  4 18 25 27 35 
 1  5 18 25 27 35 
 2  3 19 25 27 35 
 1  4 19 25 27 35 
 1  3 20 25 27 35 
 1  2 21 25 27 35 
 6  8  9 26 27 35 
 6  7 10 26 27 35 
 5  8 10 26 27 35 
 4  9 10 26 27 35 
 5  7 11 26 27 35 
 4  8 11 26 27 35 
 3  9 11 26 27 35 
 2 10 11 26 27 35 
 5  6 12 26 27 35 
 4  7 12 26 27 35 
 3  8 12 26 27 35 
 2  9 12 26 27 35 
 1 10 12 26 27 35 
 4  6 13 26 27 35 
 3  7 13 26 27 35 
 2  8 13 26 27 35 
 1  9 13 26 27 35 
 4  5 14 26 27 35 
 3  6 14 26 27 35 
 2  7 14 26 27 35 
 1  8 14 26 27 35 
 3  5 15 26 27 35 
 2  6 15 26 27 35 
 1  7 15 26 27 35 
 3  4 16 26 27 35 
 2  5 16 26 27 35 
 1  6 16 26 27 35 
 2  4 17 26 27 35 
 1  5 17 26 27 35 
 2  3 18 26 27 35 
 1  4 18 26 27 35 
 1  3 19 26 27 35 
 1  2 20 26 27 35 
10 11 13 14 28 35 
 9 12 13 14 28 35 
10 11 12 15 28 35 
 9 11 13 15 28 35 
 8 12 13 15 28 35 
 9 10 14 15 28 35 
 8 11 14 15 28 35 
 7 12 14 15 28 35 
 6 13 14 15 28 35 
 9 11 12 16 28 35 
 9 10 13 16 28 35 
 8 11 13 16 28 35 
 7 12 13 16 28 35 
 8 10 14 16 28 35 
 7 11 14 16 28 35 
 6 12 14 16 28 35 
 5 13 14 16 28 35 
 8  9 15 16 28 35 
 7 10 15 16 28 35 
 6 11 15 16 28 35 
 5 12 15 16 28 35 
 4 13 15 16 28 35 
 3 14 15 16 28 35 
 9 10 12 17 28 35 
 8 11 12 17 28 35 
 8 10 13 17 28 35 
 7 11 13 17 28 35 
 6 12 13 17 28 35 
 8  9 14 17 28 35 
 7 10 14 17 28 35 
 6 11 14 17 28 35 
 5 12 14 17 28 35 
 4 13 14 17 28 35 
 7  9 15 17 28 35 
 6 10 15 17 28 35 
 5 11 15 17 28 35 
 4 12 15 17 28 35 
 3 13 15 17 28 35 
 2 14 15 17 28 35 
 7  8 16 17 28 35 
 6  9 16 17 28 35 
 5 10 16 17 28 35 
 4 11 16 17 28 35 
 3 12 16 17 28 35 
 2 13 16 17 28 35 
 1 14 16 17 28 35 
 9 10 11 18 28 35 
 8 10 12 18 28 35 
 7 11 12 18 28 35 
 8  9 13 18 28 35 
 7 10 13 18 28 35 
 6 11 13 18 28 35 
 5 12 13 18 28 35 
 7  9 14 18 28 35 
 6 10 14 18 28 35 
 5 11 14 18 28 35 
 4 12 14 18 28 35 
 3 13 14 18 28 35 
 7  8 15 18 28 35 
 6  9 15 18 28 35 
 5 10 15 18 28 35 
 4 11 15 18 28 35 
 3 12 15 18 28 35 
 2 13 15 18 28 35 
 1 14 15 18 28 35 
 6  8 16 18 28 35 
 5  9 16 18 28 35 
 4 10 16 18 28 35 
 3 11 16 18 28 35 
 2 12 16 18 28 35 
 1 13 16 18 28 35 
 6  7 17 18 28 35 
 5  8 17 18 28 35 
 4  9 17 18 28 35 
 3 10 17 18 28 35 
 2 11 17 18 28 35 
 1 12 17 18 28 35 
 8 10 11 19 28 35 
 8  9 12 19 28 35 
 7 10 12 19 28 35 
 6 11 12 19 28 35 
 7  9 13 19 28 35 
 6 10 13 19 28 35 
 5 11 13 19 28 35 
 4 12 13 19 28 35 
 7  8 14 19 28 35 
 6  9 14 19 28 35 
 5 10 14 19 28 35 
 4 11 14 19 28 35 
 3 12 14 19 28 35 
 2 13 14 19 28 35 
 6  8 15 19 28 35 
 5  9 15 19 28 35 
 4 10 15 19 28 35 
 3 11 15 19 28 35 
 2 12 15 19 28 35 
 1 13 15 19 28 35 
 6  7 16 19 28 35 
 5  8 16 19 28 35 
 4  9 16 19 28 35 
 3 10 16 19 28 35 
 2 11 16 19 28 35 
 1 12 16 19 28 35 
 5  7 17 19 28 35 
 4  8 17 19 28 35 
 3  9 17 19 28 35 
 2 10 17 19 28 35 
 1 11 17 19 28 35 
 5  6 18 19 28 35 
 4  7 18 19 28 35 
 3  8 18 19 28 35 
 2  9 18 19 28 35 
 1 10 18 19 28 35 
 8  9 11 20 28 35 
 7 10 11 20 28 35 
 7  9 12 20 28 35 
 6 10 12 20 28 35 
 5 11 12 20 28 35 
 7  8 13 20 28 35 
 6  9 13 20 28 35 
 5 10 13 20 28 35 
 4 11 13 20 28 35 
 3 12 13 20 28 35 
 6  8 14 20 28 35 
 5  9 14 20 28 35 
 4 10 14 20 28 35 
 3 11 14 20 28 35 
 2 12 14 20 28 35 
 1 13 14 20 28 35 
 6  7 15 20 28 35 
 5  8 15 20 28 35 
 4  9 15 20 28 35 
 3 10 15 20 28 35 
 2 11 15 20 28 35 
 1 12 15 20 28 35 
 5  7 16 20 28 35 
 4  8 16 20 28 35 
 3  9 16 20 28 35 
 2 10 16 20 28 35 
 1 11 16 20 28 35 
 5  6 17 20 28 35 
 4  7 17 20 28 35 
 3  8 17 20 28 35 
 2  9 17 20 28 35 
 1 10 17 20 28 35 
 4  6 18 20 28 35 
 3  7 18 20 28 35 
 2  8 18 20 28 35 
 1  9 18 20 28 35 
 4  5 19 20 28 35 
 3  6 19 20 28 35 
 2  7 19 20 28 35 
 1  8 19 20 28 35 
 8  9 10 21 28 35 
 7  9 11 21 28 35 
 6 10 11 21 28 35 
 7  8 12 21 28 35 
 6  9 12 21 28 35 
 5 10 12 21 28 35 
 4 11 12 21 28 35 
 6  8 13 21 28 35 
 5  9 13 21 28 35 
 4 10 13 21 28 35 
 3 11 13 21 28 35 
 2 12 13 21 28 35 
 6  7 14 21 28 35 
 5  8 14 21 28 35 
 4  9 14 21 28 35 
 3 10 14 21 28 35 
 2 11 14 21 28 35 
 1 12 14 21 28 35 
 5  7 15 21 28 35 
 4  8 15 21 28 35 
 3  9 15 21 28 35 
 2 10 15 21 28 35 
 1 11 15 21 28 35 
 5  6 16 21 28 35 
 4  7 16 21 28 35 
 3  8 16 21 28 35 
 2  9 16 21 28 35 
 1 10 16 21 28 35 
 4  6 17 21 28 35 
 3  7 17 21 28 35 
 2  8 17 21 28 35 
 1  9 17 21 28 35 
 4  5 18 21 28 35 
 3  6 18 21 28 35 
 2  7 18 21 28 35 
 1  8 18 21 28 35 
 3  5 19 21 28 35 
 2  6 19 21 28 35 
 1  7 19 21 28 35 
 3  4 20 21 28 35 
 2  5 20 21 28 35 
 1  6 20 21 28 35 
 7  9 10 22 28 35 
 7  8 11 22 28 35 
 6  9 11 22 28 35 
 5 10 11 22 28 35 
 6  8 12 22 28 35 
 5  9 12 22 28 35 
 4 10 12 22 28 35 
 3 11 12 22 28 35 
 6  7 13 22 28 35 
 5  8 13 22 28 35 
 4  9 13 22 28 35 
 3 10 13 22 28 35 
 2 11 13 22 28 35 
 1 12 13 22 28 35 
 5  7 14 22 28 35 
 4  8 14 22 28 35 
 3  9 14 22 28 35 
 2 10 14 22 28 35 
 1 11 14 22 28 35 
 5  6 15 22 28 35 
 4  7 15 22 28 35 
 3  8 15 22 28 35 
 2  9 15 22 28 35 
 1 10 15 22 28 35 
 4  6 16 22 28 35 
 3  7 16 22 28 35 
 2  8 16 22 28 35 
 1  9 16 22 28 35 
 4  5 17 22 28 35 
 3  6 17 22 28 35 
 2  7 17 22 28 35 
 1  8 17 22 28 35 
 3  5 18 22 28 35 
 2  6 18 22 28 35 
 1  7 18 22 28 35 
 3  4 19 22 28 35 
 2  5 19 22 28 35 
 1  6 19 22 28 35 
 2  4 20 22 28 35 
 1  5 20 22 28 35 
 2  3 21 22 28 35 
 1  4 21 22 28 35 
 7  8 10 23 28 35 
 6  9 10 23 28 35 
 6  8 11 23 28 35 
 5  9 11 23 28 35 
 4 10 11 23 28 35 
 6  7 12 23 28 35 
 5  8 12 23 28 35 
 4  9 12 23 28 35 
 3 10 12 23 28 35 
 2 11 12 23 28 35 
 5  7 13 23 28 35 
 4  8 13 23 28 35 
 3  9 13 23 28 35 
 2 10 13 23 28 35 
 1 11 13 23 28 35 
 5  6 14 23 28 35 
 4  7 14 23 28 35 
 3  8 14 23 28 35 
 2  9 14 23 28 35 
 1 10 14 23 28 35 
 4  6 15 23 28 35 
 3  7 15 23 28 35 
 2  8 15 23 28 35 
 1  9 15 23 28 35 
 4  5 16 23 28 35 
 3  6 16 23 28 35 
 2  7 16 23 28 35 
 1  8 16 23 28 35 
 3  5 17 23 28 35 
 2  6 17 23 28 35 
 1  7 17 23 28 35 
 3  4 18 23 28 35 
 2  5 18 23 28 35 
 1  6 18 23 28 35 
 2  4 19 23 28 35 
 1  5 19 23 28 35 
 2  3 20 23 28 35 
 1  4 20 23 28 35 
 1  3 21 23 28 35 
 1  2 22 23 28 35 
 7  8  9 24 28 35 
 6  8 10 24 28 35 
 5  9 10 24 28 35 
 6  7 11 24 28 35 
 5  8 11 24 28 35 
 4  9 11 24 28 35 
 3 10 11 24 28 35 
 5  7 12 24 28 35 
 4  8 12 24 28 35 
 3  9 12 24 28 35 
 2 10 12 24 28 35 
 1 11 12 24 28 35 
 5  6 13 24 28 35 
 4  7 13 24 28 35 
 3  8 13 24 28 35 
 2  9 13 24 28 35 
 1 10 13 24 28 35 
 4  6 14 24 28 35 
 3  7 14 24 28 35 
 2  8 14 24 28 35 
 1  9 14 24 28 35 
 4  5 15 24 28 35 
 3  6 15 24 28 35 
 2  7 15 24 28 35 
 1  8 15 24 28 35 
 3  5 16 24 28 35 
 2  6 16 24 28 35 
 1  7 16 24 28 35 
 3  4 17 24 28 35 
 2  5 17 24 28 35 
 1  6 17 24 28 35 
 2  4 18 24 28 35 
 1  5 18 24 28 35 
 2  3 19 24 28 35 
 1  4 19 24 28 35 
 1  3 20 24 28 35 
 1  2 21 24 28 35 
 6  8  9 25 28 35 
 6  7 10 25 28 35 
 5  8 10 25 28 35 
 4  9 10 25 28 35 
 5  7 11 25 28 35 
 4  8 11 25 28 35 
 3  9 11 25 28 35 
 2 10 11 25 28 35 
 5  6 12 25 28 35 
 4  7 12 25 28 35 
 3  8 12 25 28 35 
 2  9 12 25 28 35 
 1 10 12 25 28 35 
 4  6 13 25 28 35 
 3  7 13 25 28 35 
 2  8 13 25 28 35 
 1  9 13 25 28 35 
 4  5 14 25 28 35 
 3  6 14 25 28 35 
 2  7 14 25 28 35 
 1  8 14 25 28 35 
 3  5 15 25 28 35 
 2  6 15 25 28 35 
 1  7 15 25 28 35 
 3  4 16 25 28 35 
 2  5 16 25 28 35 
 1  6 16 25 28 35 
 2  4 17 25 28 35 
 1  5 17 25 28 35 
 2  3 18 25 28 35 
 1  4 18 25 28 35 
 1  3 19 25 28 35 
 1  2 20 25 28 35 
 6  7  9 26 28 35 
 5  8  9 26 28 35 
 5  7 10 26 28 35 
 4  8 10 26 28 35 
 3  9 10 26 28 35 
 5  6 11 26 28 35 
 4  7 11 26 28 35 
 3  8 11 26 28 35 
 2  9 11 26 28 35 
 1 10 11 26 28 35 
 4  6 12 26 28 35 
 3  7 12 26 28 35 
 2  8 12 26 28 35 
 1  9 12 26 28 35 
 4  5 13 26 28 35 
 3  6 13 26 28 35 
 2  7 13 26 28 35 
 1  8 13 26 28 35 
 3  5 14 26 28 35 
 2  6 14 26 28 35 
 1  7 14 26 28 35 
 3  4 15 26 28 35 
 2  5 15 26 28 35 
 1  6 15 26 28 35 
 2  4 16 26 28 35 
 1  5 16 26 28 35 
 2  3 17 26 28 35 
 1  4 17 26 28 35 
 1  3 18 26 28 35 
 1  2 19 26 28 35 
 6  7  8 27 28 35 
 5  7  9 27 28 35 
 4  8  9 27 28 35 
 5  6 10 27 28 35 
 4  7 10 27 28 35 
 3  8 10 27 28 35 
 2  9 10 27 28 35 
 4  6 11 27 28 35 
 3  7 11 27 28 35 
 2  8 11 27 28 35 
 1  9 11 27 28 35 
 4  5 12 27 28 35 
 3  6 12 27 28 35 
 2  7 12 27 28 35 
 1  8 12 27 28 35 
 3  5 13 27 28 35 
 2  6 13 27 28 35 
 1  7 13 27 28 35 
 3  4 14 27 28 35 
 2  5 14 27 28 35 
 1  6 14 27 28 35 
 2  4 15 27 28 35 
 1  5 15 27 28 35 
 2  3 16 27 28 35 
 1  4 16 27 28 35 
 1  3 17 27 28 35 
 1  2 18 27 28 35 
10 11 12 14 29 35 
 9 11 13 14 29 35 
 8 12 13 14 29 35 
 9 11 12 15 29 35 
 9 10 13 15 29 35 
 8 11 13 15 29 35 
 7 12 13 15 29 35 
 8 10 14 15 29 35 
 7 11 14 15 29 35 
 6 12 14 15 29 35 
 5 13 14 15 29 35 
 9 10 12 16 29 35 
 8 11 12 16 29 35 
 8 10 13 16 29 35 
 7 11 13 16 29 35 
 6 12 13 16 29 35 
 8  9 14 16 29 35 
 7 10 14 16 29 35 
 6 11 14 16 29 35 
 5 12 14 16 29 35 
 4 13 14 16 29 35 
 7  9 15 16 29 35 
 6 10 15 16 29 35 
 5 11 15 16 29 35 
 4 12 15 16 29 35 
 3 13 15 16 29 35 
 2 14 15 16 29 35 
 9 10 11 17 29 35 
 8 10 12 17 29 35 
 7 11 12 17 29 35 
 8  9 13 17 29 35 
 7 10 13 17 29 35 
 6 11 13 17 29 35 
 5 12 13 17 29 35 
 7  9 14 17 29 35 
 6 10 14 17 29 35 
 5 11 14 17 29 35 
 4 12 14 17 29 35 
 3 13 14 17 29 35 
 7  8 15 17 29 35 
 6  9 15 17 29 35 
 5 10 15 17 29 35 
 4 11 15 17 29 35 
 3 12 15 17 29 35 
 2 13 15 17 29 35 
 1 14 15 17 29 35 
 6  8 16 17 29 35 
 5  9 16 17 29 35 
 4 10 16 17 29 35 
 3 11 16 17 29 35 
 2 12 16 17 29 35 
 1 13 16 17 29 35 
 8 10 11 18 29 35 
 8  9 12 18 29 35 
 7 10 12 18 29 35 
 6 11 12 18 29 35 
 7  9 13 18 29 35 
 6 10 13 18 29 35 
 5 11 13 18 29 35 
 4 12 13 18 29 35 
 7  8 14 18 29 35 
 6  9 14 18 29 35 
 5 10 14 18 29 35 
 4 11 14 18 29 35 
 3 12 14 18 29 35 
 2 13 14 18 29 35 
 6  8 15 18 29 35 
 5  9 15 18 29 35 
 4 10 15 18 29 35 
 3 11 15 18 29 35 
 2 12 15 18 29 35 
 1 13 15 18 29 35 
 6  7 16 18 29 35 
 5  8 16 18 29 35 
 4  9 16 18 29 35 
 3 10 16 18 29 35 
 2 11 16 18 29 35 
 1 12 16 18 29 35 
 5  7 17 18 29 35 
 4  8 17 18 29 35 
 3  9 17 18 29 35 
 2 10 17 18 29 35 
 1 11 17 18 29 35 
 8  9 11 19 29 35 
 7 10 11 19 29 35 
 7  9 12 19 29 35 
 6 10 12 19 29 35 
 5 11 12 19 29 35 
 7  8 13 19 29 35 
 6  9 13 19 29 35 
 5 10 13 19 29 35 
 4 11 13 19 29 35 
 3 12 13 19 29 35 
 6  8 14 19 29 35 
 5  9 14 19 29 35 
 4 10 14 19 29 35 
 3 11 14 19 29 35 
 2 12 14 19 29 35 
 1 13 14 19 29 35 
 6  7 15 19 29 35 
 5  8 15 19 29 35 
 4  9 15 19 29 35 
 3 10 15 19 29 35 
 2 11 15 19 29 35 
 1 12 15 19 29 35 
 5  7 16 19 29 35 
 4  8 16 19 29 35 
 3  9 16 19 29 35 
 2 10 16 19 29 35 
 1 11 16 19 29 35 
 5  6 17 19 29 35 
 4  7 17 19 29 35 
 3  8 17 19 29 35 
 2  9 17 19 29 35 
 1 10 17 19 29 35 
 4  6 18 19 29 35 
 3  7 18 19 29 35 
 2  8 18 19 29 35 
 1  9 18 19 29 35 
 8  9 10 20 29 35 
 7  9 11 20 29 35 
 6 10 11 20 29 35 
 7  8 12 20 29 35 
 6  9 12 20 29 35 
 5 10 12 20 29 35 
 4 11 12 20 29 35 
 6  8 13 20 29 35 
 5  9 13 20 29 35 
 4 10 13 20 29 35 
 3 11 13 20 29 35 
 2 12 13 20 29 35 
 6  7 14 20 29 35 
 5  8 14 20 29 35 
 4  9 14 20 29 35 
 3 10 14 20 29 35 
 2 11 14 20 29 35 
 1 12 14 20 29 35 
 5  7 15 20 29 35 
 4  8 15 20 29 35 
 3  9 15 20 29 35 
 2 10 15 20 29 35 
 1 11 15 20 29 35 
 5  6 16 20 29 35 
 4  7 16 20 29 35 
 3  8 16 20 29 35 
 2  9 16 20 29 35 
 1 10 16 20 29 35 
 4  6 17 20 29 35 
 3  7 17 20 29 35 
 2  8 17 20 29 35 
 1  9 17 20 29 35 
 4  5 18 20 29 35 
 3  6 18 20 29 35 
 2  7 18 20 29 35 
 1  8 18 20 29 35 
 3  5 19 20 29 35 
 2  6 19 20 29 35 
 1  7 19 20 29 35 
 7  9 10 21 29 35 
 7  8 11 21 29 35 
 6  9 11 21 29 35 
 5 10 11 21 29 35 
 6  8 12 21 29 35 
 5  9 12 21 29 35 
 4 10 12 21 29 35 
 3 11 12 21 29 35 
 6  7 13 21 29 35 
 5  8 13 21 29 35 
 4  9 13 21 29 35 
 3 10 13 21 29 35 
 2 11 13 21 29 35 
 1 12 13 21 29 35 
 5  7 14 21 29 35 
 4  8 14 21 29 35 
 3  9 14 21 29 35 
 2 10 14 21 29 35 
 1 11 14 21 29 35 
 5  6 15 21 29 35 
 4  7 15 21 29 35 
 3  8 15 21 29 35 
 2  9 15 21 29 35 
 1 10 15 21 29 35 
 4  6 16 21 29 35 
 3  7 16 21 29 35 
 2  8 16 21 29 35 
 1  9 16 21 29 35 
 4  5 17 21 29 35 
 3  6 17 21 29 35 
 2  7 17 21 29 35 
 1  8 17 21 29 35 
 3  5 18 21 29 35 
 2  6 18 21 29 35 
 1  7 18 21 29 35 
 3  4 19 21 29 35 
 2  5 19 21 29 35 
 1  6 19 21 29 35 
 2  4 20 21 29 35 
 1  5 20 21 29 35 
 7  8 10 22 29 35 
 6  9 10 22 29 35 
 6  8 11 22 29 35 
 5  9 11 22 29 35 
 4 10 11 22 29 35 
 6  7 12 22 29 35 
 5  8 12 22 29 35 
 4  9 12 22 29 35 
 3 10 12 22 29 35 
 2 11 12 22 29 35 
 5  7 13 22 29 35 
 4  8 13 22 29 35 
 3  9 13 22 29 35 
 2 10 13 22 29 35 
 1 11 13 22 29 35 
 5  6 14 22 29 35 
 4  7 14 22 29 35 
 3  8 14 22 29 35 
 2  9 14 22 29 35 
 1 10 14 22 29 35 
 4  6 15 22 29 35 
 3  7 15 22 29 35 
 2  8 15 22 29 35 
 1  9 15 22 29 35 
 4  5 16 22 29 35 
 3  6 16 22 29 35 
 2  7 16 22 29 35 
 1  8 16 22 29 35 
 3  5 17 22 29 35 
 2  6 17 22 29 35 
 1  7 17 22 29 35 
 3  4 18 22 29 35 
 2  5 18 22 29 35 
 1  6 18 22 29 35 
 2  4 19 22 29 35 
 1  5 19 22 29 35 
 2  3 20 22 29 35 
 1  4 20 22 29 35 
 1  3 21 22 29 35 
 7  8  9 23 29 35 
 6  8 10 23 29 35 
 5  9 10 23 29 35 
 6  7 11 23 29 35 
 5  8 11 23 29 35 
 4  9 11 23 29 35 
 3 10 11 23 29 35 
 5  7 12 23 29 35 
 4  8 12 23 29 35 
 3  9 12 23 29 35 
 2 10 12 23 29 35 
 1 11 12 23 29 35 
 5  6 13 23 29 35 
 4  7 13 23 29 35 
 3  8 13 23 29 35 
 2  9 13 23 29 35 
 1 10 13 23 29 35 
 4  6 14 23 29 35 
 3  7 14 23 29 35 
 2  8 14 23 29 35 
 1  9 14 23 29 35 
 4  5 15 23 29 35 
 3  6 15 23 29 35 
 2  7 15 23 29 35 
 1  8 15 23 29 35 
 3  5 16 23 29 35 
 2  6 16 23 29 35 
 1  7 16 23 29 35 
 3  4 17 23 29 35 
 2  5 17 23 29 35 
 1  6 17 23 29 35 
 2  4 18 23 29 35 
 1  5 18 23 29 35 
 2  3 19 23 29 35 
 1  4 19 23 29 35 
 1  3 20 23 29 35 
 1  2 21 23 29 35 
 6  8  9 24 29 35 
 6  7 10 24 29 35 
 5  8 10 24 29 35 
 4  9 10 24 29 35 
 5  7 11 24 29 35 
 4  8 11 24 29 35 
 3  9 11 24 29 35 
 2 10 11 24 29 35 
 5  6 12 24 29 35 
 4  7 12 24 29 35 
 3  8 12 24 29 35 
 2  9 12 24 29 35 
 1 10 12 24 29 35 
 4  6 13 24 29 35 
 3  7 13 24 29 35 
 2  8 13 24 29 35 
 1  9 13 24 29 35 
 4  5 14 24 29 35 
 3  6 14 24 29 35 
 2  7 14 24 29 35 
 1  8 14 24 29 35 
 3  5 15 24 29 35 
 2  6 15 24 29 35 
 1  7 15 24 29 35 
 3  4 16 24 29 35 
 2  5 16 24 29 35 
 1  6 16 24 29 35 
 2  4 17 24 29 35 
 1  5 17 24 29 35 
 2  3 18 24 29 35 
 1  4 18 24 29 35 
 1  3 19 24 29 35 
 1  2 20 24 29 35 
 6  7  9 25 29 35 
 5  8  9 25 29 35 
 5  7 10 25 29 35 
 4  8 10 25 29 35 
 3  9 10 25 29 35 
 5  6 11 25 29 35 
 4  7 11 25 29 35 
 3  8 11 25 29 35 
 2  9 11 25 29 35 
 1 10 11 25 29 35 
 4  6 12 25 29 35 
 3  7 12 25 29 35 
 2  8 12 25 29 35 
 1  9 12 25 29 35 
 4  5 13 25 29 35 
 3  6 13 25 29 35 
 2  7 13 25 29 35 
 1  8 13 25 29 35 
 3  5 14 25 29 35 
 2  6 14 25 29 35 
 1  7 14 25 29 35 
 3  4 15 25 29 35 
 2  5 15 25 29 35 
 1  6 15 25 29 35 
 2  4 16 25 29 35 
 1  5 16 25 29 35 
 2  3 17 25 29 35 
 1  4 17 25 29 35 
 1  3 18 25 29 35 
 1  2 19 25 29 35 
 6  7  8 26 29 35 
 5  7  9 26 29 35 
 4  8  9 26 29 35 
 5  6 10 26 29 35 
 4  7 10 26 29 35 
 3  8 10 26 29 35 
 2  9 10 26 29 35 
 4  6 11 26 29 35 
 3  7 11 26 29 35 
 2  8 11 26 29 35 
 1  9 11 26 29 35 
 4  5 12 26 29 35 
 3  6 12 26 29 35 
 2  7 12 26 29 35 
 1  8 12 26 29 35 
 3  5 13 26 29 35 
 2  6 13 26 29 35 
 1  7 13 26 29 35 
 3  4 14 26 29 35 
 2  5 14 26 29 35 
 1  6 14 26 29 35 
 2  4 15 26 29 35 
 1  5 15 26 29 35 
 2  3 16 26 29 35 
 1  4 16 26 29 35 
 1  3 17 26 29 35 
 1  2 18 26 29 35 
 5  7  8 27 29 35 
 5  6  9 27 29 35 
 4  7  9 27 29 35 
 3  8  9 27 29 35 
 4  6 10 27 29 35 
 3  7 10 27 29 35 
 2  8 10 27 29 35 
 1  9 10 27 29 35 
 4  5 11 27 29 35 
 3  6 11 27 29 35 
 2  7 11 27 29 35 
 1  8 11 27 29 35 
 3  5 12 27 29 35 
 2  6 12 27 29 35 
 1  7 12 27 29 35 
 3  4 13 27 29 35 
 2  5 13 27 29 35 
 1  6 13 27 29 35 
 2  4 14 27 29 35 
 1  5 14 27 29 35 
 2  3 15 27 29 35 
 1  4 15 27 29 35 
 1  3 16 27 29 35 
 1  2 17 27 29 35 
 5  6  8 28 29 35 
 4  7  8 28 29 35 
 4  6  9 28 29 35 
 3  7  9 28 29 35 
 2  8  9 28 29 35 
 4  5 10 28 29 35 
 3  6 10 28 29 35 
 2  7 10 28 29 35 
 1  8 10 28 29 35 
 3  5 11 28 29 35 
 2  6 11 28 29 35 
 1  7 11 28 29 35 
 3  4 12 28 29 35 
 2  5 12 28 29 35 
 1  6 12 28 29 35 
 2  4 13 28 29 35 
 1  5 13 28 29 35 
 2  3 14 28 29 35 
 1  4 14 28 29 35 
 1  3 15 28 29 35 
 1  2 16 28 29 35 
10 11 12 13 30 35 
 9 11 12 14 30 35 
 9 10 13 14 30 35 
 8 11 13 14 30 35 
 7 12 13 14 30 35 
 9 10 12 15 30 35 
 8 11 12 15 30 35 
 8 10 13 15 30 35 
 7 11 13 15 30 35 
 6 12 13 15 30 35 
 8  9 14 15 30 35 
 7 10 14 15 30 35 
 6 11 14 15 30 35 
 5 12 14 15 30 35 
 4 13 14 15 30 35 
 9 10 11 16 30 35 
 8 10 12 16 30 35 
 7 11 12 16 30 35 
 8  9 13 16 30 35 
 7 10 13 16 30 35 
 6 11 13 16 30 35 
 5 12 13 16 30 35 
 7  9 14 16 30 35 
 6 10 14 16 30 35 
 5 11 14 16 30 35 
 4 12 14 16 30 35 
 3 13 14 16 30 35 
 7  8 15 16 30 35 
 6  9 15 16 30 35 
 5 10 15 16 30 35 
 4 11 15 16 30 35 
 3 12 15 16 30 35 
 2 13 15 16 30 35 
 1 14 15 16 30 35 
 8 10 11 17 30 35 
 8  9 12 17 30 35 
 7 10 12 17 30 35 
 6 11 12 17 30 35 
 7  9 13 17 30 35 
 6 10 13 17 30 35 
 5 11 13 17 30 35 
 4 12 13 17 30 35 
 7  8 14 17 30 35 
 6  9 14 17 30 35 
 5 10 14 17 30 35 
 4 11 14 17 30 35 
 3 12 14 17 30 35 
 2 13 14 17 30 35 
 6  8 15 17 30 35 
 5  9 15 17 30 35 
 4 10 15 17 30 35 
 3 11 15 17 30 35 
 2 12 15 17 30 35 
 1 13 15 17 30 35 
 6  7 16 17 30 35 
 5  8 16 17 30 35 
 4  9 16 17 30 35 
 3 10 16 17 30 35 
 2 11 16 17 30 35 
 1 12 16 17 30 35 
 8  9 11 18 30 35 
 7 10 11 18 30 35 
 7  9 12 18 30 35 
 6 10 12 18 30 35 
 5 11 12 18 30 35 
 7  8 13 18 30 35 
 6  9 13 18 30 35 
 5 10 13 18 30 35 
 4 11 13 18 30 35 
 3 12 13 18 30 35 
 6  8 14 18 30 35 
 5  9 14 18 30 35 
 4 10 14 18 30 35 
 3 11 14 18 30 35 
 2 12 14 18 30 35 
 1 13 14 18 30 35 
 6  7 15 18 30 35 
 5  8 15 18 30 35 
 4  9 15 18 30 35 
 3 10 15 18 30 35 
 2 11 15 18 30 35 
 1 12 15 18 30 35 
 5  7 16 18 30 35 
 4  8 16 18 30 35 
 3  9 16 18 30 35 
 2 10 16 18 30 35 
 1 11 16 18 30 35 
 5  6 17 18 30 35 
 4  7 17 18 30 35 
 3  8 17 18 30 35 
 2  9 17 18 30 35 
 1 10 17 18 30 35 
 8  9 10 19 30 35 
 7  9 11 19 30 35 
 6 10 11 19 30 35 
 7  8 12 19 30 35 
 6  9 12 19 30 35 
 5 10 12 19 30 35 
 4 11 12 19 30 35 
 6  8 13 19 30 35 
 5  9 13 19 30 35 
 4 10 13 19 30 35 
 3 11 13 19 30 35 
 2 12 13 19 30 35 
 6  7 14 19 30 35 
 5  8 14 19 30 35 
 4  9 14 19 30 35 
 3 10 14 19 30 35 
 2 11 14 19 30 35 
 1 12 14 19 30 35 
 5  7 15 19 30 35 
 4  8 15 19 30 35 
 3  9 15 19 30 35 
 2 10 15 19 30 35 
 1 11 15 19 30 35 
 5  6 16 19 30 35 
 4  7 16 19 30 35 
 3  8 16 19 30 35 
 2  9 16 19 30 35 
 1 10 16 19 30 35 
 4  6 17 19 30 35 
 3  7 17 19 30 35 
 2  8 17 19 30 35 
 1  9 17 19 30 35 
 4  5 18 19 30 35 
 3  6 18 19 30 35 
 2  7 18 19 30 35 
 1  8 18 19 30 35 
 7  9 10 20 30 35 
 7  8 11 20 30 35 
 6  9 11 20 30 35 
 5 10 11 20 30 35 
 6  8 12 20 30 35 
 5  9 12 20 30 35 
 4 10 12 20 30 35 
 3 11 12 20 30 35 
 6  7 13 20 30 35 
 5  8 13 20 30 35 
 4  9 13 20 30 35 
 3 10 13 20 30 35 
 2 11 13 20 30 35 
 1 12 13 20 30 35 
 5  7 14 20 30 35 
 4  8 14 20 30 35 
 3  9 14 20 30 35 
 2 10 14 20 30 35 
 1 11 14 20 30 35 
 5  6 15 20 30 35 
 4  7 15 20 30 35 
 3  8 15 20 30 35 
 2  9 15 20 30 35 
 1 10 15 20 30 35 
 4  6 16 20 30 35 
 3  7 16 20 30 35 
 2  8 16 20 30 35 
 1  9 16 20 30 35 
 4  5 17 20 30 35 
 3  6 17 20 30 35 
 2  7 17 20 30 35 
 1  8 17 20 30 35 
 3  5 18 20 30 35 
 2  6 18 20 30 35 
 1  7 18 20 30 35 
 3  4 19 20 30 35 
 2  5 19 20 30 35 
 1  6 19 20 30 35 
 7  8 10 21 30 35 
 6  9 10 21 30 35 
 6  8 11 21 30 35 
 5  9 11 21 30 35 
 4 10 11 21 30 35 
 6  7 12 21 30 35 
 5  8 12 21 30 35 
 4  9 12 21 30 35 
 3 10 12 21 30 35 
 2 11 12 21 30 35 
 5  7 13 21 30 35 
 4  8 13 21 30 35 
 3  9 13 21 30 35 
 2 10 13 21 30 35 
 1 11 13 21 30 35 
 5  6 14 21 30 35 
 4  7 14 21 30 35 
 3  8 14 21 30 35 
 2  9 14 21 30 35 
 1 10 14 21 30 35 
 4  6 15 21 30 35 
 3  7 15 21 30 35 
 2  8 15 21 30 35 
 1  9 15 21 30 35 
 4  5 16 21 30 35 
 3  6 16 21 30 35 
 2  7 16 21 30 35 
 1  8 16 21 30 35 
 3  5 17 21 30 35 
 2  6 17 21 30 35 
 1  7 17 21 30 35 
 3  4 18 21 30 35 
 2  5 18 21 30 35 
 1  6 18 21 30 35 
 2  4 19 21 30 35 
 1  5 19 21 30 35 
 2  3 20 21 30 35 
 1  4 20 21 30 35 
 7  8  9 22 30 35 
 6  8 10 22 30 35 
 5  9 10 22 30 35 
 6  7 11 22 30 35 
 5  8 11 22 30 35 
 4  9 11 22 30 35 
 3 10 11 22 30 35 
 5  7 12 22 30 35 
 4  8 12 22 30 35 
 3  9 12 22 30 35 
 2 10 12 22 30 35 
 1 11 12 22 30 35 
 5  6 13 22 30 35 
 4  7 13 22 30 35 
 3  8 13 22 30 35 
 2  9 13 22 30 35 
 1 10 13 22 30 35 
 4  6 14 22 30 35 
 3  7 14 22 30 35 
 2  8 14 22 30 35 
 1  9 14 22 30 35 
 4  5 15 22 30 35 
 3  6 15 22 30 35 
 2  7 15 22 30 35 
 1  8 15 22 30 35 
 3  5 16 22 30 35 
 2  6 16 22 30 35 
 1  7 16 22 30 35 
 3  4 17 22 30 35 
 2  5 17 22 30 35 
 1  6 17 22 30 35 
 2  4 18 22 30 35 
 1  5 18 22 30 35 
 2  3 19 22 30 35 
 1  4 19 22 30 35 
 1  3 20 22 30 35 
 1  2 21 22 30 35 
 6  8  9 23 30 35 
 6  7 10 23 30 35 
 5  8 10 23 30 35 
 4  9 10 23 30 35 
 5  7 11 23 30 35 
 4  8 11 23 30 35 
 3  9 11 23 30 35 
 2 10 11 23 30 35 
 5  6 12 23 30 35 
 4  7 12 23 30 35 
 3  8 12 23 30 35 
 2  9 12 23 30 35 
 1 10 12 23 30 35 
 4  6 13 23 30 35 
 3  7 13 23 30 35 
 2  8 13 23 30 35 
 1  9 13 23 30 35 
 4  5 14 23 30 35 
 3  6 14 23 30 35 
 2  7 14 23 30 35 
 1  8 14 23 30 35 
 3  5 15 23 30 35 
 2  6 15 23 30 35 
 1  7 15 23 30 35 
 3  4 16 23 30 35 
 2  5 16 23 30 35 
 1  6 16 23 30 35 
 2  4 17 23 30 35 
 1  5 17 23 30 35 
 2  3 18 23 30 35 
 1  4 18 23 30 35 
 1  3 19 23 30 35 
 1  2 20 23 30 35 
 6  7  9 24 30 35 
 5  8  9 24 30 35 
 5  7 10 24 30 35 
 4  8 10 24 30 35 
 3  9 10 24 30 35 
 5  6 11 24 30 35 
 4  7 11 24 30 35 
 3  8 11 24 30 35 
 2  9 11 24 30 35 
 1 10 11 24 30 35 
 4  6 12 24 30 35 
 3  7 12 24 30 35 
 2  8 12 24 30 35 
 1  9 12 24 30 35 
 4  5 13 24 30 35 
 3  6 13 24 30 35 
 2  7 13 24 30 35 
 1  8 13 24 30 35 
 3  5 14 24 30 35 
 2  6 14 24 30 35 
 1  7 14 24 30 35 
 3  4 15 24 30 35 
 2  5 15 24 30 35 
 1  6 15 24 30 35 
 2  4 16 24 30 35 
 1  5 16 24 30 35 
 2  3 17 24 30 35 
 1  4 17 24 30 35 
 1  3 18 24 30 35 
 1  2 19 24 30 35 
 6  7  8 25 30 35 
 5  7  9 25 30 35 
 4  8  9 25 30 35 
 5  6 10 25 30 35 
 4  7 10 25 30 35 
 3  8 10 25 30 35 
 2  9 10 25 30 35 
 4  6 11 25 30 35 
 3  7 11 25 30 35 
 2  8 11 25 30 35 
 1  9 11 25 30 35 
 4  5 12 25 30 35 
 3  6 12 25 30 35 
 2  7 12 25 30 35 
 1  8 12 25 30 35 
 3  5 13 25 30 35 
 2  6 13 25 30 35 
 1  7 13 25 30 35 
 3  4 14 25 30 35 
 2  5 14 25 30 35 
 1  6 14 25 30 35 
 2  4 15 25 30 35 
 1  5 15 25 30 35 
 2  3 16 25 30 35 
 1  4 16 25 30 35 
 1  3 17 25 30 35 
 1  2 18 25 30 35 
 5  7  8 26 30 35 
 5  6  9 26 30 35 
 4  7  9 26 30 35 
 3  8  9 26 30 35 
 4  6 10 26 30 35 
 3  7 10 26 30 35 
 2  8 10 26 30 35 
 1  9 10 26 30 35 
 4  5 11 26 30 35 
 3  6 11 26 30 35 
 2  7 11 26 30 35 
 1  8 11 26 30 35 
 3  5 12 26 30 35 
 2  6 12 26 30 35 
 1  7 12 26 30 35 
 3  4 13 26 30 35 
 2  5 13 26 30 35 
 1  6 13 26 30 35 
 2  4 14 26 30 35 
 1  5 14 26 30 35 
 2  3 15 26 30 35 
 1  4 15 26 30 35 
 1  3 16 26 30 35 
 1  2 17 26 30 35 
 5  6  8 27 30 35 
 4  7  8 27 30 35 
 4  6  9 27 30 35 
 3  7  9 27 30 35 
 2  8  9 27 30 35 
 4  5 10 27 30 35 
 3  6 10 27 30 35 
 2  7 10 27 30 35 
 1  8 10 27 30 35 
 3  5 11 27 30 35 
 2  6 11 27 30 35 
 1  7 11 27 30 35 
 3  4 12 27 30 35 
 2  5 12 27 30 35 
 1  6 12 27 30 35 
 2  4 13 27 30 35 
 1  5 13 27 30 35 
 2  3 14 27 30 35 
 1  4 14 27 30 35 
 1  3 15 27 30 35 
 1  2 16 27 30 35 
 5  6  7 28 30 35 
 4  6  8 28 30 35 
 3  7  8 28 30 35 
 4  5  9 28 30 35 
 3  6  9 28 30 35 
 2  7  9 28 30 35 
 1  8  9 28 30 35 
 3  5 10 28 30 35 
 2  6 10 28 30 35 
 1  7 10 28 30 35 
 3  4 11 28 30 35 
 2  5 11 28 30 35 
 1  6 11 28 30 35 
 2  4 12 28 30 35 
 1  5 12 28 30 35 
 2  3 13 28 30 35 
 1  4 13 28 30 35 
 1  3 14 28 30 35 
 1  2 15 28 30 35 
 4  6  7 29 30 35 
 4  5  8 29 30 35 
 3  6  8 29 30 35 
 2  7  8 29 30 35 
 3  5  9 29 30 35 
 2  6  9 29 30 35 
 1  7  9 29 30 35 
 3  4 10 29 30 35 
 2  5 10 29 30 35 
 1  6 10 29 30 35 
 2  4 11 29 30 35 
 1  5 11 29 30 35 
 2  3 12 29 30 35 
 1  4 12 29 30 35 
 1  3 13 29 30 35 
 1  2 14 29 30 35 
 9 11 12 13 31 35 
 9 10 12 14 31 35 
 8 11 12 14 31 35 
 8 10 13 14 31 35 
 7 11 13 14 31 35 
 6 12 13 14 31 35 
 9 10 11 15 31 35 
 8 10 12 15 31 35 
 7 11 12 15 31 35 
 8  9 13 15 31 35 
 7 10 13 15 31 35 
 6 11 13 15 31 35 
 5 12 13 15 31 35 
 7  9 14 15 31 35 
 6 10 14 15 31 35 
 5 11 14 15 31 35 
 4 12 14 15 31 35 
 3 13 14 15 31 35 
 8 10 11 16 31 35 
 8  9 12 16 31 35 
 7 10 12 16 31 35 
 6 11 12 16 31 35 
 7  9 13 16 31 35 
 6 10 13 16 31 35 
 5 11 13 16 31 35 
 4 12 13 16 31 35 
 7  8 14 16 31 35 
 6  9 14 16 31 35 
 5 10 14 16 31 35 
 4 11 14 16 31 35 
 3 12 14 16 31 35 
 2 13 14 16 31 35 
 6  8 15 16 31 35 
 5  9 15 16 31 35 
 4 10 15 16 31 35 
 3 11 15 16 31 35 
 2 12 15 16 31 35 
 1 13 15 16 31 35 
 8  9 11 17 31 35 
 7 10 11 17 31 35 
 7  9 12 17 31 35 
 6 10 12 17 31 35 
 5 11 12 17 31 35 
 7  8 13 17 31 35 
 6  9 13 17 31 35 
 5 10 13 17 31 35 
 4 11 13 17 31 35 
 3 12 13 17 31 35 
 6  8 14 17 31 35 
 5  9 14 17 31 35 
 4 10 14 17 31 35 
 3 11 14 17 31 35 
 2 12 14 17 31 35 
 1 13 14 17 31 35 
 6  7 15 17 31 35 
 5  8 15 17 31 35 
 4  9 15 17 31 35 
 3 10 15 17 31 35 
 2 11 15 17 31 35 
 1 12 15 17 31 35 
 5  7 16 17 31 35 
 4  8 16 17 31 35 
 3  9 16 17 31 35 
 2 10 16 17 31 35 
 1 11 16 17 31 35 
 8  9 10 18 31 35 
 7  9 11 18 31 35 
 6 10 11 18 31 35 
 7  8 12 18 31 35 
 6  9 12 18 31 35 
 5 10 12 18 31 35 
 4 11 12 18 31 35 
 6  8 13 18 31 35 
 5  9 13 18 31 35 
 4 10 13 18 31 35 
 3 11 13 18 31 35 
 2 12 13 18 31 35 
 6  7 14 18 31 35 
 5  8 14 18 31 35 
 4  9 14 18 31 35 
 3 10 14 18 31 35 
 2 11 14 18 31 35 
 1 12 14 18 31 35 
 5  7 15 18 31 35 
 4  8 15 18 31 35 
 3  9 15 18 31 35 
 2 10 15 18 31 35 
 1 11 15 18 31 35 
 5  6 16 18 31 35 
 4  7 16 18 31 35 
 3  8 16 18 31 35 
 2  9 16 18 31 35 
 1 10 16 18 31 35 
 4  6 17 18 31 35 
 3  7 17 18 31 35 
 2  8 17 18 31 35 
 1  9 17 18 31 35 
 7  9 10 19 31 35 
 7  8 11 19 31 35 
 6  9 11 19 31 35 
 5 10 11 19 31 35 
 6  8 12 19 31 35 
 5  9 12 19 31 35 
 4 10 12 19 31 35 
 3 11 12 19 31 35 
 6  7 13 19 31 35 
 5  8 13 19 31 35 
 4  9 13 19 31 35 
 3 10 13 19 31 35 
 2 11 13 19 31 35 
 1 12 13 19 31 35 
 5  7 14 19 31 35 
 4  8 14 19 31 35 
 3  9 14 19 31 35 
 2 10 14 19 31 35 
 1 11 14 19 31 35 
 5  6 15 19 31 35 
 4  7 15 19 31 35 
 3  8 15 19 31 35 
 2  9 15 19 31 35 
 1 10 15 19 31 35 
 4  6 16 19 31 35 
 3  7 16 19 31 35 
 2  8 16 19 31 35 
 1  9 16 19 31 35 
 4  5 17 19 31 35 
 3  6 17 19 31 35 
 2  7 17 19 31 35 
 1  8 17 19 31 35 
 3  5 18 19 31 35 
 2  6 18 19 31 35 
 1  7 18 19 31 35 
 7  8 10 20 31 35 
 6  9 10 20 31 35 
 6  8 11 20 31 35 
 5  9 11 20 31 35 
 4 10 11 20 31 35 
 6  7 12 20 31 35 
 5  8 12 20 31 35 
 4  9 12 20 31 35 
 3 10 12 20 31 35 
 2 11 12 20 31 35 
 5  7 13 20 31 35 
 4  8 13 20 31 35 
 3  9 13 20 31 35 
 2 10 13 20 31 35 
 1 11 13 20 31 35 
 5  6 14 20 31 35 
 4  7 14 20 31 35 
 3  8 14 20 31 35 
 2  9 14 20 31 35 
 1 10 14 20 31 35 
 4  6 15 20 31 35 
 3  7 15 20 31 35 
 2  8 15 20 31 35 
 1  9 15 20 31 35 
 4  5 16 20 31 35 
 3  6 16 20 31 35 
 2  7 16 20 31 35 
 1  8 16 20 31 35 
 3  5 17 20 31 35 
 2  6 17 20 31 35 
 1  7 17 20 31 35 
 3  4 18 20 31 35 
 2  5 18 20 31 35 
 1  6 18 20 31 35 
 2  4 19 20 31 35 
 1  5 19 20 31 35 
 7  8  9 21 31 35 
 6  8 10 21 31 35 
 5  9 10 21 31 35 
 6  7 11 21 31 35 
 5  8 11 21 31 35 
 4  9 11 21 31 35 
 3 10 11 21 31 35 
 5  7 12 21 31 35 
 4  8 12 21 31 35 
 3  9 12 21 31 35 
 2 10 12 21 31 35 
 1 11 12 21 31 35 
 5  6 13 21 31 35 
 4  7 13 21 31 35 
 3  8 13 21 31 35 
 2  9 13 21 31 35 
 1 10 13 21 31 35 
 4  6 14 21 31 35 
 3  7 14 21 31 35 
 2  8 14 21 31 35 
 1  9 14 21 31 35 
 4  5 15 21 31 35 
 3  6 15 21 31 35 
 2  7 15 21 31 35 
 1  8 15 21 31 35 
 3  5 16 21 31 35 
 2  6 16 21 31 35 
 1  7 16 21 31 35 
 3  4 17 21 31 35 
 2  5 17 21 31 35 
 1  6 17 21 31 35 
 2  4 18 21 31 35 
 1  5 18 21 31 35 
 2  3 19 21 31 35 
 1  4 19 21 31 35 
 1  3 20 21 31 35 
 6  8  9 22 31 35 
 6  7 10 22 31 35 
 5  8 10 22 31 35 
 4  9 10 22 31 35 
 5  7 11 22 31 35 
 4  8 11 22 31 35 
 3  9 11 22 31 35 
 2 10 11 22 31 35 
 5  6 12 22 31 35 
 4  7 12 22 31 35 
 3  8 12 22 31 35 
 2  9 12 22 31 35 
 1 10 12 22 31 35 
 4  6 13 22 31 35 
 3  7 13 22 31 35 
 2  8 13 22 31 35 
 1  9 13 22 31 35 
 4  5 14 22 31 35 
 3  6 14 22 31 35 
 2  7 14 22 31 35 
 1  8 14 22 31 35 
 3  5 15 22 31 35 
 2  6 15 22 31 35 
 1  7 15 22 31 35 
 3  4 16 22 31 35 
 2  5 16 22 31 35 
 1  6 16 22 31 35 
 2  4 17 22 31 35 
 1  5 17 22 31 35 
 2  3 18 22 31 35 
 1  4 18 22 31 35 
 1  3 19 22 31 35 
 1  2 20 22 31 35 
 6  7  9 23 31 35 
 5  8  9 23 31 35 
 5  7 10 23 31 35 
 4  8 10 23 31 35 
 3  9 10 23 31 35 
 5  6 11 23 31 35 
 4  7 11 23 31 35 
 3  8 11 23 31 35 
 2  9 11 23 31 35 
 1 10 11 23 31 35 
 4  6 12 23 31 35 
 3  7 12 23 31 35 
 2  8 12 23 31 35 
 1  9 12 23 31 35 
 4  5 13 23 31 35 
 3  6 13 23 31 35 
 2  7 13 23 31 35 
 1  8 13 23 31 35 
 3  5 14 23 31 35 
 2  6 14 23 31 35 
 1  7 14 23 31 35 
 3  4 15 23 31 35 
 2  5 15 23 31 35 
 1  6 15 23 31 35 
 2  4 16 23 31 35 
 1  5 16 23 31 35 
 2  3 17 23 31 35 
 1  4 17 23 31 35 
 1  3 18 23 31 35 
 1  2 19 23 31 35 
 6  7  8 24 31 35 
 5  7  9 24 31 35 
 4  8  9 24 31 35 
 5  6 10 24 31 35 
 4  7 10 24 31 35 
 3  8 10 24 31 35 
 2  9 10 24 31 35 
 4  6 11 24 31 35 
 3  7 11 24 31 35 
 2  8 11 24 31 35 
 1  9 11 24 31 35 
 4  5 12 24 31 35 
 3  6 12 24 31 35 
 2  7 12 24 31 35 
 1  8 12 24 31 35 
 3  5 13 24 31 35 
 2  6 13 24 31 35 
 1  7 13 24 31 35 
 3  4 14 24 31 35 
 2  5 14 24 31 35 
 1  6 14 24 31 35 
 2  4 15 24 31 35 
 1  5 15 24 31 35 
 2  3 16 24 31 35 
 1  4 16 24 31 35 
 1  3 17 24 31 35 
 1  2 18 24 31 35 
 5  7  8 25 31 35 
 5  6  9 25 31 35 
 4  7  9 25 31 35 
 3  8  9 25 31 35 
 4  6 10 25 31 35 
 3  7 10 25 31 35 
 2  8 10 25 31 35 
 1  9 10 25 31 35 
 4  5 11 25 31 35 
 3  6 11 25 31 35 
 2  7 11 25 31 35 
 1  8 11 25 31 35 
 3  5 12 25 31 35 
 2  6 12 25 31 35 
 1  7 12 25 31 35 
 3  4 13 25 31 35 
 2  5 13 25 31 35 
 1  6 13 25 31 35 
 2  4 14 25 31 35 
 1  5 14 25 31 35 
 2  3 15 25 31 35 
 1  4 15 25 31 35 
 1  3 16 25 31 35 
 1  2 17 25 31 35 
 5  6  8 26 31 35 
 4  7  8 26 31 35 
 4  6  9 26 31 35 
 3  7  9 26 31 35 
 2  8  9 26 31 35 
 4  5 10 26 31 35 
 3  6 10 26 31 35 
 2  7 10 26 31 35 
 1  8 10 26 31 35 
 3  5 11 26 31 35 
 2  6 11 26 31 35 
 1  7 11 26 31 35 
 3  4 12 26 31 35 
 2  5 12 26 31 35 
 1  6 12 26 31 35 
 2  4 13 26 31 35 
 1  5 13 26 31 35 
 2  3 14 26 31 35 
 1  4 14 26 31 35 
 1  3 15 26 31 35 
 1  2 16 26 31 35 
 5  6  7 27 31 35 
 4  6  8 27 31 35 
 3  7  8 27 31 35 
 4  5  9 27 31 35 
 3  6  9 27 31 35 
 2  7  9 27 31 35 
 1  8  9 27 31 35 
 3  5 10 27 31 35 
 2  6 10 27 31 35 
 1  7 10 27 31 35 
 3  4 11 27 31 35 
 2  5 11 27 31 35 
 1  6 11 27 31 35 
 2  4 12 27 31 35 
 1  5 12 27 31 35 
 2  3 13 27 31 35 
 1  4 13 27 31 35 
 1  3 14 27 31 35 
 1  2 15 27 31 35 
 4  6  7 28 31 35 
 4  5  8 28 31 35 
 3  6  8 28 31 35 
 2  7  8 28 31 35 
 3  5  9 28 31 35 
 2  6  9 28 31 35 
 1  7  9 28 31 35 
 3  4 10 28 31 35 
 2  5 10 28 31 35 
 1  6 10 28 31 35 
 2  4 11 28 31 35 
 1  5 11 28 31 35 
 2  3 12 28 31 35 
 1  4 12 28 31 35 
 1  3 13 28 31 35 
 1  2 14 28 31 35 
 4  5  7 29 31 35 
 3  6  7 29 31 35 
 3  5  8 29 31 35 
 2  6  8 29 31 35 
 1  7  8 29 31 35 
 3  4  9 29 31 35 
 2  5  9 29 31 35 
 1  6  9 29 31 35 
 2  4 10 29 31 35 
 1  5 10 29 31 35 
 2  3 11 29 31 35 
 1  4 11 29 31 35 
 1  3 12 29 31 35 
 1  2 13 29 31 35 
 4  5  6 30 31 35 
 3  5  7 30 31 35 
 2  6  7 30 31 35 
 3  4  8 30 31 35 
 2  5  8 30 31 35 
 1  6  8 30 31 35 
 2  4  9 30 31 35 
 1  5  9 30 31 35 
 2  3 10 30 31 35 
 1  4 10 30 31 35 
 1  3 11 30 31 35 
 1  2 12 30 31 35 
 9 10 12 13 32 35 
 8 11 12 13 32 35 
 9 10 11 14 32 35 
 8 10 12 14 32 35 
 7 11 12 14 32 35 
 8  9 13 14 32 35 
 7 10 13 14 32 35 
 6 11 13 14 32 35 
 5 12 13 14 32 35 
 8 10 11 15 32 35 
 8  9 12 15 32 35 
 7 10 12 15 32 35 
 6 11 12 15 32 35 
 7  9 13 15 32 35 
 6 10 13 15 32 35 
 5 11 13 15 32 35 
 4 12 13 15 32 35 
 7  8 14 15 32 35 
 6  9 14 15 32 35 
 5 10 14 15 32 35 
 4 11 14 15 32 35 
 3 12 14 15 32 35 
 2 13 14 15 32 35 
 8  9 11 16 32 35 
 7 10 11 16 32 35 
 7  9 12 16 32 35 
 6 10 12 16 32 35 
 5 11 12 16 32 35 
 7  8 13 16 32 35 
 6  9 13 16 32 35 
 5 10 13 16 32 35 
 4 11 13 16 32 35 
 3 12 13 16 32 35 
 6  8 14 16 32 35 
 5  9 14 16 32 35 
 4 10 14 16 32 35 
 3 11 14 16 32 35 
 2 12 14 16 32 35 
 1 13 14 16 32 35 
 6  7 15 16 32 35 
 5  8 15 16 32 35 
 4  9 15 16 32 35 
 3 10 15 16 32 35 
 2 11 15 16 32 35 
 1 12 15 16 32 35 
 8  9 10 17 32 35 
 7  9 11 17 32 35 
 6 10 11 17 32 35 
 7  8 12 17 32 35 
 6  9 12 17 32 35 
 5 10 12 17 32 35 
 4 11 12 17 32 35 
 6  8 13 17 32 35 
 5  9 13 17 32 35 
 4 10 13 17 32 35 
 3 11 13 17 32 35 
 2 12 13 17 32 35 
 6  7 14 17 32 35 
 5  8 14 17 32 35 
 4  9 14 17 32 35 
 3 10 14 17 32 35 
 2 11 14 17 32 35 
 1 12 14 17 32 35 
 5  7 15 17 32 35 
 4  8 15 17 32 35 
 3  9 15 17 32 35 
 2 10 15 17 32 35 
 1 11 15 17 32 35 
 5  6 16 17 32 35 
 4  7 16 17 32 35 
 3  8 16 17 32 35 
 2  9 16 17 32 35 
 1 10 16 17 32 35 
 7  9 10 18 32 35 
 7  8 11 18 32 35 
 6  9 11 18 32 35 
 5 10 11 18 32 35 
 6  8 12 18 32 35 
 5  9 12 18 32 35 
 4 10 12 18 32 35 
 3 11 12 18 32 35 
 6  7 13 18 32 35 
 5  8 13 18 32 35 
 4  9 13 18 32 35 
 3 10 13 18 32 35 
 2 11 13 18 32 35 
 1 12 13 18 32 35 
 5  7 14 18 32 35 
 4  8 14 18 32 35 
 3  9 14 18 32 35 
 2 10 14 18 32 35 
 1 11 14 18 32 35 
 5  6 15 18 32 35 
 4  7 15 18 32 35 
 3  8 15 18 32 35 
 2  9 15 18 32 35 
 1 10 15 18 32 35 
 4  6 16 18 32 35 
 3  7 16 18 32 35 
 2  8 16 18 32 35 
 1  9 16 18 32 35 
 4  5 17 18 32 35 
 3  6 17 18 32 35 
 2  7 17 18 32 35 
 1  8 17 18 32 35 
 7  8 10 19 32 35 
 6  9 10 19 32 35 
 6  8 11 19 32 35 
 5  9 11 19 32 35 
 4 10 11 19 32 35 
 6  7 12 19 32 35 
 5  8 12 19 32 35 
 4  9 12 19 32 35 
 3 10 12 19 32 35 
 2 11 12 19 32 35 
 5  7 13 19 32 35 
 4  8 13 19 32 35 
 3  9 13 19 32 35 
 2 10 13 19 32 35 
 1 11 13 19 32 35 
 5  6 14 19 32 35 
 4  7 14 19 32 35 
 3  8 14 19 32 35 
 2  9 14 19 32 35 
 1 10 14 19 32 35 
 4  6 15 19 32 35 
 3  7 15 19 32 35 
 2  8 15 19 32 35 
 1  9 15 19 32 35 
 4  5 16 19 32 35 
 3  6 16 19 32 35 
 2  7 16 19 32 35 
 1  8 16 19 32 35 
 3  5 17 19 32 35 
 2  6 17 19 32 35 
 1  7 17 19 32 35 
 3  4 18 19 32 35 
 2  5 18 19 32 35 
 1  6 18 19 32 35 
 7  8  9 20 32 35 
 6  8 10 20 32 35 
 5  9 10 20 32 35 
 6  7 11 20 32 35 
 5  8 11 20 32 35 
 4  9 11 20 32 35 
 3 10 11 20 32 35 
 5  7 12 20 32 35 
 4  8 12 20 32 35 
 3  9 12 20 32 35 
 2 10 12 20 32 35 
 1 11 12 20 32 35 
 5  6 13 20 32 35 
 4  7 13 20 32 35 
 3  8 13 20 32 35 
 2  9 13 20 32 35 
 1 10 13 20 32 35 
 4  6 14 20 32 35 
 3  7 14 20 32 35 
 2  8 14 20 32 35 
 1  9 14 20 32 35 
 4  5 15 20 32 35 
 3  6 15 20 32 35 
 2  7 15 20 32 35 
 1  8 15 20 32 35 
 3  5 16 20 32 35 
 2  6 16 20 32 35 
 1  7 16 20 32 35 
 3  4 17 20 32 35 
 2  5 17 20 32 35 
 1  6 17 20 32 35 
 2  4 18 20 32 35 
 1  5 18 20 32 35 
 2  3 19 20 32 35 
 1  4 19 20 32 35 
 6  8  9 21 32 35 
 6  7 10 21 32 35 
 5  8 10 21 32 35 
 4  9 10 21 32 35 
 5  7 11 21 32 35 
 4  8 11 21 32 35 
 3  9 11 21 32 35 
 2 10 11 21 32 35 
 5  6 12 21 32 35 
 4  7 12 21 32 35 
 3  8 12 21 32 35 
 2  9 12 21 32 35 
 1 10 12 21 32 35 
 4  6 13 21 32 35 
 3  7 13 21 32 35 
 2  8 13 21 32 35 
 1  9 13 21 32 35 
 4  5 14 21 32 35 
 3  6 14 21 32 35 
 2  7 14 21 32 35 
 1  8 14 21 32 35 
 3  5 15 21 32 35 
 2  6 15 21 32 35 
 1  7 15 21 32 35 
 3  4 16 21 32 35 
 2  5 16 21 32 35 
 1  6 16 21 32 35 
 2  4 17 21 32 35 
 1  5 17 21 32 35 
 2  3 18 21 32 35 
 1  4 18 21 32 35 
 1  3 19 21 32 35 
 1  2 20 21 32 35 
 6  7  9 22 32 35 
 5  8  9 22 32 35 
 5  7 10 22 32 35 
 4  8 10 22 32 35 
 3  9 10 22 32 35 
 5  6 11 22 32 35 
 4  7 11 22 32 35 
 3  8 11 22 32 35 
 2  9 11 22 32 35 
 1 10 11 22 32 35 
 4  6 12 22 32 35 
 3  7 12 22 32 35 
 2  8 12 22 32 35 
 1  9 12 22 32 35 
 4  5 13 22 32 35 
 3  6 13 22 32 35 
 2  7 13 22 32 35 
 1  8 13 22 32 35 
 3  5 14 22 32 35 
 2  6 14 22 32 35 
 1  7 14 22 32 35 
 3  4 15 22 32 35 
 2  5 15 22 32 35 
 1  6 15 22 32 35 
 2  4 16 22 32 35 
 1  5 16 22 32 35 
 2  3 17 22 32 35 
 1  4 17 22 32 35 
 1  3 18 22 32 35 
 1  2 19 22 32 35 
 6  7  8 23 32 35 
 5  7  9 23 32 35 
 4  8  9 23 32 35 
 5  6 10 23 32 35 
 4  7 10 23 32 35 
 3  8 10 23 32 35 
 2  9 10 23 32 35 
 4  6 11 23 32 35 
 3  7 11 23 32 35 
 2  8 11 23 32 35 
 1  9 11 23 32 35 
 4  5 12 23 32 35 
 3  6 12 23 32 35 
 2  7 12 23 32 35 
 1  8 12 23 32 35 
 3  5 13 23 32 35 
 2  6 13 23 32 35 
 1  7 13 23 32 35 
 3  4 14 23 32 35 
 2  5 14 23 32 35 
 1  6 14 23 32 35 
 2  4 15 23 32 35 
 1  5 15 23 32 35 
 2  3 16 23 32 35 
 1  4 16 23 32 35 
 1  3 17 23 32 35 
 1  2 18 23 32 35 
 5  7  8 24 32 35 
 5  6  9 24 32 35 
 4  7  9 24 32 35 
 3  8  9 24 32 35 
 4  6 10 24 32 35 
 3  7 10 24 32 35 
 2  8 10 24 32 35 
 1  9 10 24 32 35 
 4  5 11 24 32 35 
 3  6 11 24 32 35 
 2  7 11 24 32 35 
 1  8 11 24 32 35 
 3  5 12 24 32 35 
 2  6 12 24 32 35 
 1  7 12 24 32 35 
 3  4 13 24 32 35 
 2  5 13 24 32 35 
 1  6 13 24 32 35 
 2  4 14 24 32 35 
 1  5 14 24 32 35 
 2  3 15 24 32 35 
 1  4 15 24 32 35 
 1  3 16 24 32 35 
 1  2 17 24 32 35 
 5  6  8 25 32 35 
 4  7  8 25 32 35 
 4  6  9 25 32 35 
 3  7  9 25 32 35 
 2  8  9 25 32 35 
 4  5 10 25 32 35 
 3  6 10 25 32 35 
 2  7 10 25 32 35 
 1  8 10 25 32 35 
 3  5 11 25 32 35 
 2  6 11 25 32 35 
 1  7 11 25 32 35 
 3  4 12 25 32 35 
 2  5 12 25 32 35 
 1  6 12 25 32 35 
 2  4 13 25 32 35 
 1  5 13 25 32 35 
 2  3 14 25 32 35 
 1  4 14 25 32 35 
 1  3 15 25 32 35 
 1  2 16 25 32 35 
 5  6  7 26 32 35 
 4  6  8 26 32 35 
 3  7  8 26 32 35 
 4  5  9 26 32 35 
 3  6  9 26 32 35 
 2  7  9 26 32 35 
 1  8  9 26 32 35 
 3  5 10 26 32 35 
 2  6 10 26 32 35 
 1  7 10 26 32 35 
 3  4 11 26 32 35 
 2  5 11 26 32 35 
 1  6 11 26 32 35 
 2  4 12 26 32 35 
 1  5 12 26 32 35 
 2  3 13 26 32 35 
 1  4 13 26 32 35 
 1  3 14 26 32 35 
 1  2 15 26 32 35 
 4  6  7 27 32 35 
 4  5  8 27 32 35 
 3  6  8 27 32 35 
 2  7  8 27 32 35 
 3  5  9 27 32 35 
 2  6  9 27 32 35 
 1  7  9 27 32 35 
 3  4 10 27 32 35 
 2  5 10 27 32 35 
 1  6 10 27 32 35 
 2  4 11 27 32 35 
 1  5 11 27 32 35 
 2  3 12 27 32 35 
 1  4 12 27 32 35 
 1  3 13 27 32 35 
 1  2 14 27 32 35 
 4  5  7 28 32 35 
 3  6  7 28 32 35 
 3  5  8 28 32 35 
 2  6  8 28 32 35 
 1  7  8 28 32 35 
 3  4  9 28 32 35 
 2  5  9 28 32 35 
 1  6  9 28 32 35 
 2  4 10 28 32 35 
 1  5 10 28 32 35 
 2  3 11 28 32 35 
 1  4 11 28 32 35 
 1  3 12 28 32 35 
 1  2 13 28 32 35 
 4  5  6 29 32 35 
 3  5  7 29 32 35 
 2  6  7 29 32 35 
 3  4  8 29 32 35 
 2  5  8 29 32 35 
 1  6  8 29 32 35 
 2  4  9 29 32 35 
 1  5  9 29 32 35 
 2  3 10 29 32 35 
 1  4 10 29 32 35 
 1  3 11 29 32 35 
 1  2 12 29 32 35 
 3  5  6 30 32 35 
 3  4  7 30 32 35 
 2  5  7 30 32 35 
 1  6  7 30 32 35 
 2  4  8 30 32 35 
 1  5  8 30 32 35 
 2  3  9 30 32 35 
 1  4  9 30 32 35 
 1  3 10 30 32 35 
 1  2 11 30 32 35 
 3  4  6 31 32 35 
 2  5  6 31 32 35 
 2  4  7 31 32 35 
 1  5  7 31 32 35 
 2  3  8 31 32 35 
 1  4  8 31 32 35 
 1  3  9 31 32 35 
 1  2 10 31 32 35 
 9 10 11 13 33 35 
 8 10 12 13 33 35 
 7 11 12 13 33 35 
 8 10 11 14 33 35 
 8  9 12 14 33 35 
 7 10 12 14 33 35 
 6 11 12 14 33 35 
 7  9 13 14 33 35 
 6 10 13 14 33 35 
 5 11 13 14 33 35 
 4 12 13 14 33 35 
 8  9 11 15 33 35 
 7 10 11 15 33 35 
 7  9 12 15 33 35 
 6 10 12 15 33 35 
 5 11 12 15 33 35 
 7  8 13 15 33 35 
 6  9 13 15 33 35 
 5 10 13 15 33 35 
 4 11 13 15 33 35 
 3 12 13 15 33 35 
 6  8 14 15 33 35 
 5  9 14 15 33 35 
 4 10 14 15 33 35 
 3 11 14 15 33 35 
 2 12 14 15 33 35 
 1 13 14 15 33 35 
 8  9 10 16 33 35 
 7  9 11 16 33 35 
 6 10 11 16 33 35 
 7  8 12 16 33 35 
 6  9 12 16 33 35 
 5 10 12 16 33 35 
 4 11 12 16 33 35 
 6  8 13 16 33 35 
 5  9 13 16 33 35 
 4 10 13 16 33 35 
 3 11 13 16 33 35 
 2 12 13 16 33 35 
 6  7 14 16 33 35 
 5  8 14 16 33 35 
 4  9 14 16 33 35 
 3 10 14 16 33 35 
 2 11 14 16 33 35 
 1 12 14 16 33 35 
 5  7 15 16 33 35 
 4  8 15 16 33 35 
 3  9 15 16 33 35 
 2 10 15 16 33 35 
 1 11 15 16 33 35 
 7  9 10 17 33 35 
 7  8 11 17 33 35 
 6  9 11 17 33 35 
 5 10 11 17 33 35 
 6  8 12 17 33 35 
 5  9 12 17 33 35 
 4 10 12 17 33 35 
 3 11 12 17 33 35 
 6  7 13 17 33 35 
 5  8 13 17 33 35 
 4  9 13 17 33 35 
 3 10 13 17 33 35 
 2 11 13 17 33 35 
 1 12 13 17 33 35 
 5  7 14 17 33 35 
 4  8 14 17 33 35 
 3  9 14 17 33 35 
 2 10 14 17 33 35 
 1 11 14 17 33 35 
 5  6 15 17 33 35 
 4  7 15 17 33 35 
 3  8 15 17 33 35 
 2  9 15 17 33 35 
 1 10 15 17 33 35 
 4  6 16 17 33 35 
 3  7 16 17 33 35 
 2  8 16 17 33 35 
 1  9 16 17 33 35 
 7  8 10 18 33 35 
 6  9 10 18 33 35 
 6  8 11 18 33 35 
 5  9 11 18 33 35 
 4 10 11 18 33 35 
 6  7 12 18 33 35 
 5  8 12 18 33 35 
 4  9 12 18 33 35 
 3 10 12 18 33 35 
 2 11 12 18 33 35 
 5  7 13 18 33 35 
 4  8 13 18 33 35 
 3  9 13 18 33 35 
 2 10 13 18 33 35 
 1 11 13 18 33 35 
 5  6 14 18 33 35 
 4  7 14 18 33 35 
 3  8 14 18 33 35 
 2  9 14 18 33 35 
 1 10 14 18 33 35 
 4  6 15 18 33 35 
 3  7 15 18 33 35 
 2  8 15 18 33 35 
 1  9 15 18 33 35 
 4  5 16 18 33 35 
 3  6 16 18 33 35 
 2  7 16 18 33 35 
 1  8 16 18 33 35 
 3  5 17 18 33 35 
 2  6 17 18 33 35 
 1  7 17 18 33 35 
 7  8  9 19 33 35 
 6  8 10 19 33 35 
 5  9 10 19 33 35 
 6  7 11 19 33 35 
 5  8 11 19 33 35 
 4  9 11 19 33 35 
 3 10 11 19 33 35 
 5  7 12 19 33 35 
 4  8 12 19 33 35 
 3  9 12 19 33 35 
 2 10 12 19 33 35 
 1 11 12 19 33 35 
 5  6 13 19 33 35 
 4  7 13 19 33 35 
 3  8 13 19 33 35 
 2  9 13 19 33 35 
 1 10 13 19 33 35 
 4  6 14 19 33 35 
 3  7 14 19 33 35 
 2  8 14 19 33 35 
 1  9 14 19 33 35 
 4  5 15 19 33 35 
 3  6 15 19 33 35 
 2  7 15 19 33 35 
 1  8 15 19 33 35 
 3  5 16 19 33 35 
 2  6 16 19 33 35 
 1  7 16 19 33 35 
 3  4 17 19 33 35 
 2  5 17 19 33 35 
 1  6 17 19 33 35 
 2  4 18 19 33 35 
 1  5 18 19 33 35 
 6  8  9 20 33 35 
 6  7 10 20 33 35 
 5  8 10 20 33 35 
 4  9 10 20 33 35 
 5  7 11 20 33 35 
 4  8 11 20 33 35 
 3  9 11 20 33 35 
 2 10 11 20 33 35 
 5  6 12 20 33 35 
 4  7 12 20 33 35 
 3  8 12 20 33 35 
 2  9 12 20 33 35 
 1 10 12 20 33 35 
 4  6 13 20 33 35 
 3  7 13 20 33 35 
 2  8 13 20 33 35 
 1  9 13 20 33 35 
 4  5 14 20 33 35 
 3  6 14 20 33 35 
 2  7 14 20 33 35 
 1  8 14 20 33 35 
 3  5 15 20 33 35 
 2  6 15 20 33 35 
 1  7 15 20 33 35 
 3  4 16 20 33 35 
 2  5 16 20 33 35 
 1  6 16 20 33 35 
 2  4 17 20 33 35 
 1  5 17 20 33 35 
 2  3 18 20 33 35 
 1  4 18 20 33 35 
 1  3 19 20 33 35 
 6  7  9 21 33 35 
 5  8  9 21 33 35 
 5  7 10 21 33 35 
 4  8 10 21 33 35 
 3  9 10 21 33 35 
 5  6 11 21 33 35 
 4  7 11 21 33 35 
 3  8 11 21 33 35 
 2  9 11 21 33 35 
 1 10 11 21 33 35 
 4  6 12 21 33 35 
 3  7 12 21 33 35 
 2  8 12 21 33 35 
 1  9 12 21 33 35 
 4  5 13 21 33 35 
 3  6 13 21 33 35 
 2  7 13 21 33 35 
 1  8 13 21 33 35 
 3  5 14 21 33 35 
 2  6 14 21 33 35 
 1  7 14 21 33 35 
 3  4 15 21 33 35 
 2  5 15 21 33 35 
 1  6 15 21 33 35 
 2  4 16 21 33 35 
 1  5 16 21 33 35 
 2  3 17 21 33 35 
 1  4 17 21 33 35 
 1  3 18 21 33 35 
 1  2 19 21 33 35 
 6  7  8 22 33 35 
 5  7  9 22 33 35 
 4  8  9 22 33 35 
 5  6 10 22 33 35 
 4  7 10 22 33 35 
 3  8 10 22 33 35 
 2  9 10 22 33 35 
 4  6 11 22 33 35 
 3  7 11 22 33 35 
 2  8 11 22 33 35 
 1  9 11 22 33 35 
 4  5 12 22 33 35 
 3  6 12 22 33 35 
 2  7 12 22 33 35 
 1  8 12 22 33 35 
 3  5 13 22 33 35 
 2  6 13 22 33 35 
 1  7 13 22 33 35 
 3  4 14 22 33 35 
 2  5 14 22 33 35 
 1  6 14 22 33 35 
 2  4 15 22 33 35 
 1  5 15 22 33 35 
 2  3 16 22 33 35 
 1  4 16 22 33 35 
 1  3 17 22 33 35 
 1  2 18 22 33 35 
 5  7  8 23 33 35 
 5  6  9 23 33 35 
 4  7  9 23 33 35 
 3  8  9 23 33 35 
 4  6 10 23 33 35 
 3  7 10 23 33 35 
 2  8 10 23 33 35 
 1  9 10 23 33 35 
 4  5 11 23 33 35 
 3  6 11 23 33 35 
 2  7 11 23 33 35 
 1  8 11 23 33 35 
 3  5 12 23 33 35 
 2  6 12 23 33 35 
 1  7 12 23 33 35 
 3  4 13 23 33 35 
 2  5 13 23 33 35 
 1  6 13 23 33 35 
 2  4 14 23 33 35 
 1  5 14 23 33 35 
 2  3 15 23 33 35 
 1  4 15 23 33 35 
 1  3 16 23 33 35 
 1  2 17 23 33 35 
 5  6  8 24 33 35 
 4  7  8 24 33 35 
 4  6  9 24 33 35 
 3  7  9 24 33 35 
 2  8  9 24 33 35 
 4  5 10 24 33 35 
 3  6 10 24 33 35 
 2  7 10 24 33 35 
 1  8 10 24 33 35 
 3  5 11 24 33 35 
 2  6 11 24 33 35 
 1  7 11 24 33 35 
 3  4 12 24 33 35 
 2  5 12 24 33 35 
 1  6 12 24 33 35 
 2  4 13 24 33 35 
 1  5 13 24 33 35 
 2  3 14 24 33 35 
 1  4 14 24 33 35 
 1  3 15 24 33 35 
 1  2 16 24 33 35 
 5  6  7 25 33 35 
 4  6  8 25 33 35 
 3  7  8 25 33 35 
 4  5  9 25 33 35 
 3  6  9 25 33 35 
 2  7  9 25 33 35 
 1  8  9 25 33 35 
 3  5 10 25 33 35 
 2  6 10 25 33 35 
 1  7 10 25 33 35 
 3  4 11 25 33 35 
 2  5 11 25 33 35 
 1  6 11 25 33 35 
 2  4 12 25 33 35 
 1  5 12 25 33 35 
 2  3 13 25 33 35 
 1  4 13 25 33 35 
 1  3 14 25 33 35 
 1  2 15 25 33 35 
 4  6  7 26 33 35 
 4  5  8 26 33 35 
 3  6  8 26 33 35 
 2  7  8 26 33 35 
 3  5  9 26 33 35 
 2  6  9 26 33 35 
 1  7  9 26 33 35 
 3  4 10 26 33 35 
 2  5 10 26 33 35 
 1  6 10 26 33 35 
 2  4 11 26 33 35 
 1  5 11 26 33 35 
 2  3 12 26 33 35 
 1  4 12 26 33 35 
 1  3 13 26 33 35 
 1  2 14 26 33 35 
 4  5  7 27 33 35 
 3  6  7 27 33 35 
 3  5  8 27 33 35 
 2  6  8 27 33 35 
 1  7  8 27 33 35 
 3  4  9 27 33 35 
 2  5  9 27 33 35 
 1  6  9 27 33 35 
 2  4 10 27 33 35 
 1  5 10 27 33 35 
 2  3 11 27 33 35 
 1  4 11 27 33 35 
 1  3 12 27 33 35 
 1  2 13 27 33 35 
 4  5  6 28 33 35 
 3  5  7 28 33 35 
 2  6  7 28 33 35 
 3  4  8 28 33 35 
 2  5  8 28 33 35 
 1  6  8 28 33 35 
 2  4  9 28 33 35 
 1  5  9 28 33 35 
 2  3 10 28 33 35 
 1  4 10 28 33 35 
 1  3 11 28 33 35 
 1  2 12 28 33 35 
 3  5  6 29 33 35 
 3  4  7 29 33 35 
 2  5  7 29 33 35 
 1  6  7 29 33 35 
 2  4  8 29 33 35 
 1  5  8 29 33 35 
 2  3  9 29 33 35 
 1  4  9 29 33 35 
 1  3 10 29 33 35 
 1  2 11 29 33 35 
 3  4  6 30 33 35 
 2  5  6 30 33 35 
 2  4  7 30 33 35 
 1  5  7 30 33 35 
 2  3  8 30 33 35 
 1  4  8 30 33 35 
 1  3  9 30 33 35 
 1  2 10 30 33 35 
 3  4  5 31 33 35 
 2  4  6 31 33 35 
 1  5  6 31 33 35 
 2  3  7 31 33 35 
 1  4  7 31 33 35 
 1  3  8 31 33 35 
 1  2  9 31 33 35 
 2  4  5 32 33 35 
 2  3  6 32 33 35 
 1  4  6 32 33 35 
 1  3  7 32 33 35 
 1  2  8 32 33 35 
 9 10 11 12 34 35 
 8 10 11 13 34 35 
 8  9 12 13 34 35 
 7 10 12 13 34 35 
 6 11 12 13 34 35 
 8  9 11 14 34 35 
 7 10 11 14 34 35 
 7  9 12 14 34 35 
 6 10 12 14 34 35 
 5 11 12 14 34 35 
 7  8 13 14 34 35 
 6  9 13 14 34 35 
 5 10 13 14 34 35 
 4 11 13 14 34 35 
 3 12 13 14 34 35 
 8  9 10 15 34 35 
 7  9 11 15 34 35 
 6 10 11 15 34 35 
 7  8 12 15 34 35 
 6  9 12 15 34 35 
 5 10 12 15 34 35 
 4 11 12 15 34 35 
 6  8 13 15 34 35 
 5  9 13 15 34 35 
 4 10 13 15 34 35 
 3 11 13 15 34 35 
 2 12 13 15 34 35 
 6  7 14 15 34 35 
 5  8 14 15 34 35 
 4  9 14 15 34 35 
 3 10 14 15 34 35 
 2 11 14 15 34 35 
 1 12 14 15 34 35 
 7  9 10 16 34 35 
 7  8 11 16 34 35 
 6  9 11 16 34 35 
 5 10 11 16 34 35 
 6  8 12 16 34 35 
 5  9 12 16 34 35 
 4 10 12 16 34 35 
 3 11 12 16 34 35 
 6  7 13 16 34 35 
 5  8 13 16 34 35 
 4  9 13 16 34 35 
 3 10 13 16 34 35 
 2 11 13 16 34 35 
 1 12 13 16 34 35 
 5  7 14 16 34 35 
 4  8 14 16 34 35 
 3  9 14 16 34 35 
 2 10 14 16 34 35 
 1 11 14 16 34 35 
 5  6 15 16 34 35 
 4  7 15 16 34 35 
 3  8 15 16 34 35 
 2  9 15 16 34 35 
 1 10 15 16 34 35 
 7  8 10 17 34 35 
 6  9 10 17 34 35 
 6  8 11 17 34 35 
 5  9 11 17 34 35 
 4 10 11 17 34 35 
 6  7 12 17 34 35 
 5  8 12 17 34 35 
 4  9 12 17 34 35 
 3 10 12 17 34 35 
 2 11 12 17 34 35 
 5  7 13 17 34 35 
 4  8 13 17 34 35 
 3  9 13 17 34 35 
 2 10 13 17 34 35 
 1 11 13 17 34 35 
 5  6 14 17 34 35 
 4  7 14 17 34 35 
 3  8 14 17 34 35 
 2  9 14 17 34 35 
 1 10 14 17 34 35 
 4  6 15 17 34 35 
 3  7 15 17 34 35 
 2  8 15 17 34 35 
 1  9 15 17 34 35 
 4  5 16 17 34 35 
 3  6 16 17 34 35 
 2  7 16 17 34 35 
 1  8 16 17 34 35 
 7  8  9 18 34 35 
 6  8 10 18 34 35 
 5  9 10 18 34 35 
 6  7 11 18 34 35 
 5  8 11 18 34 35 
 4  9 11 18 34 35 
 3 10 11 18 34 35 
 5  7 12 18 34 35 
 4  8 12 18 34 35 
 3  9 12 18 34 35 
 2 10 12 18 34 35 
 1 11 12 18 34 35 
 5  6 13 18 34 35 
 4  7 13 18 34 35 
 3  8 13 18 34 35 
 2  9 13 18 34 35 
 1 10 13 18 34 35 
 4  6 14 18 34 35 
 3  7 14 18 34 35 
 2  8 14 18 34 35 
 1  9 14 18 34 35 
 4  5 15 18 34 35 
 3  6 15 18 34 35 
 2  7 15 18 34 35 
 1  8 15 18 34 35 
 3  5 16 18 34 35 
 2  6 16 18 34 35 
 1  7 16 18 34 35 
 3  4 17 18 34 35 
 2  5 17 18 34 35 
 1  6 17 18 34 35 
 6  8  9 19 34 35 
 6  7 10 19 34 35 
 5  8 10 19 34 35 
 4  9 10 19 34 35 
 5  7 11 19 34 35 
 4  8 11 19 34 35 
 3  9 11 19 34 35 
 2 10 11 19 34 35 
 5  6 12 19 34 35 
 4  7 12 19 34 35 
 3  8 12 19 34 35 
 2  9 12 19 34 35 
 1 10 12 19 34 35 
 4  6 13 19 34 35 
 3  7 13 19 34 35 
 2  8 13 19 34 35 
 1  9 13 19 34 35 
 4  5 14 19 34 35 
 3  6 14 19 34 35 
 2  7 14 19 34 35 
 1  8 14 19 34 35 
 3  5 15 19 34 35 
 2  6 15 19 34 35 
 1  7 15 19 34 35 
 3  4 16 19 34 35 
 2  5 16 19 34 35 
 1  6 16 19 34 35 
 2  4 17 19 34 35 
 1  5 17 19 34 35 
 2  3 18 19 34 35 
 1  4 18 19 34 35 
 6  7  9 20 34 35 
 5  8  9 20 34 35 
 5  7 10 20 34 35 
 4  8 10 20 34 35 
 3  9 10 20 34 35 
 5  6 11 20 34 35 
 4  7 11 20 34 35 
 3  8 11 20 34 35 
 2  9 11 20 34 35 
 1 10 11 20 34 35 
 4  6 12 20 34 35 
 3  7 12 20 34 35 
 2  8 12 20 34 35 
 1  9 12 20 34 35 
 4  5 13 20 34 35 
 3  6 13 20 34 35 
 2  7 13 20 34 35 
 1  8 13 20 34 35 
 3  5 14 20 34 35 
 2  6 14 20 34 35 
 1  7 14 20 34 35 
 3  4 15 20 34 35 
 2  5 15 20 34 35 
 1  6 15 20 34 35 
 2  4 16 20 34 35 
 1  5 16 20 34 35 
 2  3 17 20 34 35 
 1  4 17 20 34 35 
 1  3 18 20 34 35 
 1  2 19 20 34 35 
 6  7  8 21 34 35 
 5  7  9 21 34 35 
 4  8  9 21 34 35 
 5  6 10 21 34 35 
 4  7 10 21 34 35 
 3  8 10 21 34 35 
 2  9 10 21 34 35 
 4  6 11 21 34 35 
 3  7 11 21 34 35 
 2  8 11 21 34 35 
 1  9 11 21 34 35 
 4  5 12 21 34 35 
 3  6 12 21 34 35 
 2  7 12 21 34 35 
 1  8 12 21 34 35 
 3  5 13 21 34 35 
 2  6 13 21 34 35 
 1  7 13 21 34 35 
 3  4 14 21 34 35 
 2  5 14 21 34 35 
 1  6 14 21 34 35 
 2  4 15 21 34 35 
 1  5 15 21 34 35 
 2  3 16 21 34 35 
 1  4 16 21 34 35 
 1  3 17 21 34 35 
 1  2 18 21 34 35 
 5  7  8 22 34 35 
 5  6  9 22 34 35 
 4  7  9 22 34 35 
 3  8  9 22 34 35 
 4  6 10 22 34 35 
 3  7 10 22 34 35 
 2  8 10 22 34 35 
 1  9 10 22 34 35 
 4  5 11 22 34 35 
 3  6 11 22 34 35 
 2  7 11 22 34 35 
 1  8 11 22 34 35 
 3  5 12 22 34 35 
 2  6 12 22 34 35 
 1  7 12 22 34 35 
 3  4 13 22 34 35 
 2  5 13 22 34 35 
 1  6 13 22 34 35 
 2  4 14 22 34 35 
 1  5 14 22 34 35 
 2  3 15 22 34 35 
 1  4 15 22 34 35 
 1  3 16 22 34 35 
 1  2 17 22 34 35 
 5  6  8 23 34 35 
 4  7  8 23 34 35 
 4  6  9 23 34 35 
 3  7  9 23 34 35 
 2  8  9 23 34 35 
 4  5 10 23 34 35 
 3  6 10 23 34 35 
 2  7 10 23 34 35 
 1  8 10 23 34 35 
 3  5 11 23 34 35 
 2  6 11 23 34 35 
 1  7 11 23 34 35 
 3  4 12 23 34 35 
 2  5 12 23 34 35 
 1  6 12 23 34 35 
 2  4 13 23 34 35 
 1  5 13 23 34 35 
 2  3 14 23 34 35 
 1  4 14 23 34 35 
 1  3 15 23 34 35 
 1  2 16 23 34 35 
 5  6  7 24 34 35 
 4  6  8 24 34 35 
 3  7  8 24 34 35 
 4  5  9 24 34 35 
 3  6  9 24 34 35 
 2  7  9 24 34 35 
 1  8  9 24 34 35 
 3  5 10 24 34 35 
 2  6 10 24 34 35 
 1  7 10 24 34 35 
 3  4 11 24 34 35 
 2  5 11 24 34 35 
 1  6 11 24 34 35 
 2  4 12 24 34 35 
 1  5 12 24 34 35 
 2  3 13 24 34 35 
 1  4 13 24 34 35 
 1  3 14 24 34 35 
 1  2 15 24 34 35 
 4  6  7 25 34 35 
 4  5  8 25 34 35 
 3  6  8 25 34 35 
 2  7  8 25 34 35 
 3  5  9 25 34 35 
 2  6  9 25 34 35 
 1  7  9 25 34 35 
 3  4 10 25 34 35 
 2  5 10 25 34 35 
 1  6 10 25 34 35 
 2  4 11 25 34 35 
 1  5 11 25 34 35 
 2  3 12 25 34 35 
 1  4 12 25 34 35 
 1  3 13 25 34 35 
 1  2 14 25 34 35 
 4  5  7 26 34 35 
 3  6  7 26 34 35 
 3  5  8 26 34 35 
 2  6  8 26 34 35 
 1  7  8 26 34 35 
 3  4  9 26 34 35 
 2  5  9 26 34 35 
 1  6  9 26 34 35 
 2  4 10 26 34 35 
 1  5 10 26 34 35 
 2  3 11 26 34 35 
 1  4 11 26 34 35 
 1  3 12 26 34 35 
 1  2 13 26 34 35 
 4  5  6 27 34 35 
 3  5  7 27 34 35 
 2  6  7 27 34 35 
 3  4  8 27 34 35 
 2  5  8 27 34 35 
 1  6  8 27 34 35 
 2  4  9 27 34 35 
 1  5  9 27 34 35 
 2  3 10 27 34 35 
 1  4 10 27 34 35 
 1  3 11 27 34 35 
 1  2 12 27 34 35 
 3  5  6 28 34 35 
 3  4  7 28 34 35 
 2  5  7 28 34 35 
 1  6  7 28 34 35 
 2  4  8 28 34 35 
 1  5  8 28 34 35 
 2  3  9 28 34 35 
 1  4  9 28 34 35 
 1  3 10 28 34 35 
 1  2 11 28 34 35 
 3  4  6 29 34 35 
 2  5  6 29 34 35 
 2  4  7 29 34 35 
 1  5  7 29 34 35 
 2  3  8 29 34 35 
 1  4  8 29 34 35 
 1  3  9 29 34 35 
 1  2 10 29 34 35 
 3  4  5 30 34 35 
 2  4  6 30 34 35 
 1  5  6 30 34 35 
 2  3  7 30 34 35 
 1  4  7 30 34 35 
 1  3  8 30 34 35 
 1  2  9 30 34 35 
 2  4  5 31 34 35 
 2  3  6 31 34 35 
 1  4  6 31 34 35 
 1  3  7 31 34 35 
 1  2  8 31 34 35 
 2  3  5 32 34 35 
 1  4  5 32 34 35 
 1  3  6 32 34 35 
 1  2  7 32 34 35 
 2  3  4 33 34 35 
 1  3  5 33 34 35 
 1  2  6 33 34 35 
13 14 15 16 17 36 
12 14 15 16 18 36 
12 13 15 17 18 36 
11 14 15 17 18 36 
11 13 16 17 18 36 
10 14 16 17 18 36 
 9 15 16 17 18 36 
12 13 15 16 19 36 
11 14 15 16 19 36 
12 13 14 17 19 36 
11 13 15 17 19 36 
10 14 15 17 19 36 
11 12 16 17 19 36 
10 13 16 17 19 36 
 9 14 16 17 19 36 
 8 15 16 17 19 36 
11 13 14 18 19 36 
11 12 15 18 19 36 
10 13 15 18 19 36 
 9 14 15 18 19 36 
10 12 16 18 19 36 
 9 13 16 18 19 36 
 8 14 16 18 19 36 
 7 15 16 18 19 36 
10 11 17 18 19 36 
 9 12 17 18 19 36 
 8 13 17 18 19 36 
 7 14 17 18 19 36 
 6 15 17 18 19 36 
 5 16 17 18 19 36 
12 13 14 16 20 36 
11 13 15 16 20 36 
10 14 15 16 20 36 
11 13 14 17 20 36 
11 12 15 17 20 36 
10 13 15 17 20 36 
 9 14 15 17 20 36 
10 12 16 17 20 36 
 9 13 16 17 20 36 
 8 14 16 17 20 36 
 7 15 16 17 20 36 
11 12 14 18 20 36 
10 13 14 18 20 36 
10 12 15 18 20 36 
 9 13 15 18 20 36 
 8 14 15 18 20 36 
10 11 16 18 20 36 
 9 12 16 18 20 36 
 8 13 16 18 20 36 
 7 14 16 18 20 36 
 6 15 16 18 20 36 
 9 11 17 18 20 36 
 8 12 17 18 20 36 
 7 13 17 18 20 36 
 6 14 17 18 20 36 
 5 15 17 18 20 36 
 4 16 17 18 20 36 
11 12 13 19 20 36 
10 12 14 19 20 36 
 9 13 14 19 20 36 
10 11 15 19 20 36 
 9 12 15 19 20 36 
 8 13 15 19 20 36 
 7 14 15 19 20 36 
 9 11 16 19 20 36 
 8 12 16 19 20 36 
 7 13 16 19 20 36 
 6 14 16 19 20 36 
 5 15 16 19 20 36 
 9 10 17 19 20 36 
 8 11 17 19 20 36 
 7 12 17 19 20 36 
 6 13 17 19 20 36 
 5 14 17 19 20 36 
 4 15 17 19 20 36 
 3 16 17 19 20 36 
 8 10 18 19 20 36 
 7 11 18 19 20 36 
 6 12 18 19 20 36 
 5 13 18 19 20 36 
 4 14 18 19 20 36 
 3 15 18 19 20 36 
 2 16 18 19 20 36 
 1 17 18 19 20 36 
12 13 14 15 21 36 
11 13 14 16 21 36 
11 12 15 16 21 36 
10 13 15 16 21 36 
 9 14 15 16 21 36 
11 12 14 17 21 36 
10 13 14 17 21 36 
10 12 15 17 21 36 
 9 13 15 17 21 36 
 8 14 15 17 21 36 
10 11 16 17 21 36 
 9 12 16 17 21 36 
 8 13 16 17 21 36 
 7 14 16 17 21 36 
 6 15 16 17 21 36 
11 12 13 18 21 36 
10 12 14 18 21 36 
 9 13 14 18 21 36 
10 11 15 18 21 36 
 9 12 15 18 21 36 
 8 13 15 18 21 36 
 7 14 15 18 21 36 
 9 11 16 18 21 36 
 8 12 16 18 21 36 
 7 13 16 18 21 36 
 6 14 16 18 21 36 
 5 15 16 18 21 36 
 9 10 17 18 21 36 
 8 11 17 18 21 36 
 7 12 17 18 21 36 
 6 13 17 18 21 36 
 5 14 17 18 21 36 
 4 15 17 18 21 36 
 3 16 17 18 21 36 
10 12 13 19 21 36 
10 11 14 19 21 36 
 9 12 14 19 21 36 
 8 13 14 19 21 36 
 9 11 15 19 21 36 
 8 12 15 19 21 36 
 7 13 15 19 21 36 
 6 14 15 19 21 36 
 9 10 16 19 21 36 
 8 11 16 19 21 36 
 7 12 16 19 21 36 
 6 13 16 19 21 36 
 5 14 16 19 21 36 
 4 15 16 19 21 36 
 8 10 17 19 21 36 
 7 11 17 19 21 36 
 6 12 17 19 21 36 
 5 13 17 19 21 36 
 4 14 17 19 21 36 
 3 15 17 19 21 36 
 2 16 17 19 21 36 
 8  9 18 19 21 36 
 7 10 18 19 21 36 
 6 11 18 19 21 36 
 5 12 18 19 21 36 
 4 13 18 19 21 36 
 3 14 18 19 21 36 
 2 15 18 19 21 36 
 1 16 18 19 21 36 
10 11 13 20 21 36 
 9 12 13 20 21 36 
 9 11 14 20 21 36 
 8 12 14 20 21 36 
 7 13 14 20 21 36 
 9 10 15 20 21 36 
 8 11 15 20 21 36 
 7 12 15 20 21 36 
 6 13 15 20 21 36 
 5 14 15 20 21 36 
 8 10 16 20 21 36 
 7 11 16 20 21 36 
 6 12 16 20 21 36 
 5 13 16 20 21 36 
 4 14 16 20 21 36 
 3 15 16 20 21 36 
 8  9 17 20 21 36 
 7 10 17 20 21 36 
 6 11 17 20 21 36 
 5 12 17 20 21 36 
 4 13 17 20 21 36 
 3 14 17 20 21 36 
 2 15 17 20 21 36 
 1 16 17 20 21 36 
 7  9 18 20 21 36 
 6 10 18 20 21 36 
 5 11 18 20 21 36 
 4 12 18 20 21 36 
 3 13 18 20 21 36 
 2 14 18 20 21 36 
 1 15 18 20 21 36 
 7  8 19 20 21 36 
 6  9 19 20 21 36 
 5 10 19 20 21 36 
 4 11 19 20 21 36 
 3 12 19 20 21 36 
 2 13 19 20 21 36 
 1 14 19 20 21 36 
11 13 14 15 22 36 
11 12 14 16 22 36 
10 13 14 16 22 36 
10 12 15 16 22 36 
 9 13 15 16 22 36 
 8 14 15 16 22 36 
11 12 13 17 22 36 
10 12 14 17 22 36 
 9 13 14 17 22 36 
10 11 15 17 22 36 
 9 12 15 17 22 36 
 8 13 15 17 22 36 
 7 14 15 17 22 36 
 9 11 16 17 22 36 
 8 12 16 17 22 36 
 7 13 16 17 22 36 
 6 14 16 17 22 36 
 5 15 16 17 22 36 
10 12 13 18 22 36 
10 11 14 18 22 36 
 9 12 14 18 22 36 
 8 13 14 18 22 36 
 9 11 15 18 22 36 
 8 12 15 18 22 36 
 7 13 15 18 22 36 
 6 14 15 18 22 36 
 9 10 16 18 22 36 
 8 11 16 18 22 36 
 7 12 16 18 22 36 
 6 13 16 18 22 36 
 5 14 16 18 22 36 
 4 15 16 18 22 36 
 8 10 17 18 22 36 
 7 11 17 18 22 36 
 6 12 17 18 22 36 
 5 13 17 18 22 36 
 4 14 17 18 22 36 
 3 15 17 18 22 36 
 2 16 17 18 22 36 
10 11 13 19 22 36 
 9 12 13 19 22 36 
 9 11 14 19 22 36 
 8 12 14 19 22 36 
 7 13 14 19 22 36 
 9 10 15 19 22 36 
 8 11 15 19 22 36 
 7 12 15 19 22 36 
 6 13 15 19 22 36 
 5 14 15 19 22 36 
 8 10 16 19 22 36 
 7 11 16 19 22 36 
 6 12 16 19 22 36 
 5 13 16 19 22 36 
 4 14 16 19 22 36 
 3 15 16 19 22 36 
 8  9 17 19 22 36 
 7 10 17 19 22 36 
 6 11 17 19 22 36 
 5 12 17 19 22 36 
 4 13 17 19 22 36 
 3 14 17 19 22 36 
 2 15 17 19 22 36 
 1 16 17 19 22 36 
 7  9 18 19 22 36 
 6 10 18 19 22 36 
 5 11 18 19 22 36 
 4 12 18 19 22 36 
 3 13 18 19 22 36 
 2 14 18 19 22 36 
 1 15 18 19 22 36 
10 11 12 20 22 36 
 9 11 13 20 22 36 
 8 12 13 20 22 36 
 9 10 14 20 22 36 
 8 11 14 20 22 36 
 7 12 14 20 22 36 
 6 13 14 20 22 36 
 8 10 15 20 22 36 
 7 11 15 20 22 36 
 6 12 15 20 22 36 
 5 13 15 20 22 36 
 4 14 15 20 22 36 
 8  9 16 20 22 36 
 7 10 16 20 22 36 
 6 11 16 20 22 36 
 5 12 16 20 22 36 
 4 13 16 20 22 36 
 3 14 16 20 22 36 
 2 15 16 20 22 36 
 7  9 17 20 22 36 
 6 10 17 20 22 36 
 5 11 17 20 22 36 
 4 12 17 20 22 36 
 3 13 17 20 22 36 
 2 14 17 20 22 36 
 1 15 17 20 22 36 
 7  8 18 20 22 36 
 6  9 18 20 22 36 
 5 10 18 20 22 36 
 4 11 18 20 22 36 
 3 12 18 20 22 36 
 2 13 18 20 22 36 
 1 14 18 20 22 36 
 6  8 19 20 22 36 
 5  9 19 20 22 36 
 4 10 19 20 22 36 
 3 11 19 20 22 36 
 2 12 19 20 22 36 
 1 13 19 20 22 36 
 9 11 12 21 22 36 
 9 10 13 21 22 36 
 8 11 13 21 22 36 
 7 12 13 21 22 36 
 8 10 14 21 22 36 
 7 11 14 21 22 36 
 6 12 14 21 22 36 
 5 13 14 21 22 36 
 8  9 15 21 22 36 
 7 10 15 21 22 36 
 6 11 15 21 22 36 
 5 12 15 21 22 36 
 4 13 15 21 22 36 
 3 14 15 21 22 36 
 7  9 16 21 22 36 
 6 10 16 21 22 36 
 5 11 16 21 22 36 
 4 12 16 21 22 36 
 3 13 16 21 22 36 
 2 14 16 21 22 36 
 1 15 16 21 22 36 
 7  8 17 21 22 36 
 6  9 17 21 22 36 
 5 10 17 21 22 36 
 4 11 17 21 22 36 
 3 12 17 21 22 36 
 2 13 17 21 22 36 
 1 14 17 21 22 36 
 6  8 18 21 22 36 
 5  9 18 21 22 36 
 4 10 18 21 22 36 
 3 11 18 21 22 36 
 2 12 18 21 22 36 
 1 13 18 21 22 36 
 6  7 19 21 22 36 
 5  8 19 21 22 36 
 4  9 19 21 22 36 
 3 10 19 21 22 36 
 2 11 19 21 22 36 
 1 12 19 21 22 36 
 5  7 20 21 22 36 
 4  8 20 21 22 36 
 3  9 20 21 22 36 
 2 10 20 21 22 36 
 1 11 20 21 22 36 
11 12 14 15 23 36 
10 13 14 15 23 36 
11 12 13 16 23 36 
10 12 14 16 23 36 
 9 13 14 16 23 36 
10 11 15 16 23 36 
 9 12 15 16 23 36 
 8 13 15 16 23 36 
 7 14 15 16 23 36 
10 12 13 17 23 36 
10 11 14 17 23 36 
 9 12 14 17 23 36 
 8 13 14 17 23 36 
 9 11 15 17 23 36 
 8 12 15 17 23 36 
 7 13 15 17 23 36 
 6 14 15 17 23 36 
 9 10 16 17 23 36 
 8 11 16 17 23 36 
 7 12 16 17 23 36 
 6 13 16 17 23 36 
 5 14 16 17 23 36 
 4 15 16 17 23 36 
10 11 13 18 23 36 
 9 12 13 18 23 36 
 9 11 14 18 23 36 
 8 12 14 18 23 36 
 7 13 14 18 23 36 
 9 10 15 18 23 36 
 8 11 15 18 23 36 
 7 12 15 18 23 36 
 6 13 15 18 23 36 
 5 14 15 18 23 36 
 8 10 16 18 23 36 
 7 11 16 18 23 36 
 6 12 16 18 23 36 
 5 13 16 18 23 36 
 4 14 16 18 23 36 
 3 15 16 18 23 36 
 8  9 17 18 23 36 
 7 10 17 18 23 36 
 6 11 17 18 23 36 
 5 12 17 18 23 36 
 4 13 17 18 23 36 
 3 14 17 18 23 36 
 2 15 17 18 23 36 
 1 16 17 18 23 36 
10 11 12 19 23 36 
 9 11 13 19 23 36 
 8 12 13 19 23 36 
 9 10 14 19 23 36 
 8 11 14 19 23 36 
 7 12 14 19 23 36 
 6 13 14 19 23 36 
 8 10 15 19 23 36 
 7 11 15 19 23 36 
 6 12 15 19 23 36 
 5 13 15 19 23 36 
 4 14 15 19 23 36 
 8  9 16 19 23 36 
 7 10 16 19 23 36 
 6 11 16 19 23 36 
 5 12 16 19 23 36 
 4 13 16 19 23 36 
 3 14 16 19 23 36 
 2 15 16 19 23 36 
 7  9 17 19 23 36 
 6 10 17 19 23 36 
 5 11 17 19 23 36 
 4 12 17 19 23 36 
 3 13 17 19 23 36 
 2 14 17 19 23 36 
 1 15 17 19 23 36 
 7  8 18 19 23 36 
 6  9 18 19 23 36 
 5 10 18 19 23 36 
 4 11 18 19 23 36 
 3 12 18 19 23 36 
 2 13 18 19 23 36 
 1 14 18 19 23 36 
 9 11 12 20 23 36 
 9 10 13 20 23 36 
 8 11 13 20 23 36 
 7 12 13 20 23 36 
 8 10 14 20 23 36 
 7 11 14 20 23 36 
 6 12 14 20 23 36 
 5 13 14 20 23 36 
 8  9 15 20 23 36 
 7 10 15 20 23 36 
 6 11 15 20 23 36 
 5 12 15 20 23 36 
 4 13 15 20 23 36 
 3 14 15 20 23 36 
 7  9 16 20 23 36 
 6 10 16 20 23 36 
 5 11 16 20 23 36 
 4 12 16 20 23 36 
 3 13 16 20 23 36 
 2 14 16 20 23 36 
 1 15 16 20 23 36 
 7  8 17 20 23 36 
 6  9 17 20 23 36 
 5 10 17 20 23 36 
 4 11 17 20 23 36 
 3 12 17 20 23 36 
 2 13 17 20 23 36 
 1 14 17 20 23 36 
 6  8 18 20 23 36 
 5  9 18 20 23 36 
 4 10 18 20 23 36 
 3 11 18 20 23 36 
 2 12 18 20 23 36 
 1 13 18 20 23 36 
 6  7 19 20 23 36 
 5  8 19 20 23 36 
 4  9 19 20 23 36 
 3 10 19 20 23 36 
 2 11 19 20 23 36 
 1 12 19 20 23 36 
 9 10 12 21 23 36 
 8 11 12 21 23 36 
 8 10 13 21 23 36 
 7 11 13 21 23 36 
 6 12 13 21 23 36 
 8  9 14 21 23 36 
 7 10 14 21 23 36 
 6 11 14 21 23 36 
 5 12 14 21 23 36 
 4 13 14 21 23 36 
 7  9 15 21 23 36 
 6 10 15 21 23 36 
 5 11 15 21 23 36 
 4 12 15 21 23 36 
 3 13 15 21 23 36 
 2 14 15 21 23 36 
 7  8 16 21 23 36 
 6  9 16 21 23 36 
 5 10 16 21 23 36 
 4 11 16 21 23 36 
 3 12 16 21 23 36 
 2 13 16 21 23 36 
 1 14 16 21 23 36 
 6  8 17 21 23 36 
 5  9 17 21 23 36 
 4 10 17 21 23 36 
 3 11 17 21 23 36 
 2 12 17 21 23 36 
 1 13 17 21 23 36 
 6  7 18 21 23 36 
 5  8 18 21 23 36 
 4  9 18 21 23 36 
 3 10 18 21 23 36 
 2 11 18 21 23 36 
 1 12 18 21 23 36 
 5  7 19 21 23 36 
 4  8 19 21 23 36 
 3  9 19 21 23 36 
 2 10 19 21 23 36 
 1 11 19 21 23 36 
 5  6 20 21 23 36 
 4  7 20 21 23 36 
 3  8 20 21 23 36 
 2  9 20 21 23 36 
 1 10 20 21 23 36 
 9 10 11 22 23 36 
 8 10 12 22 23 36 
 7 11 12 22 23 36 
 8  9 13 22 23 36 
 7 10 13 22 23 36 
 6 11 13 22 23 36 
 5 12 13 22 23 36 
 7  9 14 22 23 36 
 6 10 14 22 23 36 
 5 11 14 22 23 36 
 4 12 14 22 23 36 
 3 13 14 22 23 36 
 7  8 15 22 23 36 
 6  9 15 22 23 36 
 5 10 15 22 23 36 
 4 11 15 22 23 36 
 3 12 15 22 23 36 
 2 13 15 22 23 36 
 1 14 15 22 23 36 
 6  8 16 22 23 36 
 5  9 16 22 23 36 
 4 10 16 22 23 36 
 3 11 16 22 23 36 
 2 12 16 22 23 36 
 1 13 16 22 23 36 
 6  7 17 22 23 36 
 5  8 17 22 23 36 
 4  9 17 22 23 36 
 3 10 17 22 23 36 
 2 11 17 22 23 36 
 1 12 17 22 23 36 
 5  7 18 22 23 36 
 4  8 18 22 23 36 
 3  9 18 22 23 36 
 2 10 18 22 23 36 
 1 11 18 22 23 36 
 5  6 19 22 23 36 
 4  7 19 22 23 36 
 3  8 19 22 23 36 
 2  9 19 22 23 36 
 1 10 19 22 23 36 
 4  6 20 22 23 36 
 3  7 20 22 23 36 
 2  8 20 22 23 36 
 1  9 20 22 23 36 
 4  5 21 22 23 36 
 3  6 21 22 23 36 
 2  7 21 22 23 36 
 1  8 21 22 23 36 
11 12 13 15 24 36 
10 12 14 15 24 36 
 9 13 14 15 24 36 
10 12 13 16 24 36 
10 11 14 16 24 36 
 9 12 14 16 24 36 
 8 13 14 16 24 36 
 9 11 15 16 24 36 
 8 12 15 16 24 36 
 7 13 15 16 24 36 
 6 14 15 16 24 36 
10 11 13 17 24 36 
 9 12 13 17 24 36 
 9 11 14 17 24 36 
 8 12 14 17 24 36 
 7 13 14 17 24 36 
 9 10 15 17 24 36 
 8 11 15 17 24 36 
 7 12 15 17 24 36 
 6 13 15 17 24 36 
 5 14 15 17 24 36 
 8 10 16 17 24 36 
 7 11 16 17 24 36 
 6 12 16 17 24 36 
 5 13 16 17 24 36 
 4 14 16 17 24 36 
 3 15 16 17 24 36 
10 11 12 18 24 36 
 9 11 13 18 24 36 
 8 12 13 18 24 36 
 9 10 14 18 24 36 
 8 11 14 18 24 36 
 7 12 14 18 24 36 
 6 13 14 18 24 36 
 8 10 15 18 24 36 
 7 11 15 18 24 36 
 6 12 15 18 24 36 
 5 13 15 18 24 36 
 4 14 15 18 24 36 
 8  9 16 18 24 36 
 7 10 16 18 24 36 
 6 11 16 18 24 36 
 5 12 16 18 24 36 
 4 13 16 18 24 36 
 3 14 16 18 24 36 
 2 15 16 18 24 36 
 7  9 17 18 24 36 
 6 10 17 18 24 36 
 5 11 17 18 24 36 
 4 12 17 18 24 36 
 3 13 17 18 24 36 
 2 14 17 18 24 36 
 1 15 17 18 24 36 
 9 11 12 19 24 36 
 9 10 13 19 24 36 
 8 11 13 19 24 36 
 7 12 13 19 24 36 
 8 10 14 19 24 36 
 7 11 14 19 24 36 
 6 12 14 19 24 36 
 5 13 14 19 24 36 
 8  9 15 19 24 36 
 7 10 15 19 24 36 
 6 11 15 19 24 36 
 5 12 15 19 24 36 
 4 13 15 19 24 36 
 3 14 15 19 24 36 
 7  9 16 19 24 36 
 6 10 16 19 24 36 
 5 11 16 19 24 36 
 4 12 16 19 24 36 
 3 13 16 19 24 36 
 2 14 16 19 24 36 
 1 15 16 19 24 36 
 7  8 17 19 24 36 
 6  9 17 19 24 36 
 5 10 17 19 24 36 
 4 11 17 19 24 36 
 3 12 17 19 24 36 
 2 13 17 19 24 36 
 1 14 17 19 24 36 
 6  8 18 19 24 36 
 5  9 18 19 24 36 
 4 10 18 19 24 36 
 3 11 18 19 24 36 
 2 12 18 19 24 36 
 1 13 18 19 24 36 
 9 10 12 20 24 36 
 8 11 12 20 24 36 
 8 10 13 20 24 36 
 7 11 13 20 24 36 
 6 12 13 20 24 36 
 8  9 14 20 24 36 
 7 10 14 20 24 36 
 6 11 14 20 24 36 
 5 12 14 20 24 36 
 4 13 14 20 24 36 
 7  9 15 20 24 36 
 6 10 15 20 24 36 
 5 11 15 20 24 36 
 4 12 15 20 24 36 
 3 13 15 20 24 36 
 2 14 15 20 24 36 
 7  8 16 20 24 36 
 6  9 16 20 24 36 
 5 10 16 20 24 36 
 4 11 16 20 24 36 
 3 12 16 20 24 36 
 2 13 16 20 24 36 
 1 14 16 20 24 36 
 6  8 17 20 24 36 
 5  9 17 20 24 36 
 4 10 17 20 24 36 
 3 11 17 20 24 36 
 2 12 17 20 24 36 
 1 13 17 20 24 36 
 6  7 18 20 24 36 
 5  8 18 20 24 36 
 4  9 18 20 24 36 
 3 10 18 20 24 36 
 2 11 18 20 24 36 
 1 12 18 20 24 36 
 5  7 19 20 24 36 
 4  8 19 20 24 36 
 3  9 19 20 24 36 
 2 10 19 20 24 36 
 1 11 19 20 24 36 
 9 10 11 21 24 36 
 8 10 12 21 24 36 
 7 11 12 21 24 36 
 8  9 13 21 24 36 
 7 10 13 21 24 36 
 6 11 13 21 24 36 
 5 12 13 21 24 36 
 7  9 14 21 24 36 
 6 10 14 21 24 36 
 5 11 14 21 24 36 
 4 12 14 21 24 36 
 3 13 14 21 24 36 
 7  8 15 21 24 36 
 6  9 15 21 24 36 
 5 10 15 21 24 36 
 4 11 15 21 24 36 
 3 12 15 21 24 36 
 2 13 15 21 24 36 
 1 14 15 21 24 36 
 6  8 16 21 24 36 
 5  9 16 21 24 36 
 4 10 16 21 24 36 
 3 11 16 21 24 36 
 2 12 16 21 24 36 
 1 13 16 21 24 36 
 6  7 17 21 24 36 
 5  8 17 21 24 36 
 4  9 17 21 24 36 
 3 10 17 21 24 36 
 2 11 17 21 24 36 
 1 12 17 21 24 36 
 5  7 18 21 24 36 
 4  8 18 21 24 36 
 3  9 18 21 24 36 
 2 10 18 21 24 36 
 1 11 18 21 24 36 
 5  6 19 21 24 36 
 4  7 19 21 24 36 
 3  8 19 21 24 36 
 2  9 19 21 24 36 
 1 10 19 21 24 36 
 4  6 20 21 24 36 
 3  7 20 21 24 36 
 2  8 20 21 24 36 
 1  9 20 21 24 36 
 8 10 11 22 24 36 
 8  9 12 22 24 36 
 7 10 12 22 24 36 
 6 11 12 22 24 36 
 7  9 13 22 24 36 
 6 10 13 22 24 36 
 5 11 13 22 24 36 
 4 12 13 22 24 36 
 7  8 14 22 24 36 
 6  9 14 22 24 36 
 5 10 14 22 24 36 
 4 11 14 22 24 36 
 3 12 14 22 24 36 
 2 13 14 22 24 36 
 6  8 15 22 24 36 
 5  9 15 22 24 36 
 4 10 15 22 24 36 
 3 11 15 22 24 36 
 2 12 15 22 24 36 
 1 13 15 22 24 36 
 6  7 16 22 24 36 
 5  8 16 22 24 36 
 4  9 16 22 24 36 
 3 10 16 22 24 36 
 2 11 16 22 24 36 
 1 12 16 22 24 36 
 5  7 17 22 24 36 
 4  8 17 22 24 36 
 3  9 17 22 24 36 
 2 10 17 22 24 36 
 1 11 17 22 24 36 
 5  6 18 22 24 36 
 4  7 18 22 24 36 
 3  8 18 22 24 36 
 2  9 18 22 24 36 
 1 10 18 22 24 36 
 4  6 19 22 24 36 
 3  7 19 22 24 36 
 2  8 19 22 24 36 
 1  9 19 22 24 36 
 4  5 20 22 24 36 
 3  6 20 22 24 36 
 2  7 20 22 24 36 
 1  8 20 22 24 36 
 3  5 21 22 24 36 
 2  6 21 22 24 36 
 1  7 21 22 24 36 
 8  9 11 23 24 36 
 7 10 11 23 24 36 
 7  9 12 23 24 36 
 6 10 12 23 24 36 
 5 11 12 23 24 36 
 7  8 13 23 24 36 
 6  9 13 23 24 36 
 5 10 13 23 24 36 
 4 11 13 23 24 36 
 3 12 13 23 24 36 
 6  8 14 23 24 36 
 5  9 14 23 24 36 
 4 10 14 23 24 36 
 3 11 14 23 24 36 
 2 12 14 23 24 36 
 1 13 14 23 24 36 
 6  7 15 23 24 36 
 5  8 15 23 24 36 
 4  9 15 23 24 36 
 3 10 15 23 24 36 
 2 11 15 23 24 36 
 1 12 15 23 24 36 
 5  7 16 23 24 36 
 4  8 16 23 24 36 
 3  9 16 23 24 36 
 2 10 16 23 24 36 
 1 11 16 23 24 36 
 5  6 17 23 24 36 
 4  7 17 23 24 36 
 3  8 17 23 24 36 
 2  9 17 23 24 36 
 1 10 17 23 24 36 
 4  6 18 23 24 36 
 3  7 18 23 24 36 
 2  8 18 23 24 36 
 1  9 18 23 24 36 
 4  5 19 23 24 36 
 3  6 19 23 24 36 
 2  7 19 23 24 36 
 1  8 19 23 24 36 
 3  5 20 23 24 36 
 2  6 20 23 24 36 
 1  7 20 23 24 36 
 3  4 21 23 24 36 
 2  5 21 23 24 36 
 1  6 21 23 24 36 
 2  4 22 23 24 36 
 1  5 22 23 24 36 
11 12 13 14 25 36 
10 12 13 15 25 36 
10 11 14 15 25 36 
 9 12 14 15 25 36 
 8 13 14 15 25 36 
10 11 13 16 25 36 
 9 12 13 16 25 36 
 9 11 14 16 25 36 
 8 12 14 16 25 36 
 7 13 14 16 25 36 
 9 10 15 16 25 36 
 8 11 15 16 25 36 
 7 12 15 16 25 36 
 6 13 15 16 25 36 
 5 14 15 16 25 36 
10 11 12 17 25 36 
 9 11 13 17 25 36 
 8 12 13 17 25 36 
 9 10 14 17 25 36 
 8 11 14 17 25 36 
 7 12 14 17 25 36 
 6 13 14 17 25 36 
 8 10 15 17 25 36 
 7 11 15 17 25 36 
 6 12 15 17 25 36 
 5 13 15 17 25 36 
 4 14 15 17 25 36 
 8  9 16 17 25 36 
 7 10 16 17 25 36 
 6 11 16 17 25 36 
 5 12 16 17 25 36 
 4 13 16 17 25 36 
 3 14 16 17 25 36 
 2 15 16 17 25 36 
 9 11 12 18 25 36 
 9 10 13 18 25 36 
 8 11 13 18 25 36 
 7 12 13 18 25 36 
 8 10 14 18 25 36 
 7 11 14 18 25 36 
 6 12 14 18 25 36 
 5 13 14 18 25 36 
 8  9 15 18 25 36 
 7 10 15 18 25 36 
 6 11 15 18 25 36 
 5 12 15 18 25 36 
 4 13 15 18 25 36 
 3 14 15 18 25 36 
 7  9 16 18 25 36 
 6 10 16 18 25 36 
 5 11 16 18 25 36 
 4 12 16 18 25 36 
 3 13 16 18 25 36 
 2 14 16 18 25 36 
 1 15 16 18 25 36 
 7  8 17 18 25 36 
 6  9 17 18 25 36 
 5 10 17 18 25 36 
 4 11 17 18 25 36 
 3 12 17 18 25 36 
 2 13 17 18 25 36 
 1 14 17 18 25 36 
 9 10 12 19 25 36 
 8 11 12 19 25 36 
 8 10 13 19 25 36 
 7 11 13 19 25 36 
 6 12 13 19 25 36 
 8  9 14 19 25 36 
 7 10 14 19 25 36 
 6 11 14 19 25 36 
 5 12 14 19 25 36 
 4 13 14 19 25 36 
 7  9 15 19 25 36 
 6 10 15 19 25 36 
 5 11 15 19 25 36 
 4 12 15 19 25 36 
 3 13 15 19 25 36 
 2 14 15 19 25 36 
 7  8 16 19 25 36 
 6  9 16 19 25 36 
 5 10 16 19 25 36 
 4 11 16 19 25 36 
 3 12 16 19 25 36 
 2 13 16 19 25 36 
 1 14 16 19 25 36 
 6  8 17 19 25 36 
 5  9 17 19 25 36 
 4 10 17 19 25 36 
 3 11 17 19 25 36 
 2 12 17 19 25 36 
 1 13 17 19 25 36 
 6  7 18 19 25 36 
 5  8 18 19 25 36 
 4  9 18 19 25 36 
 3 10 18 19 25 36 
 2 11 18 19 25 36 
 1 12 18 19 25 36 
 9 10 11 20 25 36 
 8 10 12 20 25 36 
 7 11 12 20 25 36 
 8  9 13 20 25 36 
 7 10 13 20 25 36 
 6 11 13 20 25 36 
 5 12 13 20 25 36 
 7  9 14 20 25 36 
 6 10 14 20 25 36 
 5 11 14 20 25 36 
 4 12 14 20 25 36 
 3 13 14 20 25 36 
 7  8 15 20 25 36 
 6  9 15 20 25 36 
 5 10 15 20 25 36 
 4 11 15 20 25 36 
 3 12 15 20 25 36 
 2 13 15 20 25 36 
 1 14 15 20 25 36 
 6  8 16 20 25 36 
 5  9 16 20 25 36 
 4 10 16 20 25 36 
 3 11 16 20 25 36 
 2 12 16 20 25 36 
 1 13 16 20 25 36 
 6  7 17 20 25 36 
 5  8 17 20 25 36 
 4  9 17 20 25 36 
 3 10 17 20 25 36 
 2 11 17 20 25 36 
 1 12 17 20 25 36 
 5  7 18 20 25 36 
 4  8 18 20 25 36 
 3  9 18 20 25 36 
 2 10 18 20 25 36 
 1 11 18 20 25 36 
 5  6 19 20 25 36 
 4  7 19 20 25 36 
 3  8 19 20 25 36 
 2  9 19 20 25 36 
 1 10 19 20 25 36 
 8 10 11 21 25 36 
 8  9 12 21 25 36 
 7 10 12 21 25 36 
 6 11 12 21 25 36 
 7  9 13 21 25 36 
 6 10 13 21 25 36 
 5 11 13 21 25 36 
 4 12 13 21 25 36 
 7  8 14 21 25 36 
 6  9 14 21 25 36 
 5 10 14 21 25 36 
 4 11 14 21 25 36 
 3 12 14 21 25 36 
 2 13 14 21 25 36 
 6  8 15 21 25 36 
 5  9 15 21 25 36 
 4 10 15 21 25 36 
 3 11 15 21 25 36 
 2 12 15 21 25 36 
 1 13 15 21 25 36 
 6  7 16 21 25 36 
 5  8 16 21 25 36 
 4  9 16 21 25 36 
 3 10 16 21 25 36 
 2 11 16 21 25 36 
 1 12 16 21 25 36 
 5  7 17 21 25 36 
 4  8 17 21 25 36 
 3  9 17 21 25 36 
 2 10 17 21 25 36 
 1 11 17 21 25 36 
 5  6 18 21 25 36 
 4  7 18 21 25 36 
 3  8 18 21 25 36 
 2  9 18 21 25 36 
 1 10 18 21 25 36 
 4  6 19 21 25 36 
 3  7 19 21 25 36 
 2  8 19 21 25 36 
 1  9 19 21 25 36 
 4  5 20 21 25 36 
 3  6 20 21 25 36 
 2  7 20 21 25 36 
 1  8 20 21 25 36 
 8  9 11 22 25 36 
 7 10 11 22 25 36 
 7  9 12 22 25 36 
 6 10 12 22 25 36 
 5 11 12 22 25 36 
 7  8 13 22 25 36 
 6  9 13 22 25 36 
 5 10 13 22 25 36 
 4 11 13 22 25 36 
 3 12 13 22 25 36 
 6  8 14 22 25 36 
 5  9 14 22 25 36 
 4 10 14 22 25 36 
 3 11 14 22 25 36 
 2 12 14 22 25 36 
 1 13 14 22 25 36 
 6  7 15 22 25 36 
 5  8 15 22 25 36 
 4  9 15 22 25 36 
 3 10 15 22 25 36 
 2 11 15 22 25 36 
 1 12 15 22 25 36 
 5  7 16 22 25 36 
 4  8 16 22 25 36 
 3  9 16 22 25 36 
 2 10 16 22 25 36 
 1 11 16 22 25 36 
 5  6 17 22 25 36 
 4  7 17 22 25 36 
 3  8 17 22 25 36 
 2  9 17 22 25 36 
 1 10 17 22 25 36 
 4  6 18 22 25 36 
 3  7 18 22 25 36 
 2  8 18 22 25 36 
 1  9 18 22 25 36 
 4  5 19 22 25 36 
 3  6 19 22 25 36 
 2  7 19 22 25 36 
 1  8 19 22 25 36 
 3  5 20 22 25 36 
 2  6 20 22 25 36 
 1  7 20 22 25 36 
 3  4 21 22 25 36 
 2  5 21 22 25 36 
 1  6 21 22 25 36 
 8  9 10 23 25 36 
 7  9 11 23 25 36 
 6 10 11 23 25 36 
 7  8 12 23 25 36 
 6  9 12 23 25 36 
 5 10 12 23 25 36 
 4 11 12 23 25 36 
 6  8 13 23 25 36 
 5  9 13 23 25 36 
 4 10 13 23 25 36 
 3 11 13 23 25 36 
 2 12 13 23 25 36 
 6  7 14 23 25 36 
 5  8 14 23 25 36 
 4  9 14 23 25 36 
 3 10 14 23 25 36 
 2 11 14 23 25 36 
 1 12 14 23 25 36 
 5  7 15 23 25 36 
 4  8 15 23 25 36 
 3  9 15 23 25 36 
 2 10 15 23 25 36 
 1 11 15 23 25 36 
 5  6 16 23 25 36 
 4  7 16 23 25 36 
 3  8 16 23 25 36 
 2  9 16 23 25 36 
 1 10 16 23 25 36 
 4  6 17 23 25 36 
 3  7 17 23 25 36 
 2  8 17 23 25 36 
 1  9 17 23 25 36 
 4  5 18 23 25 36 
 3  6 18 23 25 36 
 2  7 18 23 25 36 
 1  8 18 23 25 36 
 3  5 19 23 25 36 
 2  6 19 23 25 36 
 1  7 19 23 25 36 
 3  4 20 23 25 36 
 2  5 20 23 25 36 
 1  6 20 23 25 36 
 2  4 21 23 25 36 
 1  5 21 23 25 36 
 2  3 22 23 25 36 
 1  4 22 23 25 36 
 7  9 10 24 25 36 
 7  8 11 24 25 36 
 6  9 11 24 25 36 
 5 10 11 24 25 36 
 6  8 12 24 25 36 
 5  9 12 24 25 36 
 4 10 12 24 25 36 
 3 11 12 24 25 36 
 6  7 13 24 25 36 
 5  8 13 24 25 36 
 4  9 13 24 25 36 
 3 10 13 24 25 36 
 2 11 13 24 25 36 
 1 12 13 24 25 36 
 5  7 14 24 25 36 
 4  8 14 24 25 36 
 3  9 14 24 25 36 
 2 10 14 24 25 36 
 1 11 14 24 25 36 
 5  6 15 24 25 36 
 4  7 15 24 25 36 
 3  8 15 24 25 36 
 2  9 15 24 25 36 
 1 10 15 24 25 36 
 4  6 16 24 25 36 
 3  7 16 24 25 36 
 2  8 16 24 25 36 
 1  9 16 24 25 36 
 4  5 17 24 25 36 
 3  6 17 24 25 36 
 2  7 17 24 25 36 
 1  8 17 24 25 36 
 3  5 18 24 25 36 
 2  6 18 24 25 36 
 1  7 18 24 25 36 
 3  4 19 24 25 36 
 2  5 19 24 25 36 
 1  6 19 24 25 36 
 2  4 20 24 25 36 
 1  5 20 24 25 36 
 2  3 21 24 25 36 
 1  4 21 24 25 36 
 1  3 22 24 25 36 
 1  2 23 24 25 36 
10 12 13 14 26 36 
10 11 13 15 26 36 
 9 12 13 15 26 36 
 9 11 14 15 26 36 
 8 12 14 15 26 36 
 7 13 14 15 26 36 
10 11 12 16 26 36 
 9 11 13 16 26 36 
 8 12 13 16 26 36 
 9 10 14 16 26 36 
 8 11 14 16 26 36 
 7 12 14 16 26 36 
 6 13 14 16 26 36 
 8 10 15 16 26 36 
 7 11 15 16 26 36 
 6 12 15 16 26 36 
 5 13 15 16 26 36 
 4 14 15 16 26 36 
 9 11 12 17 26 36 
 9 10 13 17 26 36 
 8 11 13 17 26 36 
 7 12 13 17 26 36 
 8 10 14 17 26 36 
 7 11 14 17 26 36 
 6 12 14 17 26 36 
 5 13 14 17 26 36 
 8  9 15 17 26 36 
 7 10 15 17 26 36 
 6 11 15 17 26 36 
 5 12 15 17 26 36 
 4 13 15 17 26 36 
 3 14 15 17 26 36 
 7  9 16 17 26 36 
 6 10 16 17 26 36 
 5 11 16 17 26 36 
 4 12 16 17 26 36 
 3 13 16 17 26 36 
 2 14 16 17 26 36 
 1 15 16 17 26 36 
 9 10 12 18 26 36 
 8 11 12 18 26 36 
 8 10 13 18 26 36 
 7 11 13 18 26 36 
 6 12 13 18 26 36 
 8  9 14 18 26 36 
 7 10 14 18 26 36 
 6 11 14 18 26 36 
 5 12 14 18 26 36 
 4 13 14 18 26 36 
 7  9 15 18 26 36 
 6 10 15 18 26 36 
 5 11 15 18 26 36 
 4 12 15 18 26 36 
 3 13 15 18 26 36 
 2 14 15 18 26 36 
 7  8 16 18 26 36 
 6  9 16 18 26 36 
 5 10 16 18 26 36 
 4 11 16 18 26 36 
 3 12 16 18 26 36 
 2 13 16 18 26 36 
 1 14 16 18 26 36 
 6  8 17 18 26 36 
 5  9 17 18 26 36 
 4 10 17 18 26 36 
 3 11 17 18 26 36 
 2 12 17 18 26 36 
 1 13 17 18 26 36 
 9 10 11 19 26 36 
 8 10 12 19 26 36 
 7 11 12 19 26 36 
 8  9 13 19 26 36 
 7 10 13 19 26 36 
 6 11 13 19 26 36 
 5 12 13 19 26 36 
 7  9 14 19 26 36 
 6 10 14 19 26 36 
 5 11 14 19 26 36 
 4 12 14 19 26 36 
 3 13 14 19 26 36 
 7  8 15 19 26 36 
 6  9 15 19 26 36 
 5 10 15 19 26 36 
 4 11 15 19 26 36 
 3 12 15 19 26 36 
 2 13 15 19 26 36 
 1 14 15 19 26 36 
 6  8 16 19 26 36 
 5  9 16 19 26 36 
 4 10 16 19 26 36 
 3 11 16 19 26 36 
 2 12 16 19 26 36 
 1 13 16 19 26 36 
 6  7 17 19 26 36 
 5  8 17 19 26 36 
 4  9 17 19 26 36 
 3 10 17 19 26 36 
 2 11 17 19 26 36 
 1 12 17 19 26 36 
 5  7 18 19 26 36 
 4  8 18 19 26 36 
 3  9 18 19 26 36 
 2 10 18 19 26 36 
 1 11 18 19 26 36 
 8 10 11 20 26 36 
 8  9 12 20 26 36 
 7 10 12 20 26 36 
 6 11 12 20 26 36 
 7  9 13 20 26 36 
 6 10 13 20 26 36 
 5 11 13 20 26 36 
 4 12 13 20 26 36 
 7  8 14 20 26 36 
 6  9 14 20 26 36 
 5 10 14 20 26 36 
 4 11 14 20 26 36 
 3 12 14 20 26 36 
 2 13 14 20 26 36 
 6  8 15 20 26 36 
 5  9 15 20 26 36 
 4 10 15 20 26 36 
 3 11 15 20 26 36 
 2 12 15 20 26 36 
 1 13 15 20 26 36 
 6  7 16 20 26 36 
 5  8 16 20 26 36 
 4  9 16 20 26 36 
 3 10 16 20 26 36 
 2 11 16 20 26 36 
 1 12 16 20 26 36 
 5  7 17 20 26 36 
 4  8 17 20 26 36 
 3  9 17 20 26 36 
 2 10 17 20 26 36 
 1 11 17 20 26 36 
 5  6 18 20 26 36 
 4  7 18 20 26 36 
 3  8 18 20 26 36 
 2  9 18 20 26 36 
 1 10 18 20 26 36 
 4  6 19 20 26 36 
 3  7 19 20 26 36 
 2  8 19 20 26 36 
 1  9 19 20 26 36 
 8  9 11 21 26 36 
 7 10 11 21 26 36 
 7  9 12 21 26 36 
 6 10 12 21 26 36 
 5 11 12 21 26 36 
 7  8 13 21 26 36 
 6  9 13 21 26 36 
 5 10 13 21 26 36 
 4 11 13 21 26 36 
 3 12 13 21 26 36 
 6  8 14 21 26 36 
 5  9 14 21 26 36 
 4 10 14 21 26 36 
 3 11 14 21 26 36 
 2 12 14 21 26 36 
 1 13 14 21 26 36 
 6  7 15 21 26 36 
 5  8 15 21 26 36 
 4  9 15 21 26 36 
 3 10 15 21 26 36 
 2 11 15 21 26 36 
 1 12 15 21 26 36 
 5  7 16 21 26 36 
 4  8 16 21 26 36 
 3  9 16 21 26 36 
 2 10 16 21 26 36 
 1 11 16 21 26 36 
 5  6 17 21 26 36 
 4  7 17 21 26 36 
 3  8 17 21 26 36 
 2  9 17 21 26 36 
 1 10 17 21 26 36 
 4  6 18 21 26 36 
 3  7 18 21 26 36 
 2  8 18 21 26 36 
 1  9 18 21 26 36 
 4  5 19 21 26 36 
 3  6 19 21 26 36 
 2  7 19 21 26 36 
 1  8 19 21 26 36 
 3  5 20 21 26 36 
 2  6 20 21 26 36 
 1  7 20 21 26 36 
 8  9 10 22 26 36 
 7  9 11 22 26 36 
 6 10 11 22 26 36 
 7  8 12 22 26 36 
 6  9 12 22 26 36 
 5 10 12 22 26 36 
 4 11 12 22 26 36 
 6  8 13 22 26 36 
 5  9 13 22 26 36 
 4 10 13 22 26 36 
 3 11 13 22 26 36 
 2 12 13 22 26 36 
 6  7 14 22 26 36 
 5  8 14 22 26 36 
 4  9 14 22 26 36 
 3 10 14 22 26 36 
 2 11 14 22 26 36 
 1 12 14 22 26 36 
 5  7 15 22 26 36 
 4  8 15 22 26 36 
 3  9 15 22 26 36 
 2 10 15 22 26 36 
 1 11 15 22 26 36 
 5  6 16 22 26 36 
 4  7 16 22 26 36 
 3  8 16 22 26 36 
 2  9 16 22 26 36 
 1 10 16 22 26 36 
 4  6 17 22 26 36 
 3  7 17 22 26 36 
 2  8 17 22 26 36 
 1  9 17 22 26 36 
 4  5 18 22 26 36 
 3  6 18 22 26 36 
 2  7 18 22 26 36 
 1  8 18 22 26 36 
 3  5 19 22 26 36 
 2  6 19 22 26 36 
 1  7 19 22 26 36 
 3  4 20 22 26 36 
 2  5 20 22 26 36 
 1  6 20 22 26 36 
 2  4 21 22 26 36 
 1  5 21 22 26 36 
 7  9 10 23 26 36 
 7  8 11 23 26 36 
 6  9 11 23 26 36 
 5 10 11 23 26 36 
 6  8 12 23 26 36 
 5  9 12 23 26 36 
 4 10 12 23 26 36 
 3 11 12 23 26 36 
 6  7 13 23 26 36 
 5  8 13 23 26 36 
 4  9 13 23 26 36 
 3 10 13 23 26 36 
 2 11 13 23 26 36 
 1 12 13 23 26 36 
 5  7 14 23 26 36 
 4  8 14 23 26 36 
 3  9 14 23 26 36 
 2 10 14 23 26 36 
 1 11 14 23 26 36 
 5  6 15 23 26 36 
 4  7 15 23 26 36 
 3  8 15 23 26 36 
 2  9 15 23 26 36 
 1 10 15 23 26 36 
 4  6 16 23 26 36 
 3  7 16 23 26 36 
 2  8 16 23 26 36 
 1  9 16 23 26 36 
 4  5 17 23 26 36 
 3  6 17 23 26 36 
 2  7 17 23 26 36 
 1  8 17 23 26 36 
 3  5 18 23 26 36 
 2  6 18 23 26 36 
 1  7 18 23 26 36 
 3  4 19 23 26 36 
 2  5 19 23 26 36 
 1  6 19 23 26 36 
 2  4 20 23 26 36 
 1  5 20 23 26 36 
 2  3 21 23 26 36 
 1  4 21 23 26 36 
 1  3 22 23 26 36 
 7  8 10 24 26 36 
 6  9 10 24 26 36 
 6  8 11 24 26 36 
 5  9 11 24 26 36 
 4 10 11 24 26 36 
 6  7 12 24 26 36 
 5  8 12 24 26 36 
 4  9 12 24 26 36 
 3 10 12 24 26 36 
 2 11 12 24 26 36 
 5  7 13 24 26 36 
 4  8 13 24 26 36 
 3  9 13 24 26 36 
 2 10 13 24 26 36 
 1 11 13 24 26 36 
 5  6 14 24 26 36 
 4  7 14 24 26 36 
 3  8 14 24 26 36 
 2  9 14 24 26 36 
 1 10 14 24 26 36 
 4  6 15 24 26 36 
 3  7 15 24 26 36 
 2  8 15 24 26 36 
 1  9 15 24 26 36 
 4  5 16 24 26 36 
 3  6 16 24 26 36 
 2  7 16 24 26 36 
 1  8 16 24 26 36 
 3  5 17 24 26 36 
 2  6 17 24 26 36 
 1  7 17 24 26 36 
 3  4 18 24 26 36 
 2  5 18 24 26 36 
 1  6 18 24 26 36 
 2  4 19 24 26 36 
 1  5 19 24 26 36 
 2  3 20 24 26 36 
 1  4 20 24 26 36 
 1  3 21 24 26 36 
 1  2 22 24 26 36 
 7  8  9 25 26 36 
 6  8 10 25 26 36 
 5  9 10 25 26 36 
 6  7 11 25 26 36 
 5  8 11 25 26 36 
 4  9 11 25 26 36 
 3 10 11 25 26 36 
 5  7 12 25 26 36 
 4  8 12 25 26 36 
 3  9 12 25 26 36 
 2 10 12 25 26 36 
 1 11 12 25 26 36 
 5  6 13 25 26 36 
 4  7 13 25 26 36 
 3  8 13 25 26 36 
 2  9 13 25 26 36 
 1 10 13 25 26 36 
 4  6 14 25 26 36 
 3  7 14 25 26 36 
 2  8 14 25 26 36 
 1  9 14 25 26 36 
 4  5 15 25 26 36 
 3  6 15 25 26 36 
 2  7 15 25 26 36 
 1  8 15 25 26 36 
 3  5 16 25 26 36 
 2  6 16 25 26 36 
 1  7 16 25 26 36 
 3  4 17 25 26 36 
 2  5 17 25 26 36 
 1  6 17 25 26 36 
 2  4 18 25 26 36 
 1  5 18 25 26 36 
 2  3 19 25 26 36 
 1  4 19 25 26 36 
 1  3 20 25 26 36 
 1  2 21 25 26 36 
10 11 13 14 27 36 
 9 12 13 14 27 36 
10 11 12 15 27 36 
 9 11 13 15 27 36 
 8 12 13 15 27 36 
 9 10 14 15 27 36 
 8 11 14 15 27 36 
 7 12 14 15 27 36 
 6 13 14 15 27 36 
 9 11 12 16 27 36 
 9 10 13 16 27 36 
 8 11 13 16 27 36 
 7 12 13 16 27 36 
 8 10 14 16 27 36 
 7 11 14 16 27 36 
 6 12 14 16 27 36 
 5 13 14 16 27 36 
 8  9 15 16 27 36 
 7 10 15 16 27 36 
 6 11 15 16 27 36 
 5 12 15 16 27 36 
 4 13 15 16 27 36 
 3 14 15 16 27 36 
 9 10 12 17 27 36 
 8 11 12 17 27 36 
 8 10 13 17 27 36 
 7 11 13 17 27 36 
 6 12 13 17 27 36 
 8  9 14 17 27 36 
 7 10 14 17 27 36 
 6 11 14 17 27 36 
 5 12 14 17 27 36 
 4 13 14 17 27 36 
 7  9 15 17 27 36 
 6 10 15 17 27 36 
 5 11 15 17 27 36 
 4 12 15 17 27 36 
 3 13 15 17 27 36 
 2 14 15 17 27 36 
 7  8 16 17 27 36 
 6  9 16 17 27 36 
 5 10 16 17 27 36 
 4 11 16 17 27 36 
 3 12 16 17 27 36 
 2 13 16 17 27 36 
 1 14 16 17 27 36 
 9 10 11 18 27 36 
 8 10 12 18 27 36 
 7 11 12 18 27 36 
 8  9 13 18 27 36 
 7 10 13 18 27 36 
 6 11 13 18 27 36 
 5 12 13 18 27 36 
 7  9 14 18 27 36 
 6 10 14 18 27 36 
 5 11 14 18 27 36 
 4 12 14 18 27 36 
 3 13 14 18 27 36 
 7  8 15 18 27 36 
 6  9 15 18 27 36 
 5 10 15 18 27 36 
 4 11 15 18 27 36 
 3 12 15 18 27 36 
 2 13 15 18 27 36 
 1 14 15 18 27 36 
 6  8 16 18 27 36 
 5  9 16 18 27 36 
 4 10 16 18 27 36 
 3 11 16 18 27 36 
 2 12 16 18 27 36 
 1 13 16 18 27 36 
 6  7 17 18 27 36 
 5  8 17 18 27 36 
 4  9 17 18 27 36 
 3 10 17 18 27 36 
 2 11 17 18 27 36 
 1 12 17 18 27 36 
 8 10 11 19 27 36 
 8  9 12 19 27 36 
 7 10 12 19 27 36 
 6 11 12 19 27 36 
 7  9 13 19 27 36 
 6 10 13 19 27 36 
 5 11 13 19 27 36 
 4 12 13 19 27 36 
 7  8 14 19 27 36 
 6  9 14 19 27 36 
 5 10 14 19 27 36 
 4 11 14 19 27 36 
 3 12 14 19 27 36 
 2 13 14 19 27 36 
 6  8 15 19 27 36 
 5  9 15 19 27 36 
 4 10 15 19 27 36 
 3 11 15 19 27 36 
 2 12 15 19 27 36 
 1 13 15 19 27 36 
 6  7 16 19 27 36 
 5  8 16 19 27 36 
 4  9 16 19 27 36 
 3 10 16 19 27 36 
 2 11 16 19 27 36 
 1 12 16 19 27 36 
 5  7 17 19 27 36 
 4  8 17 19 27 36 
 3  9 17 19 27 36 
 2 10 17 19 27 36 
 1 11 17 19 27 36 
 5  6 18 19 27 36 
 4  7 18 19 27 36 
 3  8 18 19 27 36 
 2  9 18 19 27 36 
 1 10 18 19 27 36 
 8  9 11 20 27 36 
 7 10 11 20 27 36 
 7  9 12 20 27 36 
 6 10 12 20 27 36 
 5 11 12 20 27 36 
 7  8 13 20 27 36 
 6  9 13 20 27 36 
 5 10 13 20 27 36 
 4 11 13 20 27 36 
 3 12 13 20 27 36 
 6  8 14 20 27 36 
 5  9 14 20 27 36 
 4 10 14 20 27 36 
 3 11 14 20 27 36 
 2 12 14 20 27 36 
 1 13 14 20 27 36 
 6  7 15 20 27 36 
 5  8 15 20 27 36 
 4  9 15 20 27 36 
 3 10 15 20 27 36 
 2 11 15 20 27 36 
 1 12 15 20 27 36 
 5  7 16 20 27 36 
 4  8 16 20 27 36 
 3  9 16 20 27 36 
 2 10 16 20 27 36 
 1 11 16 20 27 36 
 5  6 17 20 27 36 
 4  7 17 20 27 36 
 3  8 17 20 27 36 
 2  9 17 20 27 36 
 1 10 17 20 27 36 
 4  6 18 20 27 36 
 3  7 18 20 27 36 
 2  8 18 20 27 36 
 1  9 18 20 27 36 
 4  5 19 20 27 36 
 3  6 19 20 27 36 
 2  7 19 20 27 36 
 1  8 19 20 27 36 
 8  9 10 21 27 36 
 7  9 11 21 27 36 
 6 10 11 21 27 36 
 7  8 12 21 27 36 
 6  9 12 21 27 36 
 5 10 12 21 27 36 
 4 11 12 21 27 36 
 6  8 13 21 27 36 
 5  9 13 21 27 36 
 4 10 13 21 27 36 
 3 11 13 21 27 36 
 2 12 13 21 27 36 
 6  7 14 21 27 36 
 5  8 14 21 27 36 
 4  9 14 21 27 36 
 3 10 14 21 27 36 
 2 11 14 21 27 36 
 1 12 14 21 27 36 
 5  7 15 21 27 36 
 4  8 15 21 27 36 
 3  9 15 21 27 36 
 2 10 15 21 27 36 
 1 11 15 21 27 36 
 5  6 16 21 27 36 
 4  7 16 21 27 36 
 3  8 16 21 27 36 
 2  9 16 21 27 36 
 1 10 16 21 27 36 
 4  6 17 21 27 36 
 3  7 17 21 27 36 
 2  8 17 21 27 36 
 1  9 17 21 27 36 
 4  5 18 21 27 36 
 3  6 18 21 27 36 
 2  7 18 21 27 36 
 1  8 18 21 27 36 
 3  5 19 21 27 36 
 2  6 19 21 27 36 
 1  7 19 21 27 36 
 3  4 20 21 27 36 
 2  5 20 21 27 36 
 1  6 20 21 27 36 
 7  9 10 22 27 36 
 7  8 11 22 27 36 
 6  9 11 22 27 36 
 5 10 11 22 27 36 
 6  8 12 22 27 36 
 5  9 12 22 27 36 
 4 10 12 22 27 36 
 3 11 12 22 27 36 
 6  7 13 22 27 36 
 5  8 13 22 27 36 
 4  9 13 22 27 36 
 3 10 13 22 27 36 
 2 11 13 22 27 36 
 1 12 13 22 27 36 
 5  7 14 22 27 36 
 4  8 14 22 27 36 
 3  9 14 22 27 36 
 2 10 14 22 27 36 
 1 11 14 22 27 36 
 5  6 15 22 27 36 
 4  7 15 22 27 36 
 3  8 15 22 27 36 
 2  9 15 22 27 36 
 1 10 15 22 27 36 
 4  6 16 22 27 36 
 3  7 16 22 27 36 
 2  8 16 22 27 36 
 1  9 16 22 27 36 
 4  5 17 22 27 36 
 3  6 17 22 27 36 
 2  7 17 22 27 36 
 1  8 17 22 27 36 
 3  5 18 22 27 36 
 2  6 18 22 27 36 
 1  7 18 22 27 36 
 3  4 19 22 27 36 
 2  5 19 22 27 36 
 1  6 19 22 27 36 
 2  4 20 22 27 36 
 1  5 20 22 27 36 
 2  3 21 22 27 36 
 1  4 21 22 27 36 
 7  8 10 23 27 36 
 6  9 10 23 27 36 
 6  8 11 23 27 36 
 5  9 11 23 27 36 
 4 10 11 23 27 36 
 6  7 12 23 27 36 
 5  8 12 23 27 36 
 4  9 12 23 27 36 
 3 10 12 23 27 36 
 2 11 12 23 27 36 
 5  7 13 23 27 36 
 4  8 13 23 27 36 
 3  9 13 23 27 36 
 2 10 13 23 27 36 
 1 11 13 23 27 36 
 5  6 14 23 27 36 
 4  7 14 23 27 36 
 3  8 14 23 27 36 
 2  9 14 23 27 36 
 1 10 14 23 27 36 
 4  6 15 23 27 36 
 3  7 15 23 27 36 
 2  8 15 23 27 36 
 1  9 15 23 27 36 
 4  5 16 23 27 36 
 3  6 16 23 27 36 
 2  7 16 23 27 36 
 1  8 16 23 27 36 
 3  5 17 23 27 36 
 2  6 17 23 27 36 
 1  7 17 23 27 36 
 3  4 18 23 27 36 
 2  5 18 23 27 36 
 1  6 18 23 27 36 
 2  4 19 23 27 36 
 1  5 19 23 27 36 
 2  3 20 23 27 36 
 1  4 20 23 27 36 
 1  3 21 23 27 36 
 1  2 22 23 27 36 
 7  8  9 24 27 36 
 6  8 10 24 27 36 
 5  9 10 24 27 36 
 6  7 11 24 27 36 
 5  8 11 24 27 36 
 4  9 11 24 27 36 
 3 10 11 24 27 36 
 5  7 12 24 27 36 
 4  8 12 24 27 36 
 3  9 12 24 27 36 
 2 10 12 24 27 36 
 1 11 12 24 27 36 
 5  6 13 24 27 36 
 4  7 13 24 27 36 
 3  8 13 24 27 36 
 2  9 13 24 27 36 
 1 10 13 24 27 36 
 4  6 14 24 27 36 
 3  7 14 24 27 36 
 2  8 14 24 27 36 
 1  9 14 24 27 36 
 4  5 15 24 27 36 
 3  6 15 24 27 36 
 2  7 15 24 27 36 
 1  8 15 24 27 36 
 3  5 16 24 27 36 
 2  6 16 24 27 36 
 1  7 16 24 27 36 
 3  4 17 24 27 36 
 2  5 17 24 27 36 
 1  6 17 24 27 36 
 2  4 18 24 27 36 
 1  5 18 24 27 36 
 2  3 19 24 27 36 
 1  4 19 24 27 36 
 1  3 20 24 27 36 
 1  2 21 24 27 36 
 6  8  9 25 27 36 
 6  7 10 25 27 36 
 5  8 10 25 27 36 
 4  9 10 25 27 36 
 5  7 11 25 27 36 
 4  8 11 25 27 36 
 3  9 11 25 27 36 
 2 10 11 25 27 36 
 5  6 12 25 27 36 
 4  7 12 25 27 36 
 3  8 12 25 27 36 
 2  9 12 25 27 36 
 1 10 12 25 27 36 
 4  6 13 25 27 36 
 3  7 13 25 27 36 
 2  8 13 25 27 36 
 1  9 13 25 27 36 
 4  5 14 25 27 36 
 3  6 14 25 27 36 
 2  7 14 25 27 36 
 1  8 14 25 27 36 
 3  5 15 25 27 36 
 2  6 15 25 27 36 
 1  7 15 25 27 36 
 3  4 16 25 27 36 
 2  5 16 25 27 36 
 1  6 16 25 27 36 
 2  4 17 25 27 36 
 1  5 17 25 27 36 
 2  3 18 25 27 36 
 1  4 18 25 27 36 
 1  3 19 25 27 36 
 1  2 20 25 27 36 
 6  7  9 26 27 36 
 5  8  9 26 27 36 
 5  7 10 26 27 36 
 4  8 10 26 27 36 
 3  9 10 26 27 36 
 5  6 11 26 27 36 
 4  7 11 26 27 36 
 3  8 11 26 27 36 
 2  9 11 26 27 36 
 1 10 11 26 27 36 
 4  6 12 26 27 36 
 3  7 12 26 27 36 
 2  8 12 26 27 36 
 1  9 12 26 27 36 
 4  5 13 26 27 36 
 3  6 13 26 27 36 
 2  7 13 26 27 36 
 1  8 13 26 27 36 
 3  5 14 26 27 36 
 2  6 14 26 27 36 
 1  7 14 26 27 36 
 3  4 15 26 27 36 
 2  5 15 26 27 36 
 1  6 15 26 27 36 
 2  4 16 26 27 36 
 1  5 16 26 27 36 
 2  3 17 26 27 36 
 1  4 17 26 27 36 
 1  3 18 26 27 36 
 1  2 19 26 27 36 
10 11 12 14 28 36 
 9 11 13 14 28 36 
 8 12 13 14 28 36 
 9 11 12 15 28 36 
 9 10 13 15 28 36 
 8 11 13 15 28 36 
 7 12 13 15 28 36 
 8 10 14 15 28 36 
 7 11 14 15 28 36 
 6 12 14 15 28 36 
 5 13 14 15 28 36 
 9 10 12 16 28 36 
 8 11 12 16 28 36 
 8 10 13 16 28 36 
 7 11 13 16 28 36 
 6 12 13 16 28 36 
 8  9 14 16 28 36 
 7 10 14 16 28 36 
 6 11 14 16 28 36 
 5 12 14 16 28 36 
 4 13 14 16 28 36 
 7  9 15 16 28 36 
 6 10 15 16 28 36 
 5 11 15 16 28 36 
 4 12 15 16 28 36 
 3 13 15 16 28 36 
 2 14 15 16 28 36 
 9 10 11 17 28 36 
 8 10 12 17 28 36 
 7 11 12 17 28 36 
 8  9 13 17 28 36 
 7 10 13 17 28 36 
 6 11 13 17 28 36 
 5 12 13 17 28 36 
 7  9 14 17 28 36 
 6 10 14 17 28 36 
 5 11 14 17 28 36 
 4 12 14 17 28 36 
 3 13 14 17 28 36 
 7  8 15 17 28 36 
 6  9 15 17 28 36 
 5 10 15 17 28 36 
 4 11 15 17 28 36 
 3 12 15 17 28 36 
 2 13 15 17 28 36 
 1 14 15 17 28 36 
 6  8 16 17 28 36 
 5  9 16 17 28 36 
 4 10 16 17 28 36 
 3 11 16 17 28 36 
 2 12 16 17 28 36 
 1 13 16 17 28 36 
 8 10 11 18 28 36 
 8  9 12 18 28 36 
 7 10 12 18 28 36 
 6 11 12 18 28 36 
 7  9 13 18 28 36 
 6 10 13 18 28 36 
 5 11 13 18 28 36 
 4 12 13 18 28 36 
 7  8 14 18 28 36 
 6  9 14 18 28 36 
 5 10 14 18 28 36 
 4 11 14 18 28 36 
 3 12 14 18 28 36 
 2 13 14 18 28 36 
 6  8 15 18 28 36 
 5  9 15 18 28 36 
 4 10 15 18 28 36 
 3 11 15 18 28 36 
 2 12 15 18 28 36 
 1 13 15 18 28 36 
 6  7 16 18 28 36 
 5  8 16 18 28 36 
 4  9 16 18 28 36 
 3 10 16 18 28 36 
 2 11 16 18 28 36 
 1 12 16 18 28 36 
 5  7 17 18 28 36 
 4  8 17 18 28 36 
 3  9 17 18 28 36 
 2 10 17 18 28 36 
 1 11 17 18 28 36 
 8  9 11 19 28 36 
 7 10 11 19 28 36 
 7  9 12 19 28 36 
 6 10 12 19 28 36 
 5 11 12 19 28 36 
 7  8 13 19 28 36 
 6  9 13 19 28 36 
 5 10 13 19 28 36 
 4 11 13 19 28 36 
 3 12 13 19 28 36 
 6  8 14 19 28 36 
 5  9 14 19 28 36 
 4 10 14 19 28 36 
 3 11 14 19 28 36 
 2 12 14 19 28 36 
 1 13 14 19 28 36 
 6  7 15 19 28 36 
 5  8 15 19 28 36 
 4  9 15 19 28 36 
 3 10 15 19 28 36 
 2 11 15 19 28 36 
 1 12 15 19 28 36 
 5  7 16 19 28 36 
 4  8 16 19 28 36 
 3  9 16 19 28 36 
 2 10 16 19 28 36 
 1 11 16 19 28 36 
 5  6 17 19 28 36 
 4  7 17 19 28 36 
 3  8 17 19 28 36 
 2  9 17 19 28 36 
 1 10 17 19 28 36 
 4  6 18 19 28 36 
 3  7 18 19 28 36 
 2  8 18 19 28 36 
 1  9 18 19 28 36 
 8  9 10 20 28 36 
 7  9 11 20 28 36 
 6 10 11 20 28 36 
 7  8 12 20 28 36 
 6  9 12 20 28 36 
 5 10 12 20 28 36 
 4 11 12 20 28 36 
 6  8 13 20 28 36 
 5  9 13 20 28 36 
 4 10 13 20 28 36 
 3 11 13 20 28 36 
 2 12 13 20 28 36 
 6  7 14 20 28 36 
 5  8 14 20 28 36 
 4  9 14 20 28 36 
 3 10 14 20 28 36 
 2 11 14 20 28 36 
 1 12 14 20 28 36 
 5  7 15 20 28 36 
 4  8 15 20 28 36 
 3  9 15 20 28 36 
 2 10 15 20 28 36 
 1 11 15 20 28 36 
 5  6 16 20 28 36 
 4  7 16 20 28 36 
 3  8 16 20 28 36 
 2  9 16 20 28 36 
 1 10 16 20 28 36 
 4  6 17 20 28 36 
 3  7 17 20 28 36 
 2  8 17 20 28 36 
 1  9 17 20 28 36 
 4  5 18 20 28 36 
 3  6 18 20 28 36 
 2  7 18 20 28 36 
 1  8 18 20 28 36 
 3  5 19 20 28 36 
 2  6 19 20 28 36 
 1  7 19 20 28 36 
 7  9 10 21 28 36 
 7  8 11 21 28 36 
 6  9 11 21 28 36 
 5 10 11 21 28 36 
 6  8 12 21 28 36 
 5  9 12 21 28 36 
 4 10 12 21 28 36 
 3 11 12 21 28 36 
 6  7 13 21 28 36 
 5  8 13 21 28 36 
 4  9 13 21 28 36 
 3 10 13 21 28 36 
 2 11 13 21 28 36 
 1 12 13 21 28 36 
 5  7 14 21 28 36 
 4  8 14 21 28 36 
 3  9 14 21 28 36 
 2 10 14 21 28 36 
 1 11 14 21 28 36 
 5  6 15 21 28 36 
 4  7 15 21 28 36 
 3  8 15 21 28 36 
 2  9 15 21 28 36 
 1 10 15 21 28 36 
 4  6 16 21 28 36 
 3  7 16 21 28 36 
 2  8 16 21 28 36 
 1  9 16 21 28 36 
 4  5 17 21 28 36 
 3  6 17 21 28 36 
 2  7 17 21 28 36 
 1  8 17 21 28 36 
 3  5 18 21 28 36 
 2  6 18 21 28 36 
 1  7 18 21 28 36 
 3  4 19 21 28 36 
 2  5 19 21 28 36 
 1  6 19 21 28 36 
 2  4 20 21 28 36 
 1  5 20 21 28 36 
 7  8 10 22 28 36 
 6  9 10 22 28 36 
 6  8 11 22 28 36 
 5  9 11 22 28 36 
 4 10 11 22 28 36 
 6  7 12 22 28 36 
 5  8 12 22 28 36 
 4  9 12 22 28 36 
 3 10 12 22 28 36 
 2 11 12 22 28 36 
 5  7 13 22 28 36 
 4  8 13 22 28 36 
 3  9 13 22 28 36 
 2 10 13 22 28 36 
 1 11 13 22 28 36 
 5  6 14 22 28 36 
 4  7 14 22 28 36 
 3  8 14 22 28 36 
 2  9 14 22 28 36 
 1 10 14 22 28 36 
 4  6 15 22 28 36 
 3  7 15 22 28 36 
 2  8 15 22 28 36 
 1  9 15 22 28 36 
 4  5 16 22 28 36 
 3  6 16 22 28 36 
 2  7 16 22 28 36 
 1  8 16 22 28 36 
 3  5 17 22 28 36 
 2  6 17 22 28 36 
 1  7 17 22 28 36 
 3  4 18 22 28 36 
 2  5 18 22 28 36 
 1  6 18 22 28 36 
 2  4 19 22 28 36 
 1  5 19 22 28 36 
 2  3 20 22 28 36 
 1  4 20 22 28 36 
 1  3 21 22 28 36 
 7  8  9 23 28 36 
 6  8 10 23 28 36 
 5  9 10 23 28 36 
 6  7 11 23 28 36 
 5  8 11 23 28 36 
 4  9 11 23 28 36 
 3 10 11 23 28 36 
 5  7 12 23 28 36 
 4  8 12 23 28 36 
 3  9 12 23 28 36 
 2 10 12 23 28 36 
 1 11 12 23 28 36 
 5  6 13 23 28 36 
 4  7 13 23 28 36 
 3  8 13 23 28 36 
 2  9 13 23 28 36 
 1 10 13 23 28 36 
 4  6 14 23 28 36 
 3  7 14 23 28 36 
 2  8 14 23 28 36 
 1  9 14 23 28 36 
 4  5 15 23 28 36 
 3  6 15 23 28 36 
 2  7 15 23 28 36 
 1  8 15 23 28 36 
 3  5 16 23 28 36 
 2  6 16 23 28 36 
 1  7 16 23 28 36 
 3  4 17 23 28 36 
 2  5 17 23 28 36 
 1  6 17 23 28 36 
 2  4 18 23 28 36 
 1  5 18 23 28 36 
 2  3 19 23 28 36 
 1  4 19 23 28 36 
 1  3 20 23 28 36 
 1  2 21 23 28 36 
 6  8  9 24 28 36 
 6  7 10 24 28 36 
 5  8 10 24 28 36 
 4  9 10 24 28 36 
 5  7 11 24 28 36 
 4  8 11 24 28 36 
 3  9 11 24 28 36 
 2 10 11 24 28 36 
 5  6 12 24 28 36 
 4  7 12 24 28 36 
 3  8 12 24 28 36 
 2  9 12 24 28 36 
 1 10 12 24 28 36 
 4  6 13 24 28 36 
 3  7 13 24 28 36 
 2  8 13 24 28 36 
 1  9 13 24 28 36 
 4  5 14 24 28 36 
 3  6 14 24 28 36 
 2  7 14 24 28 36 
 1  8 14 24 28 36 
 3  5 15 24 28 36 
 2  6 15 24 28 36 
 1  7 15 24 28 36 
 3  4 16 24 28 36 
 2  5 16 24 28 36 
 1  6 16 24 28 36 
 2  4 17 24 28 36 
 1  5 17 24 28 36 
 2  3 18 24 28 36 
 1  4 18 24 28 36 
 1  3 19 24 28 36 
 1  2 20 24 28 36 
 6  7  9 25 28 36 
 5  8  9 25 28 36 
 5  7 10 25 28 36 
 4  8 10 25 28 36 
 3  9 10 25 28 36 
 5  6 11 25 28 36 
 4  7 11 25 28 36 
 3  8 11 25 28 36 
 2  9 11 25 28 36 
 1 10 11 25 28 36 
 4  6 12 25 28 36 
 3  7 12 25 28 36 
 2  8 12 25 28 36 
 1  9 12 25 28 36 
 4  5 13 25 28 36 
 3  6 13 25 28 36 
 2  7 13 25 28 36 
 1  8 13 25 28 36 
 3  5 14 25 28 36 
 2  6 14 25 28 36 
 1  7 14 25 28 36 
 3  4 15 25 28 36 
 2  5 15 25 28 36 
 1  6 15 25 28 36 
 2  4 16 25 28 36 
 1  5 16 25 28 36 
 2  3 17 25 28 36 
 1  4 17 25 28 36 
 1  3 18 25 28 36 
 1  2 19 25 28 36 
 6  7  8 26 28 36 
 5  7  9 26 28 36 
 4  8  9 26 28 36 
 5  6 10 26 28 36 
 4  7 10 26 28 36 
 3  8 10 26 28 36 
 2  9 10 26 28 36 
 4  6 11 26 28 36 
 3  7 11 26 28 36 
 2  8 11 26 28 36 
 1  9 11 26 28 36 
 4  5 12 26 28 36 
 3  6 12 26 28 36 
 2  7 12 26 28 36 
 1  8 12 26 28 36 
 3  5 13 26 28 36 
 2  6 13 26 28 36 
 1  7 13 26 28 36 
 3  4 14 26 28 36 
 2  5 14 26 28 36 
 1  6 14 26 28 36 
 2  4 15 26 28 36 
 1  5 15 26 28 36 
 2  3 16 26 28 36 
 1  4 16 26 28 36 
 1  3 17 26 28 36 
 1  2 18 26 28 36 
 5  7  8 27 28 36 
 5  6  9 27 28 36 
 4  7  9 27 28 36 
 3  8  9 27 28 36 
 4  6 10 27 28 36 
 3  7 10 27 28 36 
 2  8 10 27 28 36 
 1  9 10 27 28 36 
 4  5 11 27 28 36 
 3  6 11 27 28 36 
 2  7 11 27 28 36 
 1  8 11 27 28 36 
 3  5 12 27 28 36 
 2  6 12 27 28 36 
 1  7 12 27 28 36 
 3  4 13 27 28 36 
 2  5 13 27 28 36 
 1  6 13 27 28 36 
 2  4 14 27 28 36 
 1  5 14 27 28 36 
 2  3 15 27 28 36 
 1  4 15 27 28 36 
 1  3 16 27 28 36 
 1  2 17 27 28 36 
10 11 12 13 29 36 
 9 11 12 14 29 36 
 9 10 13 14 29 36 
 8 11 13 14 29 36 
 7 12 13 14 29 36 
 9 10 12 15 29 36 
 8 11 12 15 29 36 
 8 10 13 15 29 36 
 7 11 13 15 29 36 
 6 12 13 15 29 36 
 8  9 14 15 29 36 
 7 10 14 15 29 36 
 6 11 14 15 29 36 
 5 12 14 15 29 36 
 4 13 14 15 29 36 
 9 10 11 16 29 36 
 8 10 12 16 29 36 
 7 11 12 16 29 36 
 8  9 13 16 29 36 
 7 10 13 16 29 36 
 6 11 13 16 29 36 
 5 12 13 16 29 36 
 7  9 14 16 29 36 
 6 10 14 16 29 36 
 5 11 14 16 29 36 
 4 12 14 16 29 36 
 3 13 14 16 29 36 
 7  8 15 16 29 36 
 6  9 15 16 29 36 
 5 10 15 16 29 36 
 4 11 15 16 29 36 
 3 12 15 16 29 36 
 2 13 15 16 29 36 
 1 14 15 16 29 36 
 8 10 11 17 29 36 
 8  9 12 17 29 36 
 7 10 12 17 29 36 
 6 11 12 17 29 36 
 7  9 13 17 29 36 
 6 10 13 17 29 36 
 5 11 13 17 29 36 
 4 12 13 17 29 36 
 7  8 14 17 29 36 
 6  9 14 17 29 36 
 5 10 14 17 29 36 
 4 11 14 17 29 36 
 3 12 14 17 29 36 
 2 13 14 17 29 36 
 6  8 15 17 29 36 
 5  9 15 17 29 36 
 4 10 15 17 29 36 
 3 11 15 17 29 36 
 2 12 15 17 29 36 
 1 13 15 17 29 36 
 6  7 16 17 29 36 
 5  8 16 17 29 36 
 4  9 16 17 29 36 
 3 10 16 17 29 36 
 2 11 16 17 29 36 
 1 12 16 17 29 36 
 8  9 11 18 29 36 
 7 10 11 18 29 36 
 7  9 12 18 29 36 
 6 10 12 18 29 36 
 5 11 12 18 29 36 
 7  8 13 18 29 36 
 6  9 13 18 29 36 
 5 10 13 18 29 36 
 4 11 13 18 29 36 
 3 12 13 18 29 36 
 6  8 14 18 29 36 
 5  9 14 18 29 36 
 4 10 14 18 29 36 
 3 11 14 18 29 36 
 2 12 14 18 29 36 
 1 13 14 18 29 36 
 6  7 15 18 29 36 
 5  8 15 18 29 36 
 4  9 15 18 29 36 
 3 10 15 18 29 36 
 2 11 15 18 29 36 
 1 12 15 18 29 36 
 5  7 16 18 29 36 
 4  8 16 18 29 36 
 3  9 16 18 29 36 
 2 10 16 18 29 36 
 1 11 16 18 29 36 
 5  6 17 18 29 36 
 4  7 17 18 29 36 
 3  8 17 18 29 36 
 2  9 17 18 29 36 
 1 10 17 18 29 36 
 8  9 10 19 29 36 
 7  9 11 19 29 36 
 6 10 11 19 29 36 
 7  8 12 19 29 36 
 6  9 12 19 29 36 
 5 10 12 19 29 36 
 4 11 12 19 29 36 
 6  8 13 19 29 36 
 5  9 13 19 29 36 
 4 10 13 19 29 36 
 3 11 13 19 29 36 
 2 12 13 19 29 36 
 6  7 14 19 29 36 
 5  8 14 19 29 36 
 4  9 14 19 29 36 
 3 10 14 19 29 36 
 2 11 14 19 29 36 
 1 12 14 19 29 36 
 5  7 15 19 29 36 
 4  8 15 19 29 36 
 3  9 15 19 29 36 
 2 10 15 19 29 36 
 1 11 15 19 29 36 
 5  6 16 19 29 36 
 4  7 16 19 29 36 
 3  8 16 19 29 36 
 2  9 16 19 29 36 
 1 10 16 19 29 36 
 4  6 17 19 29 36 
 3  7 17 19 29 36 
 2  8 17 19 29 36 
 1  9 17 19 29 36 
 4  5 18 19 29 36 
 3  6 18 19 29 36 
 2  7 18 19 29 36 
 1  8 18 19 29 36 
 7  9 10 20 29 36 
 7  8 11 20 29 36 
 6  9 11 20 29 36 
 5 10 11 20 29 36 
 6  8 12 20 29 36 
 5  9 12 20 29 36 
 4 10 12 20 29 36 
 3 11 12 20 29 36 
 6  7 13 20 29 36 
 5  8 13 20 29 36 
 4  9 13 20 29 36 
 3 10 13 20 29 36 
 2 11 13 20 29 36 
 1 12 13 20 29 36 
 5  7 14 20 29 36 
 4  8 14 20 29 36 
 3  9 14 20 29 36 
 2 10 14 20 29 36 
 1 11 14 20 29 36 
 5  6 15 20 29 36 
 4  7 15 20 29 36 
 3  8 15 20 29 36 
 2  9 15 20 29 36 
 1 10 15 20 29 36 
 4  6 16 20 29 36 
 3  7 16 20 29 36 
 2  8 16 20 29 36 
 1  9 16 20 29 36 
 4  5 17 20 29 36 
 3  6 17 20 29 36 
 2  7 17 20 29 36 
 1  8 17 20 29 36 
 3  5 18 20 29 36 
 2  6 18 20 29 36 
 1  7 18 20 29 36 
 3  4 19 20 29 36 
 2  5 19 20 29 36 
 1  6 19 20 29 36 
 7  8 10 21 29 36 
 6  9 10 21 29 36 
 6  8 11 21 29 36 
 5  9 11 21 29 36 
 4 10 11 21 29 36 
 6  7 12 21 29 36 
 5  8 12 21 29 36 
 4  9 12 21 29 36 
 3 10 12 21 29 36 
 2 11 12 21 29 36 
 5  7 13 21 29 36 
 4  8 13 21 29 36 
 3  9 13 21 29 36 
 2 10 13 21 29 36 
 1 11 13 21 29 36 
 5  6 14 21 29 36 
 4  7 14 21 29 36 
 3  8 14 21 29 36 
 2  9 14 21 29 36 
 1 10 14 21 29 36 
 4  6 15 21 29 36 
 3  7 15 21 29 36 
 2  8 15 21 29 36 
 1  9 15 21 29 36 
 4  5 16 21 29 36 
 3  6 16 21 29 36 
 2  7 16 21 29 36 
 1  8 16 21 29 36 
 3  5 17 21 29 36 
 2  6 17 21 29 36 
 1  7 17 21 29 36 
 3  4 18 21 29 36 
 2  5 18 21 29 36 
 1  6 18 21 29 36 
 2  4 19 21 29 36 
 1  5 19 21 29 36 
 2  3 20 21 29 36 
 1  4 20 21 29 36 
 7  8  9 22 29 36 
 6  8 10 22 29 36 
 5  9 10 22 29 36 
 6  7 11 22 29 36 
 5  8 11 22 29 36 
 4  9 11 22 29 36 
 3 10 11 22 29 36 
 5  7 12 22 29 36 
 4  8 12 22 29 36 
 3  9 12 22 29 36 
 2 10 12 22 29 36 
 1 11 12 22 29 36 
 5  6 13 22 29 36 
 4  7 13 22 29 36 
 3  8 13 22 29 36 
 2  9 13 22 29 36 
 1 10 13 22 29 36 
 4  6 14 22 29 36 
 3  7 14 22 29 36 
 2  8 14 22 29 36 
 1  9 14 22 29 36 
 4  5 15 22 29 36 
 3  6 15 22 29 36 
 2  7 15 22 29 36 
 1  8 15 22 29 36 
 3  5 16 22 29 36 
 2  6 16 22 29 36 
 1  7 16 22 29 36 
 3  4 17 22 29 36 
 2  5 17 22 29 36 
 1  6 17 22 29 36 
 2  4 18 22 29 36 
 1  5 18 22 29 36 
 2  3 19 22 29 36 
 1  4 19 22 29 36 
 1  3 20 22 29 36 
 1  2 21 22 29 36 
 6  8  9 23 29 36 
 6  7 10 23 29 36 
 5  8 10 23 29 36 
 4  9 10 23 29 36 
 5  7 11 23 29 36 
 4  8 11 23 29 36 
 3  9 11 23 29 36 
 2 10 11 23 29 36 
 5  6 12 23 29 36 
 4  7 12 23 29 36 
 3  8 12 23 29 36 
 2  9 12 23 29 36 
 1 10 12 23 29 36 
 4  6 13 23 29 36 
 3  7 13 23 29 36 
 2  8 13 23 29 36 
 1  9 13 23 29 36 
 4  5 14 23 29 36 
 3  6 14 23 29 36 
 2  7 14 23 29 36 
 1  8 14 23 29 36 
 3  5 15 23 29 36 
 2  6 15 23 29 36 
 1  7 15 23 29 36 
 3  4 16 23 29 36 
 2  5 16 23 29 36 
 1  6 16 23 29 36 
 2  4 17 23 29 36 
 1  5 17 23 29 36 
 2  3 18 23 29 36 
 1  4 18 23 29 36 
 1  3 19 23 29 36 
 1  2 20 23 29 36 
 6  7  9 24 29 36 
 5  8  9 24 29 36 
 5  7 10 24 29 36 
 4  8 10 24 29 36 
 3  9 10 24 29 36 
 5  6 11 24 29 36 
 4  7 11 24 29 36 
 3  8 11 24 29 36 
 2  9 11 24 29 36 
 1 10 11 24 29 36 
 4  6 12 24 29 36 
 3  7 12 24 29 36 
 2  8 12 24 29 36 
 1  9 12 24 29 36 
 4  5 13 24 29 36 
 3  6 13 24 29 36 
 2  7 13 24 29 36 
 1  8 13 24 29 36 
 3  5 14 24 29 36 
 2  6 14 24 29 36 
 1  7 14 24 29 36 
 3  4 15 24 29 36 
 2  5 15 24 29 36 
 1  6 15 24 29 36 
 2  4 16 24 29 36 
 1  5 16 24 29 36 
 2  3 17 24 29 36 
 1  4 17 24 29 36 
 1  3 18 24 29 36 
 1  2 19 24 29 36 
 6  7  8 25 29 36 
 5  7  9 25 29 36 
 4  8  9 25 29 36 
 5  6 10 25 29 36 
 4  7 10 25 29 36 
 3  8 10 25 29 36 
 2  9 10 25 29 36 
 4  6 11 25 29 36 
 3  7 11 25 29 36 
 2  8 11 25 29 36 
 1  9 11 25 29 36 
 4  5 12 25 29 36 
 3  6 12 25 29 36 
 2  7 12 25 29 36 
 1  8 12 25 29 36 
 3  5 13 25 29 36 
 2  6 13 25 29 36 
 1  7 13 25 29 36 
 3  4 14 25 29 36 
 2  5 14 25 29 36 
 1  6 14 25 29 36 
 2  4 15 25 29 36 
 1  5 15 25 29 36 
 2  3 16 25 29 36 
 1  4 16 25 29 36 
 1  3 17 25 29 36 
 1  2 18 25 29 36 
 5  7  8 26 29 36 
 5  6  9 26 29 36 
 4  7  9 26 29 36 
 3  8  9 26 29 36 
 4  6 10 26 29 36 
 3  7 10 26 29 36 
 2  8 10 26 29 36 
 1  9 10 26 29 36 
 4  5 11 26 29 36 
 3  6 11 26 29 36 
 2  7 11 26 29 36 
 1  8 11 26 29 36 
 3  5 12 26 29 36 
 2  6 12 26 29 36 
 1  7 12 26 29 36 
 3  4 13 26 29 36 
 2  5 13 26 29 36 
 1  6 13 26 29 36 
 2  4 14 26 29 36 
 1  5 14 26 29 36 
 2  3 15 26 29 36 
 1  4 15 26 29 36 
 1  3 16 26 29 36 
 1  2 17 26 29 36 
 5  6  8 27 29 36 
 4  7  8 27 29 36 
 4  6  9 27 29 36 
 3  7  9 27 29 36 
 2  8  9 27 29 36 
 4  5 10 27 29 36 
 3  6 10 27 29 36 
 2  7 10 27 29 36 
 1  8 10 27 29 36 
 3  5 11 27 29 36 
 2  6 11 27 29 36 
 1  7 11 27 29 36 
 3  4 12 27 29 36 
 2  5 12 27 29 36 
 1  6 12 27 29 36 
 2  4 13 27 29 36 
 1  5 13 27 29 36 
 2  3 14 27 29 36 
 1  4 14 27 29 36 
 1  3 15 27 29 36 
 1  2 16 27 29 36 
 5  6  7 28 29 36 
 4  6  8 28 29 36 
 3  7  8 28 29 36 
 4  5  9 28 29 36 
 3  6  9 28 29 36 
 2  7  9 28 29 36 
 1  8  9 28 29 36 
 3  5 10 28 29 36 
 2  6 10 28 29 36 
 1  7 10 28 29 36 
 3  4 11 28 29 36 
 2  5 11 28 29 36 
 1  6 11 28 29 36 
 2  4 12 28 29 36 
 1  5 12 28 29 36 
 2  3 13 28 29 36 
 1  4 13 28 29 36 
 1  3 14 28 29 36 
 1  2 15 28 29 36 
 9 11 12 13 30 36 
 9 10 12 14 30 36 
 8 11 12 14 30 36 
 8 10 13 14 30 36 
 7 11 13 14 30 36 
 6 12 13 14 30 36 
 9 10 11 15 30 36 
 8 10 12 15 30 36 
 7 11 12 15 30 36 
 8  9 13 15 30 36 
 7 10 13 15 30 36 
 6 11 13 15 30 36 
 5 12 13 15 30 36 
 7  9 14 15 30 36 
 6 10 14 15 30 36 
 5 11 14 15 30 36 
 4 12 14 15 30 36 
 3 13 14 15 30 36 
 8 10 11 16 30 36 
 8  9 12 16 30 36 
 7 10 12 16 30 36 
 6 11 12 16 30 36 
 7  9 13 16 30 36 
 6 10 13 16 30 36 
 5 11 13 16 30 36 
 4 12 13 16 30 36 
 7  8 14 16 30 36 
 6  9 14 16 30 36 
 5 10 14 16 30 36 
 4 11 14 16 30 36 
 3 12 14 16 30 36 
 2 13 14 16 30 36 
 6  8 15 16 30 36 
 5  9 15 16 30 36 
 4 10 15 16 30 36 
 3 11 15 16 30 36 
 2 12 15 16 30 36 
 1 13 15 16 30 36 
 8  9 11 17 30 36 
 7 10 11 17 30 36 
 7  9 12 17 30 36 
 6 10 12 17 30 36 
 5 11 12 17 30 36 
 7  8 13 17 30 36 
 6  9 13 17 30 36 
 5 10 13 17 30 36 
 4 11 13 17 30 36 
 3 12 13 17 30 36 
 6  8 14 17 30 36 
 5  9 14 17 30 36 
 4 10 14 17 30 36 
 3 11 14 17 30 36 
 2 12 14 17 30 36 
 1 13 14 17 30 36 
 6  7 15 17 30 36 
 5  8 15 17 30 36 
 4  9 15 17 30 36 
 3 10 15 17 30 36 
 2 11 15 17 30 36 
 1 12 15 17 30 36 
 5  7 16 17 30 36 
 4  8 16 17 30 36 
 3  9 16 17 30 36 
 2 10 16 17 30 36 
 1 11 16 17 30 36 
 8  9 10 18 30 36 
 7  9 11 18 30 36 
 6 10 11 18 30 36 
 7  8 12 18 30 36 
 6  9 12 18 30 36 
 5 10 12 18 30 36 
 4 11 12 18 30 36 
 6  8 13 18 30 36 
 5  9 13 18 30 36 
 4 10 13 18 30 36 
 3 11 13 18 30 36 
 2 12 13 18 30 36 
 6  7 14 18 30 36 
 5  8 14 18 30 36 
 4  9 14 18 30 36 
 3 10 14 18 30 36 
 2 11 14 18 30 36 
 1 12 14 18 30 36 
 5  7 15 18 30 36 
 4  8 15 18 30 36 
 3  9 15 18 30 36 
 2 10 15 18 30 36 
 1 11 15 18 30 36 
 5  6 16 18 30 36 
 4  7 16 18 30 36 
 3  8 16 18 30 36 
 2  9 16 18 30 36 
 1 10 16 18 30 36 
 4  6 17 18 30 36 
 3  7 17 18 30 36 
 2  8 17 18 30 36 
 1  9 17 18 30 36 
 7  9 10 19 30 36 
 7  8 11 19 30 36 
 6  9 11 19 30 36 
 5 10 11 19 30 36 
 6  8 12 19 30 36 
 5  9 12 19 30 36 
 4 10 12 19 30 36 
 3 11 12 19 30 36 
 6  7 13 19 30 36 
 5  8 13 19 30 36 
 4  9 13 19 30 36 
 3 10 13 19 30 36 
 2 11 13 19 30 36 
 1 12 13 19 30 36 
 5  7 14 19 30 36 
 4  8 14 19 30 36 
 3  9 14 19 30 36 
 2 10 14 19 30 36 
 1 11 14 19 30 36 
 5  6 15 19 30 36 
 4  7 15 19 30 36 
 3  8 15 19 30 36 
 2  9 15 19 30 36 
 1 10 15 19 30 36 
 4  6 16 19 30 36 
 3  7 16 19 30 36 
 2  8 16 19 30 36 
 1  9 16 19 30 36 
 4  5 17 19 30 36 
 3  6 17 19 30 36 
 2  7 17 19 30 36 
 1  8 17 19 30 36 
 3  5 18 19 30 36 
 2  6 18 19 30 36 
 1  7 18 19 30 36 
 7  8 10 20 30 36 
 6  9 10 20 30 36 
 6  8 11 20 30 36 
 5  9 11 20 30 36 
 4 10 11 20 30 36 
 6  7 12 20 30 36 
 5  8 12 20 30 36 
 4  9 12 20 30 36 
 3 10 12 20 30 36 
 2 11 12 20 30 36 
 5  7 13 20 30 36 
 4  8 13 20 30 36 
 3  9 13 20 30 36 
 2 10 13 20 30 36 
 1 11 13 20 30 36 
 5  6 14 20 30 36 
 4  7 14 20 30 36 
 3  8 14 20 30 36 
 2  9 14 20 30 36 
 1 10 14 20 30 36 
 4  6 15 20 30 36 
 3  7 15 20 30 36 
 2  8 15 20 30 36 
 1  9 15 20 30 36 
 4  5 16 20 30 36 
 3  6 16 20 30 36 
 2  7 16 20 30 36 
 1  8 16 20 30 36 
 3  5 17 20 30 36 
 2  6 17 20 30 36 
 1  7 17 20 30 36 
 3  4 18 20 30 36 
 2  5 18 20 30 36 
 1  6 18 20 30 36 
 2  4 19 20 30 36 
 1  5 19 20 30 36 
 7  8  9 21 30 36 
 6  8 10 21 30 36 
 5  9 10 21 30 36 
 6  7 11 21 30 36 
 5  8 11 21 30 36 
 4  9 11 21 30 36 
 3 10 11 21 30 36 
 5  7 12 21 30 36 
 4  8 12 21 30 36 
 3  9 12 21 30 36 
 2 10 12 21 30 36 
 1 11 12 21 30 36 
 5  6 13 21 30 36 
 4  7 13 21 30 36 
 3  8 13 21 30 36 
 2  9 13 21 30 36 
 1 10 13 21 30 36 
 4  6 14 21 30 36 
 3  7 14 21 30 36 
 2  8 14 21 30 36 
 1  9 14 21 30 36 
 4  5 15 21 30 36 
 3  6 15 21 30 36 
 2  7 15 21 30 36 
 1  8 15 21 30 36 
 3  5 16 21 30 36 
 2  6 16 21 30 36 
 1  7 16 21 30 36 
 3  4 17 21 30 36 
 2  5 17 21 30 36 
 1  6 17 21 30 36 
 2  4 18 21 30 36 
 1  5 18 21 30 36 
 2  3 19 21 30 36 
 1  4 19 21 30 36 
 1  3 20 21 30 36 
 6  8  9 22 30 36 
 6  7 10 22 30 36 
 5  8 10 22 30 36 
 4  9 10 22 30 36 
 5  7 11 22 30 36 
 4  8 11 22 30 36 
 3  9 11 22 30 36 
 2 10 11 22 30 36 
 5  6 12 22 30 36 
 4  7 12 22 30 36 
 3  8 12 22 30 36 
 2  9 12 22 30 36 
 1 10 12 22 30 36 
 4  6 13 22 30 36 
 3  7 13 22 30 36 
 2  8 13 22 30 36 
 1  9 13 22 30 36 
 4  5 14 22 30 36 
 3  6 14 22 30 36 
 2  7 14 22 30 36 
 1  8 14 22 30 36 
 3  5 15 22 30 36 
 2  6 15 22 30 36 
 1  7 15 22 30 36 
 3  4 16 22 30 36 
 2  5 16 22 30 36 
 1  6 16 22 30 36 
 2  4 17 22 30 36 
 1  5 17 22 30 36 
 2  3 18 22 30 36 
 1  4 18 22 30 36 
 1  3 19 22 30 36 
 1  2 20 22 30 36 
 6  7  9 23 30 36 
 5  8  9 23 30 36 
 5  7 10 23 30 36 
 4  8 10 23 30 36 
 3  9 10 23 30 36 
 5  6 11 23 30 36 
 4  7 11 23 30 36 
 3  8 11 23 30 36 
 2  9 11 23 30 36 
 1 10 11 23 30 36 
 4  6 12 23 30 36 
 3  7 12 23 30 36 
 2  8 12 23 30 36 
 1  9 12 23 30 36 
 4  5 13 23 30 36 
 3  6 13 23 30 36 
 2  7 13 23 30 36 
 1  8 13 23 30 36 
 3  5 14 23 30 36 
 2  6 14 23 30 36 
 1  7 14 23 30 36 
 3  4 15 23 30 36 
 2  5 15 23 30 36 
 1  6 15 23 30 36 
 2  4 16 23 30 36 
 1  5 16 23 30 36 
 2  3 17 23 30 36 
 1  4 17 23 30 36 
 1  3 18 23 30 36 
 1  2 19 23 30 36 
 6  7  8 24 30 36 
 5  7  9 24 30 36 
 4  8  9 24 30 36 
 5  6 10 24 30 36 
 4  7 10 24 30 36 
 3  8 10 24 30 36 
 2  9 10 24 30 36 
 4  6 11 24 30 36 
 3  7 11 24 30 36 
 2  8 11 24 30 36 
 1  9 11 24 30 36 
 4  5 12 24 30 36 
 3  6 12 24 30 36 
 2  7 12 24 30 36 
 1  8 12 24 30 36 
 3  5 13 24 30 36 
 2  6 13 24 30 36 
 1  7 13 24 30 36 
 3  4 14 24 30 36 
 2  5 14 24 30 36 
 1  6 14 24 30 36 
 2  4 15 24 30 36 
 1  5 15 24 30 36 
 2  3 16 24 30 36 
 1  4 16 24 30 36 
 1  3 17 24 30 36 
 1  2 18 24 30 36 
 5  7  8 25 30 36 
 5  6  9 25 30 36 
 4  7  9 25 30 36 
 3  8  9 25 30 36 
 4  6 10 25 30 36 
 3  7 10 25 30 36 
 2  8 10 25 30 36 
 1  9 10 25 30 36 
 4  5 11 25 30 36 
 3  6 11 25 30 36 
 2  7 11 25 30 36 
 1  8 11 25 30 36 
 3  5 12 25 30 36 
 2  6 12 25 30 36 
 1  7 12 25 30 36 
 3  4 13 25 30 36 
 2  5 13 25 30 36 
 1  6 13 25 30 36 
 2  4 14 25 30 36 
 1  5 14 25 30 36 
 2  3 15 25 30 36 
 1  4 15 25 30 36 
 1  3 16 25 30 36 
 1  2 17 25 30 36 
 5  6  8 26 30 36 
 4  7  8 26 30 36 
 4  6  9 26 30 36 
 3  7  9 26 30 36 
 2  8  9 26 30 36 
 4  5 10 26 30 36 
 3  6 10 26 30 36 
 2  7 10 26 30 36 
 1  8 10 26 30 36 
 3  5 11 26 30 36 
 2  6 11 26 30 36 
 1  7 11 26 30 36 
 3  4 12 26 30 36 
 2  5 12 26 30 36 
 1  6 12 26 30 36 
 2  4 13 26 30 36 
 1  5 13 26 30 36 
 2  3 14 26 30 36 
 1  4 14 26 30 36 
 1  3 15 26 30 36 
 1  2 16 26 30 36 
 5  6  7 27 30 36 
 4  6  8 27 30 36 
 3  7  8 27 30 36 
 4  5  9 27 30 36 
 3  6  9 27 30 36 
 2  7  9 27 30 36 
 1  8  9 27 30 36 
 3  5 10 27 30 36 
 2  6 10 27 30 36 
 1  7 10 27 30 36 
 3  4 11 27 30 36 
 2  5 11 27 30 36 
 1  6 11 27 30 36 
 2  4 12 27 30 36 
 1  5 12 27 30 36 
 2  3 13 27 30 36 
 1  4 13 27 30 36 
 1  3 14 27 30 36 
 1  2 15 27 30 36 
 4  6  7 28 30 36 
 4  5  8 28 30 36 
 3  6  8 28 30 36 
 2  7  8 28 30 36 
 3  5  9 28 30 36 
 2  6  9 28 30 36 
 1  7  9 28 30 36 
 3  4 10 28 30 36 
 2  5 10 28 30 36 
 1  6 10 28 30 36 
 2  4 11 28 30 36 
 1  5 11 28 30 36 
 2  3 12 28 30 36 
 1  4 12 28 30 36 
 1  3 13 28 30 36 
 1  2 14 28 30 36 
 4  5  7 29 30 36 
 3  6  7 29 30 36 
 3  5  8 29 30 36 
 2  6  8 29 30 36 
 1  7  8 29 30 36 
 3  4  9 29 30 36 
 2  5  9 29 30 36 
 1  6  9 29 30 36 
 2  4 10 29 30 36 
 1  5 10 29 30 36 
 2  3 11 29 30 36 
 1  4 11 29 30 36 
 1  3 12 29 30 36 
 1  2 13 29 30 36 
 9 10 12 13 31 36 
 8 11 12 13 31 36 
 9 10 11 14 31 36 
 8 10 12 14 31 36 
 7 11 12 14 31 36 
 8  9 13 14 31 36 
 7 10 13 14 31 36 
 6 11 13 14 31 36 
 5 12 13 14 31 36 
 8 10 11 15 31 36 
 8  9 12 15 31 36 
 7 10 12 15 31 36 
 6 11 12 15 31 36 
 7  9 13 15 31 36 
 6 10 13 15 31 36 
 5 11 13 15 31 36 
 4 12 13 15 31 36 
 7  8 14 15 31 36 
 6  9 14 15 31 36 
 5 10 14 15 31 36 
 4 11 14 15 31 36 
 3 12 14 15 31 36 
 2 13 14 15 31 36 
 8  9 11 16 31 36 
 7 10 11 16 31 36 
 7  9 12 16 31 36 
 6 10 12 16 31 36 
 5 11 12 16 31 36 
 7  8 13 16 31 36 
 6  9 13 16 31 36 
 5 10 13 16 31 36 
 4 11 13 16 31 36 
 3 12 13 16 31 36 
 6  8 14 16 31 36 
 5  9 14 16 31 36 
 4 10 14 16 31 36 
 3 11 14 16 31 36 
 2 12 14 16 31 36 
 1 13 14 16 31 36 
 6  7 15 16 31 36 
 5  8 15 16 31 36 
 4  9 15 16 31 36 
 3 10 15 16 31 36 
 2 11 15 16 31 36 
 1 12 15 16 31 36 
 8  9 10 17 31 36 
 7  9 11 17 31 36 
 6 10 11 17 31 36 
 7  8 12 17 31 36 
 6  9 12 17 31 36 
 5 10 12 17 31 36 
 4 11 12 17 31 36 
 6  8 13 17 31 36 
 5  9 13 17 31 36 
 4 10 13 17 31 36 
 3 11 13 17 31 36 
 2 12 13 17 31 36 
 6  7 14 17 31 36 
 5  8 14 17 31 36 
 4  9 14 17 31 36 
 3 10 14 17 31 36 
 2 11 14 17 31 36 
 1 12 14 17 31 36 
 5  7 15 17 31 36 
 4  8 15 17 31 36 
 3  9 15 17 31 36 
 2 10 15 17 31 36 
 1 11 15 17 31 36 
 5  6 16 17 31 36 
 4  7 16 17 31 36 
 3  8 16 17 31 36 
 2  9 16 17 31 36 
 1 10 16 17 31 36 
 7  9 10 18 31 36 
 7  8 11 18 31 36 
 6  9 11 18 31 36 
 5 10 11 18 31 36 
 6  8 12 18 31 36 
 5  9 12 18 31 36 
 4 10 12 18 31 36 
 3 11 12 18 31 36 
 6  7 13 18 31 36 
 5  8 13 18 31 36 
 4  9 13 18 31 36 
 3 10 13 18 31 36 
 2 11 13 18 31 36 
 1 12 13 18 31 36 
 5  7 14 18 31 36 
 4  8 14 18 31 36 
 3  9 14 18 31 36 
 2 10 14 18 31 36 
 1 11 14 18 31 36 
 5  6 15 18 31 36 
 4  7 15 18 31 36 
 3  8 15 18 31 36 
 2  9 15 18 31 36 
 1 10 15 18 31 36 
 4  6 16 18 31 36 
 3  7 16 18 31 36 
 2  8 16 18 31 36 
 1  9 16 18 31 36 
 4  5 17 18 31 36 
 3  6 17 18 31 36 
 2  7 17 18 31 36 
 1  8 17 18 31 36 
 7  8 10 19 31 36 
 6  9 10 19 31 36 
 6  8 11 19 31 36 
 5  9 11 19 31 36 
 4 10 11 19 31 36 
 6  7 12 19 31 36 
 5  8 12 19 31 36 
 4  9 12 19 31 36 
 3 10 12 19 31 36 
 2 11 12 19 31 36 
 5  7 13 19 31 36 
 4  8 13 19 31 36 
 3  9 13 19 31 36 
 2 10 13 19 31 36 
 1 11 13 19 31 36 
 5  6 14 19 31 36 
 4  7 14 19 31 36 
 3  8 14 19 31 36 
 2  9 14 19 31 36 
 1 10 14 19 31 36 
 4  6 15 19 31 36 
 3  7 15 19 31 36 
 2  8 15 19 31 36 
 1  9 15 19 31 36 
 4  5 16 19 31 36 
 3  6 16 19 31 36 
 2  7 16 19 31 36 
 1  8 16 19 31 36 
 3  5 17 19 31 36 
 2  6 17 19 31 36 
 1  7 17 19 31 36 
 3  4 18 19 31 36 
 2  5 18 19 31 36 
 1  6 18 19 31 36 
 7  8  9 20 31 36 
 6  8 10 20 31 36 
 5  9 10 20 31 36 
 6  7 11 20 31 36 
 5  8 11 20 31 36 
 4  9 11 20 31 36 
 3 10 11 20 31 36 
 5  7 12 20 31 36 
 4  8 12 20 31 36 
 3  9 12 20 31 36 
 2 10 12 20 31 36 
 1 11 12 20 31 36 
 5  6 13 20 31 36 
 4  7 13 20 31 36 
 3  8 13 20 31 36 
 2  9 13 20 31 36 
 1 10 13 20 31 36 
 4  6 14 20 31 36 
 3  7 14 20 31 36 
 2  8 14 20 31 36 
 1  9 14 20 31 36 
 4  5 15 20 31 36 
 3  6 15 20 31 36 
 2  7 15 20 31 36 
 1  8 15 20 31 36 
 3  5 16 20 31 36 
 2  6 16 20 31 36 
 1  7 16 20 31 36 
 3  4 17 20 31 36 
 2  5 17 20 31 36 
 1  6 17 20 31 36 
 2  4 18 20 31 36 
 1  5 18 20 31 36 
 2  3 19 20 31 36 
 1  4 19 20 31 36 
 6  8  9 21 31 36 
 6  7 10 21 31 36 
 5  8 10 21 31 36 
 4  9 10 21 31 36 
 5  7 11 21 31 36 
 4  8 11 21 31 36 
 3  9 11 21 31 36 
 2 10 11 21 31 36 
 5  6 12 21 31 36 
 4  7 12 21 31 36 
 3  8 12 21 31 36 
 2  9 12 21 31 36 
 1 10 12 21 31 36 
 4  6 13 21 31 36 
 3  7 13 21 31 36 
 2  8 13 21 31 36 
 1  9 13 21 31 36 
 4  5 14 21 31 36 
 3  6 14 21 31 36 
 2  7 14 21 31 36 
 1  8 14 21 31 36 
 3  5 15 21 31 36 
 2  6 15 21 31 36 
 1  7 15 21 31 36 
 3  4 16 21 31 36 
 2  5 16 21 31 36 
 1  6 16 21 31 36 
 2  4 17 21 31 36 
 1  5 17 21 31 36 
 2  3 18 21 31 36 
 1  4 18 21 31 36 
 1  3 19 21 31 36 
 1  2 20 21 31 36 
 6  7  9 22 31 36 
 5  8  9 22 31 36 
 5  7 10 22 31 36 
 4  8 10 22 31 36 
 3  9 10 22 31 36 
 5  6 11 22 31 36 
 4  7 11 22 31 36 
 3  8 11 22 31 36 
 2  9 11 22 31 36 
 1 10 11 22 31 36 
 4  6 12 22 31 36 
 3  7 12 22 31 36 
 2  8 12 22 31 36 
 1  9 12 22 31 36 
 4  5 13 22 31 36 
 3  6 13 22 31 36 
 2  7 13 22 31 36 
 1  8 13 22 31 36 
 3  5 14 22 31 36 
 2  6 14 22 31 36 
 1  7 14 22 31 36 
 3  4 15 22 31 36 
 2  5 15 22 31 36 
 1  6 15 22 31 36 
 2  4 16 22 31 36 
 1  5 16 22 31 36 
 2  3 17 22 31 36 
 1  4 17 22 31 36 
 1  3 18 22 31 36 
 1  2 19 22 31 36 
 6  7  8 23 31 36 
 5  7  9 23 31 36 
 4  8  9 23 31 36 
 5  6 10 23 31 36 
 4  7 10 23 31 36 
 3  8 10 23 31 36 
 2  9 10 23 31 36 
 4  6 11 23 31 36 
 3  7 11 23 31 36 
 2  8 11 23 31 36 
 1  9 11 23 31 36 
 4  5 12 23 31 36 
 3  6 12 23 31 36 
 2  7 12 23 31 36 
 1  8 12 23 31 36 
 3  5 13 23 31 36 
 2  6 13 23 31 36 
 1  7 13 23 31 36 
 3  4 14 23 31 36 
 2  5 14 23 31 36 
 1  6 14 23 31 36 
 2  4 15 23 31 36 
 1  5 15 23 31 36 
 2  3 16 23 31 36 
 1  4 16 23 31 36 
 1  3 17 23 31 36 
 1  2 18 23 31 36 
 5  7  8 24 31 36 
 5  6  9 24 31 36 
 4  7  9 24 31 36 
 3  8  9 24 31 36 
 4  6 10 24 31 36 
 3  7 10 24 31 36 
 2  8 10 24 31 36 
 1  9 10 24 31 36 
 4  5 11 24 31 36 
 3  6 11 24 31 36 
 2  7 11 24 31 36 
 1  8 11 24 31 36 
 3  5 12 24 31 36 
 2  6 12 24 31 36 
 1  7 12 24 31 36 
 3  4 13 24 31 36 
 2  5 13 24 31 36 
 1  6 13 24 31 36 
 2  4 14 24 31 36 
 1  5 14 24 31 36 
 2  3 15 24 31 36 
 1  4 15 24 31 36 
 1  3 16 24 31 36 
 1  2 17 24 31 36 
 5  6  8 25 31 36 
 4  7  8 25 31 36 
 4  6  9 25 31 36 
 3  7  9 25 31 36 
 2  8  9 25 31 36 
 4  5 10 25 31 36 
 3  6 10 25 31 36 
 2  7 10 25 31 36 
 1  8 10 25 31 36 
 3  5 11 25 31 36 
 2  6 11 25 31 36 
 1  7 11 25 31 36 
 3  4 12 25 31 36 
 2  5 12 25 31 36 
 1  6 12 25 31 36 
 2  4 13 25 31 36 
 1  5 13 25 31 36 
 2  3 14 25 31 36 
 1  4 14 25 31 36 
 1  3 15 25 31 36 
 1  2 16 25 31 36 
 5  6  7 26 31 36 
 4  6  8 26 31 36 
 3  7  8 26 31 36 
 4  5  9 26 31 36 
 3  6  9 26 31 36 
 2  7  9 26 31 36 
 1  8  9 26 31 36 
 3  5 10 26 31 36 
 2  6 10 26 31 36 
 1  7 10 26 31 36 
 3  4 11 26 31 36 
 2  5 11 26 31 36 
 1  6 11 26 31 36 
 2  4 12 26 31 36 
 1  5 12 26 31 36 
 2  3 13 26 31 36 
 1  4 13 26 31 36 
 1  3 14 26 31 36 
 1  2 15 26 31 36 
 4  6  7 27 31 36 
 4  5  8 27 31 36 
 3  6  8 27 31 36 
 2  7  8 27 31 36 
 3  5  9 27 31 36 
 2  6  9 27 31 36 
 1  7  9 27 31 36 
 3  4 10 27 31 36 
 2  5 10 27 31 36 
 1  6 10 27 31 36 
 2  4 11 27 31 36 
 1  5 11 27 31 36 
 2  3 12 27 31 36 
 1  4 12 27 31 36 
 1  3 13 27 31 36 
 1  2 14 27 31 36 
 4  5  7 28 31 36 
 3  6  7 28 31 36 
 3  5  8 28 31 36 
 2  6  8 28 31 36 
 1  7  8 28 31 36 
 3  4  9 28 31 36 
 2  5  9 28 31 36 
 1  6  9 28 31 36 
 2  4 10 28 31 36 
 1  5 10 28 31 36 
 2  3 11 28 31 36 
 1  4 11 28 31 36 
 1  3 12 28 31 36 
 1  2 13 28 31 36 
 4  5  6 29 31 36 
 3  5  7 29 31 36 
 2  6  7 29 31 36 
 3  4  8 29 31 36 
 2  5  8 29 31 36 
 1  6  8 29 31 36 
 2  4  9 29 31 36 
 1  5  9 29 31 36 
 2  3 10 29 31 36 
 1  4 10 29 31 36 
 1  3 11 29 31 36 
 1  2 12 29 31 36 
 3  5  6 30 31 36 
 3  4  7 30 31 36 
 2  5  7 30 31 36 
 1  6  7 30 31 36 
 2  4  8 30 31 36 
 1  5  8 30 31 36 
 2  3  9 30 31 36 
 1  4  9 30 31 36 
 1  3 10 30 31 36 
 1  2 11 30 31 36 
 9 10 11 13 32 36 
 8 10 12 13 32 36 
 7 11 12 13 32 36 
 8 10 11 14 32 36 
 8  9 12 14 32 36 
 7 10 12 14 32 36 
 6 11 12 14 32 36 
 7  9 13 14 32 36 
 6 10 13 14 32 36 
 5 11 13 14 32 36 
 4 12 13 14 32 36 
 8  9 11 15 32 36 
 7 10 11 15 32 36 
 7  9 12 15 32 36 
 6 10 12 15 32 36 
 5 11 12 15 32 36 
 7  8 13 15 32 36 
 6  9 13 15 32 36 
 5 10 13 15 32 36 
 4 11 13 15 32 36 
 3 12 13 15 32 36 
 6  8 14 15 32 36 
 5  9 14 15 32 36 
 4 10 14 15 32 36 
 3 11 14 15 32 36 
 2 12 14 15 32 36 
 1 13 14 15 32 36 
 8  9 10 16 32 36 
 7  9 11 16 32 36 
 6 10 11 16 32 36 
 7  8 12 16 32 36 
 6  9 12 16 32 36 
 5 10 12 16 32 36 
 4 11 12 16 32 36 
 6  8 13 16 32 36 
 5  9 13 16 32 36 
 4 10 13 16 32 36 
 3 11 13 16 32 36 
 2 12 13 16 32 36 
 6  7 14 16 32 36 
 5  8 14 16 32 36 
 4  9 14 16 32 36 
 3 10 14 16 32 36 
 2 11 14 16 32 36 
 1 12 14 16 32 36 
 5  7 15 16 32 36 
 4  8 15 16 32 36 
 3  9 15 16 32 36 
 2 10 15 16 32 36 
 1 11 15 16 32 36 
 7  9 10 17 32 36 
 7  8 11 17 32 36 
 6  9 11 17 32 36 
 5 10 11 17 32 36 
 6  8 12 17 32 36 
 5  9 12 17 32 36 
 4 10 12 17 32 36 
 3 11 12 17 32 36 
 6  7 13 17 32 36 
 5  8 13 17 32 36 
 4  9 13 17 32 36 
 3 10 13 17 32 36 
 2 11 13 17 32 36 
 1 12 13 17 32 36 
 5  7 14 17 32 36 
 4  8 14 17 32 36 
 3  9 14 17 32 36 
 2 10 14 17 32 36 
 1 11 14 17 32 36 
 5  6 15 17 32 36 
 4  7 15 17 32 36 
 3  8 15 17 32 36 
 2  9 15 17 32 36 
 1 10 15 17 32 36 
 4  6 16 17 32 36 
 3  7 16 17 32 36 
 2  8 16 17 32 36 
 1  9 16 17 32 36 
 7  8 10 18 32 36 
 6  9 10 18 32 36 
 6  8 11 18 32 36 
 5  9 11 18 32 36 
 4 10 11 18 32 36 
 6  7 12 18 32 36 
 5  8 12 18 32 36 
 4  9 12 18 32 36 
 3 10 12 18 32 36 
 2 11 12 18 32 36 
 5  7 13 18 32 36 
 4  8 13 18 32 36 
 3  9 13 18 32 36 
 2 10 13 18 32 36 
 1 11 13 18 32 36 
 5  6 14 18 32 36 
 4  7 14 18 32 36 
 3  8 14 18 32 36 
 2  9 14 18 32 36 
 1 10 14 18 32 36 
 4  6 15 18 32 36 
 3  7 15 18 32 36 
 2  8 15 18 32 36 
 1  9 15 18 32 36 
 4  5 16 18 32 36 
 3  6 16 18 32 36 
 2  7 16 18 32 36 
 1  8 16 18 32 36 
 3  5 17 18 32 36 
 2  6 17 18 32 36 
 1  7 17 18 32 36 
 7  8  9 19 32 36 
 6  8 10 19 32 36 
 5  9 10 19 32 36 
 6  7 11 19 32 36 
 5  8 11 19 32 36 
 4  9 11 19 32 36 
 3 10 11 19 32 36 
 5  7 12 19 32 36 
 4  8 12 19 32 36 
 3  9 12 19 32 36 
 2 10 12 19 32 36 
 1 11 12 19 32 36 
 5  6 13 19 32 36 
 4  7 13 19 32 36 
 3  8 13 19 32 36 
 2  9 13 19 32 36 
 1 10 13 19 32 36 
 4  6 14 19 32 36 
 3  7 14 19 32 36 
 2  8 14 19 32 36 
 1  9 14 19 32 36 
 4  5 15 19 32 36 
 3  6 15 19 32 36 
 2  7 15 19 32 36 
 1  8 15 19 32 36 
 3  5 16 19 32 36 
 2  6 16 19 32 36 
 1  7 16 19 32 36 
 3  4 17 19 32 36 
 2  5 17 19 32 36 
 1  6 17 19 32 36 
 2  4 18 19 32 36 
 1  5 18 19 32 36 
 6  8  9 20 32 36 
 6  7 10 20 32 36 
 5  8 10 20 32 36 
 4  9 10 20 32 36 
 5  7 11 20 32 36 
 4  8 11 20 32 36 
 3  9 11 20 32 36 
 2 10 11 20 32 36 
 5  6 12 20 32 36 
 4  7 12 20 32 36 
 3  8 12 20 32 36 
 2  9 12 20 32 36 
 1 10 12 20 32 36 
 4  6 13 20 32 36 
 3  7 13 20 32 36 
 2  8 13 20 32 36 
 1  9 13 20 32 36 
 4  5 14 20 32 36 
 3  6 14 20 32 36 
 2  7 14 20 32 36 
 1  8 14 20 32 36 
 3  5 15 20 32 36 
 2  6 15 20 32 36 
 1  7 15 20 32 36 
 3  4 16 20 32 36 
 2  5 16 20 32 36 
 1  6 16 20 32 36 
 2  4 17 20 32 36 
 1  5 17 20 32 36 
 2  3 18 20 32 36 
 1  4 18 20 32 36 
 1  3 19 20 32 36 
 6  7  9 21 32 36 
 5  8  9 21 32 36 
 5  7 10 21 32 36 
 4  8 10 21 32 36 
 3  9 10 21 32 36 
 5  6 11 21 32 36 
 4  7 11 21 32 36 
 3  8 11 21 32 36 
 2  9 11 21 32 36 
 1 10 11 21 32 36 
 4  6 12 21 32 36 
 3  7 12 21 32 36 
 2  8 12 21 32 36 
 1  9 12 21 32 36 
 4  5 13 21 32 36 
 3  6 13 21 32 36 
 2  7 13 21 32 36 
 1  8 13 21 32 36 
 3  5 14 21 32 36 
 2  6 14 21 32 36 
 1  7 14 21 32 36 
 3  4 15 21 32 36 
 2  5 15 21 32 36 
 1  6 15 21 32 36 
 2  4 16 21 32 36 
 1  5 16 21 32 36 
 2  3 17 21 32 36 
 1  4 17 21 32 36 
 1  3 18 21 32 36 
 1  2 19 21 32 36 
 6  7  8 22 32 36 
 5  7  9 22 32 36 
 4  8  9 22 32 36 
 5  6 10 22 32 36 
 4  7 10 22 32 36 
 3  8 10 22 32 36 
 2  9 10 22 32 36 
 4  6 11 22 32 36 
 3  7 11 22 32 36 
 2  8 11 22 32 36 
 1  9 11 22 32 36 
 4  5 12 22 32 36 
 3  6 12 22 32 36 
 2  7 12 22 32 36 
 1  8 12 22 32 36 
 3  5 13 22 32 36 
 2  6 13 22 32 36 
 1  7 13 22 32 36 
 3  4 14 22 32 36 
 2  5 14 22 32 36 
 1  6 14 22 32 36 
 2  4 15 22 32 36 
 1  5 15 22 32 36 
 2  3 16 22 32 36 
 1  4 16 22 32 36 
 1  3 17 22 32 36 
 1  2 18 22 32 36 
 5  7  8 23 32 36 
 5  6  9 23 32 36 
 4  7  9 23 32 36 
 3  8  9 23 32 36 
 4  6 10 23 32 36 
 3  7 10 23 32 36 
 2  8 10 23 32 36 
 1  9 10 23 32 36 
 4  5 11 23 32 36 
 3  6 11 23 32 36 
 2  7 11 23 32 36 
 1  8 11 23 32 36 
 3  5 12 23 32 36 
 2  6 12 23 32 36 
 1  7 12 23 32 36 
 3  4 13 23 32 36 
 2  5 13 23 32 36 
 1  6 13 23 32 36 
 2  4 14 23 32 36 
 1  5 14 23 32 36 
 2  3 15 23 32 36 
 1  4 15 23 32 36 
 1  3 16 23 32 36 
 1  2 17 23 32 36 
 5  6  8 24 32 36 
 4  7  8 24 32 36 
 4  6  9 24 32 36 
 3  7  9 24 32 36 
 2  8  9 24 32 36 
 4  5 10 24 32 36 
 3  6 10 24 32 36 
 2  7 10 24 32 36 
 1  8 10 24 32 36 
 3  5 11 24 32 36 
 2  6 11 24 32 36 
 1  7 11 24 32 36 
 3  4 12 24 32 36 
 2  5 12 24 32 36 
 1  6 12 24 32 36 
 2  4 13 24 32 36 
 1  5 13 24 32 36 
 2  3 14 24 32 36 
 1  4 14 24 32 36 
 1  3 15 24 32 36 
 1  2 16 24 32 36 
 5  6  7 25 32 36 
 4  6  8 25 32 36 
 3  7  8 25 32 36 
 4  5  9 25 32 36 
 3  6  9 25 32 36 
 2  7  9 25 32 36 
 1  8  9 25 32 36 
 3  5 10 25 32 36 
 2  6 10 25 32 36 
 1  7 10 25 32 36 
 3  4 11 25 32 36 
 2  5 11 25 32 36 
 1  6 11 25 32 36 
 2  4 12 25 32 36 
 1  5 12 25 32 36 
 2  3 13 25 32 36 
 1  4 13 25 32 36 
 1  3 14 25 32 36 
 1  2 15 25 32 36 
 4  6  7 26 32 36 
 4  5  8 26 32 36 
 3  6  8 26 32 36 
 2  7  8 26 32 36 
 3  5  9 26 32 36 
 2  6  9 26 32 36 
 1  7  9 26 32 36 
 3  4 10 26 32 36 
 2  5 10 26 32 36 
 1  6 10 26 32 36 
 2  4 11 26 32 36 
 1  5 11 26 32 36 
 2  3 12 26 32 36 
 1  4 12 26 32 36 
 1  3 13 26 32 36 
 1  2 14 26 32 36 
 4  5  7 27 32 36 
 3  6  7 27 32 36 
 3  5  8 27 32 36 
 2  6  8 27 32 36 
 1  7  8 27 32 36 
 3  4  9 27 32 36 
 2  5  9 27 32 36 
 1  6  9 27 32 36 
 2  4 10 27 32 36 
 1  5 10 27 32 36 
 2  3 11 27 32 36 
 1  4 11 27 32 36 
 1  3 12 27 32 36 
 1  2 13 27 32 36 
 4  5  6 28 32 36 
 3  5  7 28 32 36 
 2  6  7 28 32 36 
 3  4  8 28 32 36 
 2  5  8 28 32 36 
 1  6  8 28 32 36 
 2  4  9 28 32 36 
 1  5  9 28 32 36 
 2  3 10 28 32 36 
 1  4 10 28 32 36 
 1  3 11 28 32 36 
 1  2 12 28 32 36 
 3  5  6 29 32 36 
 3  4  7 29 32 36 
 2  5  7 29 32 36 
 1  6  7 29 32 36 
 2  4  8 29 32 36 
 1  5  8 29 32 36 
 2  3  9 29 32 36 
 1  4  9 29 32 36 
 1  3 10 29 32 36 
 1  2 11 29 32 36 
 3  4  6 30 32 36 
 2  5  6 30 32 36 
 2  4  7 30 32 36 
 1  5  7 30 32 36 
 2  3  8 30 32 36 
 1  4  8 30 32 36 
 1  3  9 30 32 36 
 1  2 10 30 32 36 
 3  4  5 31 32 36 
 2  4  6 31 32 36 
 1  5  6 31 32 36 
 2  3  7 31 32 36 
 1  4  7 31 32 36 
 1  3  8 31 32 36 
 1  2  9 31 32 36 
 9 10 11 12 33 36 
 8 10 11 13 33 36 
 8  9 12 13 33 36 
 7 10 12 13 33 36 
 6 11 12 13 33 36 
 8  9 11 14 33 36 
 7 10 11 14 33 36 
 7  9 12 14 33 36 
 6 10 12 14 33 36 
 5 11 12 14 33 36 
 7  8 13 14 33 36 
 6  9 13 14 33 36 
 5 10 13 14 33 36 
 4 11 13 14 33 36 
 3 12 13 14 33 36 
 8  9 10 15 33 36 
 7  9 11 15 33 36 
 6 10 11 15 33 36 
 7  8 12 15 33 36 
 6  9 12 15 33 36 
 5 10 12 15 33 36 
 4 11 12 15 33 36 
 6  8 13 15 33 36 
 5  9 13 15 33 36 
 4 10 13 15 33 36 
 3 11 13 15 33 36 
 2 12 13 15 33 36 
 6  7 14 15 33 36 
 5  8 14 15 33 36 
 4  9 14 15 33 36 
 3 10 14 15 33 36 
 2 11 14 15 33 36 
 1 12 14 15 33 36 
 7  9 10 16 33 36 
 7  8 11 16 33 36 
 6  9 11 16 33 36 
 5 10 11 16 33 36 
 6  8 12 16 33 36 
 5  9 12 16 33 36 
 4 10 12 16 33 36 
 3 11 12 16 33 36 
 6  7 13 16 33 36 
 5  8 13 16 33 36 
 4  9 13 16 33 36 
 3 10 13 16 33 36 
 2 11 13 16 33 36 
 1 12 13 16 33 36 
 5  7 14 16 33 36 
 4  8 14 16 33 36 
 3  9 14 16 33 36 
 2 10 14 16 33 36 
 1 11 14 16 33 36 
 5  6 15 16 33 36 
 4  7 15 16 33 36 
 3  8 15 16 33 36 
 2  9 15 16 33 36 
 1 10 15 16 33 36 
 7  8 10 17 33 36 
 6  9 10 17 33 36 
 6  8 11 17 33 36 
 5  9 11 17 33 36 
 4 10 11 17 33 36 
 6  7 12 17 33 36 
 5  8 12 17 33 36 
 4  9 12 17 33 36 
 3 10 12 17 33 36 
 2 11 12 17 33 36 
 5  7 13 17 33 36 
 4  8 13 17 33 36 
 3  9 13 17 33 36 
 2 10 13 17 33 36 
 1 11 13 17 33 36 
 5  6 14 17 33 36 
 4  7 14 17 33 36 
 3  8 14 17 33 36 
 2  9 14 17 33 36 
 1 10 14 17 33 36 
 4  6 15 17 33 36 
 3  7 15 17 33 36 
 2  8 15 17 33 36 
 1  9 15 17 33 36 
 4  5 16 17 33 36 
 3  6 16 17 33 36 
 2  7 16 17 33 36 
 1  8 16 17 33 36 
 7  8  9 18 33 36 
 6  8 10 18 33 36 
 5  9 10 18 33 36 
 6  7 11 18 33 36 
 5  8 11 18 33 36 
 4  9 11 18 33 36 
 3 10 11 18 33 36 
 5  7 12 18 33 36 
 4  8 12 18 33 36 
 3  9 12 18 33 36 
 2 10 12 18 33 36 
 1 11 12 18 33 36 
 5  6 13 18 33 36 
 4  7 13 18 33 36 
 3  8 13 18 33 36 
 2  9 13 18 33 36 
 1 10 13 18 33 36 
 4  6 14 18 33 36 
 3  7 14 18 33 36 
 2  8 14 18 33 36 
 1  9 14 18 33 36 
 4  5 15 18 33 36 
 3  6 15 18 33 36 
 2  7 15 18 33 36 
 1  8 15 18 33 36 
 3  5 16 18 33 36 
 2  6 16 18 33 36 
 1  7 16 18 33 36 
 3  4 17 18 33 36 
 2  5 17 18 33 36 
 1  6 17 18 33 36 
 6  8  9 19 33 36 
 6  7 10 19 33 36 
 5  8 10 19 33 36 
 4  9 10 19 33 36 
 5  7 11 19 33 36 
 4  8 11 19 33 36 
 3  9 11 19 33 36 
 2 10 11 19 33 36 
 5  6 12 19 33 36 
 4  7 12 19 33 36 
 3  8 12 19 33 36 
 2  9 12 19 33 36 
 1 10 12 19 33 36 
 4  6 13 19 33 36 
 3  7 13 19 33 36 
 2  8 13 19 33 36 
 1  9 13 19 33 36 
 4  5 14 19 33 36 
 3  6 14 19 33 36 
 2  7 14 19 33 36 
 1  8 14 19 33 36 
 3  5 15 19 33 36 
 2  6 15 19 33 36 
 1  7 15 19 33 36 
 3  4 16 19 33 36 
 2  5 16 19 33 36 
 1  6 16 19 33 36 
 2  4 17 19 33 36 
 1  5 17 19 33 36 
 2  3 18 19 33 36 
 1  4 18 19 33 36 
 6  7  9 20 33 36 
 5  8  9 20 33 36 
 5  7 10 20 33 36 
 4  8 10 20 33 36 
 3  9 10 20 33 36 
 5  6 11 20 33 36 
 4  7 11 20 33 36 
 3  8 11 20 33 36 
 2  9 11 20 33 36 
 1 10 11 20 33 36 
 4  6 12 20 33 36 
 3  7 12 20 33 36 
 2  8 12 20 33 36 
 1  9 12 20 33 36 
 4  5 13 20 33 36 
 3  6 13 20 33 36 
 2  7 13 20 33 36 
 1  8 13 20 33 36 
 3  5 14 20 33 36 
 2  6 14 20 33 36 
 1  7 14 20 33 36 
 3  4 15 20 33 36 
 2  5 15 20 33 36 
 1  6 15 20 33 36 
 2  4 16 20 33 36 
 1  5 16 20 33 36 
 2  3 17 20 33 36 
 1  4 17 20 33 36 
 1  3 18 20 33 36 
 1  2 19 20 33 36 
 6  7  8 21 33 36 
 5  7  9 21 33 36 
 4  8  9 21 33 36 
 5  6 10 21 33 36 
 4  7 10 21 33 36 
 3  8 10 21 33 36 
 2  9 10 21 33 36 
 4  6 11 21 33 36 
 3  7 11 21 33 36 
 2  8 11 21 33 36 
 1  9 11 21 33 36 
 4  5 12 21 33 36 
 3  6 12 21 33 36 
 2  7 12 21 33 36 
 1  8 12 21 33 36 
 3  5 13 21 33 36 
 2  6 13 21 33 36 
 1  7 13 21 33 36 
 3  4 14 21 33 36 
 2  5 14 21 33 36 
 1  6 14 21 33 36 
 2  4 15 21 33 36 
 1  5 15 21 33 36 
 2  3 16 21 33 36 
 1  4 16 21 33 36 
 1  3 17 21 33 36 
 1  2 18 21 33 36 
 5  7  8 22 33 36 
 5  6  9 22 33 36 
 4  7  9 22 33 36 
 3  8  9 22 33 36 
 4  6 10 22 33 36 
 3  7 10 22 33 36 
 2  8 10 22 33 36 
 1  9 10 22 33 36 
 4  5 11 22 33 36 
 3  6 11 22 33 36 
 2  7 11 22 33 36 
 1  8 11 22 33 36 
 3  5 12 22 33 36 
 2  6 12 22 33 36 
 1  7 12 22 33 36 
 3  4 13 22 33 36 
 2  5 13 22 33 36 
 1  6 13 22 33 36 
 2  4 14 22 33 36 
 1  5 14 22 33 36 
 2  3 15 22 33 36 
 1  4 15 22 33 36 
 1  3 16 22 33 36 
 1  2 17 22 33 36 
 5  6  8 23 33 36 
 4  7  8 23 33 36 
 4  6  9 23 33 36 
 3  7  9 23 33 36 
 2  8  9 23 33 36 
 4  5 10 23 33 36 
 3  6 10 23 33 36 
 2  7 10 23 33 36 
 1  8 10 23 33 36 
 3  5 11 23 33 36 
 2  6 11 23 33 36 
 1  7 11 23 33 36 
 3  4 12 23 33 36 
 2  5 12 23 33 36 
 1  6 12 23 33 36 
 2  4 13 23 33 36 
 1  5 13 23 33 36 
 2  3 14 23 33 36 
 1  4 14 23 33 36 
 1  3 15 23 33 36 
 1  2 16 23 33 36 
 5  6  7 24 33 36 
 4  6  8 24 33 36 
 3  7  8 24 33 36 
 4  5  9 24 33 36 
 3  6  9 24 33 36 
 2  7  9 24 33 36 
 1  8  9 24 33 36 
 3  5 10 24 33 36 
 2  6 10 24 33 36 
 1  7 10 24 33 36 
 3  4 11 24 33 36 
 2  5 11 24 33 36 
 1  6 11 24 33 36 
 2  4 12 24 33 36 
 1  5 12 24 33 36 
 2  3 13 24 33 36 
 1  4 13 24 33 36 
 1  3 14 24 33 36 
 1  2 15 24 33 36 
 4  6  7 25 33 36 
 4  5  8 25 33 36 
 3  6  8 25 33 36 
 2  7  8 25 33 36 
 3  5  9 25 33 36 
 2  6  9 25 33 36 
 1  7  9 25 33 36 
 3  4 10 25 33 36 
 2  5 10 25 33 36 
 1  6 10 25 33 36 
 2  4 11 25 33 36 
 1  5 11 25 33 36 
 2  3 12 25 33 36 
 1  4 12 25 33 36 
 1  3 13 25 33 36 
 1  2 14 25 33 36 
 4  5  7 26 33 36 
 3  6  7 26 33 36 
 3  5  8 26 33 36 
 2  6  8 26 33 36 
 1  7  8 26 33 36 
 3  4  9 26 33 36 
 2  5  9 26 33 36 
 1  6  9 26 33 36 
 2  4 10 26 33 36 
 1  5 10 26 33 36 
 2  3 11 26 33 36 
 1  4 11 26 33 36 
 1  3 12 26 33 36 
 1  2 13 26 33 36 
 4  5  6 27 33 36 
 3  5  7 27 33 36 
 2  6  7 27 33 36 
 3  4  8 27 33 36 
 2  5  8 27 33 36 
 1  6  8 27 33 36 
 2  4  9 27 33 36 
 1  5  9 27 33 36 
 2  3 10 27 33 36 
 1  4 10 27 33 36 
 1  3 11 27 33 36 
 1  2 12 27 33 36 
 3  5  6 28 33 36 
 3  4  7 28 33 36 
 2  5  7 28 33 36 
 1  6  7 28 33 36 
 2  4  8 28 33 36 
 1  5  8 28 33 36 
 2  3  9 28 33 36 
 1  4  9 28 33 36 
 1  3 10 28 33 36 
 1  2 11 28 33 36 
 3  4  6 29 33 36 
 2  5  6 29 33 36 
 2  4  7 29 33 36 
 1  5  7 29 33 36 
 2  3  8 29 33 36 
 1  4  8 29 33 36 
 1  3  9 29 33 36 
 1  2 10 29 33 36 
 3  4  5 30 33 36 
 2  4  6 30 33 36 
 1  5  6 30 33 36 
 2  3  7 30 33 36 
 1  4  7 30 33 36 
 1  3  8 30 33 36 
 1  2  9 30 33 36 
 2  4  5 31 33 36 
 2  3  6 31 33 36 
 1  4  6 31 33 36 
 1  3  7 31 33 36 
 1  2  8 31 33 36 
 2  3  5 32 33 36 
 1  4  5 32 33 36 
 1  3  6 32 33 36 
 1  2  7 32 33 36 
 8 10 11 12 34 36 
 8  9 11 13 34 36 
 7 10 11 13 34 36 
 7  9 12 13 34 36 
 6 10 12 13 34 36 
 5 11 12 13 34 36 
 8  9 10 14 34 36 
 7  9 11 14 34 36 
 6 10 11 14 34 36 
 7  8 12 14 34 36 
 6  9 12 14 34 36 
 5 10 12 14 34 36 
 4 11 12 14 34 36 
 6  8 13 14 34 36 
 5  9 13 14 34 36 
 4 10 13 14 34 36 
 3 11 13 14 34 36 
 2 12 13 14 34 36 
 7  9 10 15 34 36 
 7  8 11 15 34 36 
 6  9 11 15 34 36 
 5 10 11 15 34 36 
 6  8 12 15 34 36 
 5  9 12 15 34 36 
 4 10 12 15 34 36 
 3 11 12 15 34 36 
 6  7 13 15 34 36 
 5  8 13 15 34 36 
 4  9 13 15 34 36 
 3 10 13 15 34 36 
 2 11 13 15 34 36 
 1 12 13 15 34 36 
 5  7 14 15 34 36 
 4  8 14 15 34 36 
 3  9 14 15 34 36 
 2 10 14 15 34 36 
 1 11 14 15 34 36 
 7  8 10 16 34 36 
 6  9 10 16 34 36 
 6  8 11 16 34 36 
 5  9 11 16 34 36 
 4 10 11 16 34 36 
 6  7 12 16 34 36 
 5  8 12 16 34 36 
 4  9 12 16 34 36 
 3 10 12 16 34 36 
 2 11 12 16 34 36 
 5  7 13 16 34 36 
 4  8 13 16 34 36 
 3  9 13 16 34 36 
 2 10 13 16 34 36 
 1 11 13 16 34 36 
 5  6 14 16 34 36 
 4  7 14 16 34 36 
 3  8 14 16 34 36 
 2  9 14 16 34 36 
 1 10 14 16 34 36 
 4  6 15 16 34 36 
 3  7 15 16 34 36 
 2  8 15 16 34 36 
 1  9 15 16 34 36 
 7  8  9 17 34 36 
 6  8 10 17 34 36 
 5  9 10 17 34 36 
 6  7 11 17 34 36 
 5  8 11 17 34 36 
 4  9 11 17 34 36 
 3 10 11 17 34 36 
 5  7 12 17 34 36 
 4  8 12 17 34 36 
 3  9 12 17 34 36 
 2 10 12 17 34 36 
 1 11 12 17 34 36 
 5  6 13 17 34 36 
 4  7 13 17 34 36 
 3  8 13 17 34 36 
 2  9 13 17 34 36 
 1 10 13 17 34 36 
 4  6 14 17 34 36 
 3  7 14 17 34 36 
 2  8 14 17 34 36 
 1  9 14 17 34 36 
 4  5 15 17 34 36 
 3  6 15 17 34 36 
 2  7 15 17 34 36 
 1  8 15 17 34 36 
 3  5 16 17 34 36 
 2  6 16 17 34 36 
 1  7 16 17 34 36 
 6  8  9 18 34 36 
 6  7 10 18 34 36 
 5  8 10 18 34 36 
 4  9 10 18 34 36 
 5  7 11 18 34 36 
 4  8 11 18 34 36 
 3  9 11 18 34 36 
 2 10 11 18 34 36 
 5  6 12 18 34 36 
 4  7 12 18 34 36 
 3  8 12 18 34 36 
 2  9 12 18 34 36 
 1 10 12 18 34 36 
 4  6 13 18 34 36 
 3  7 13 18 34 36 
 2  8 13 18 34 36 
 1  9 13 18 34 36 
 4  5 14 18 34 36 
 3  6 14 18 34 36 
 2  7 14 18 34 36 
 1  8 14 18 34 36 
 3  5 15 18 34 36 
 2  6 15 18 34 36 
 1  7 15 18 34 36 
 3  4 16 18 34 36 
 2  5 16 18 34 36 
 1  6 16 18 34 36 
 2  4 17 18 34 36 
 1  5 17 18 34 36 
 6  7  9 19 34 36 
 5  8  9 19 34 36 
 5  7 10 19 34 36 
 4  8 10 19 34 36 
 3  9 10 19 34 36 
 5  6 11 19 34 36 
 4  7 11 19 34 36 
 3  8 11 19 34 36 
 2  9 11 19 34 36 
 1 10 11 19 34 36 
 4  6 12 19 34 36 
 3  7 12 19 34 36 
 2  8 12 19 34 36 
 1  9 12 19 34 36 
 4  5 13 19 34 36 
 3  6 13 19 34 36 
 2  7 13 19 34 36 
 1  8 13 19 34 36 
 3  5 14 19 34 36 
 2  6 14 19 34 36 
 1  7 14 19 34 36 
 3  4 15 19 34 36 
 2  5 15 19 34 36 
 1  6 15 19 34 36 
 2  4 16 19 34 36 
 1  5 16 19 34 36 
 2  3 17 19 34 36 
 1  4 17 19 34 36 
 1  3 18 19 34 36 
 6  7  8 20 34 36 
 5  7  9 20 34 36 
 4  8  9 20 34 36 
 5  6 10 20 34 36 
 4  7 10 20 34 36 
 3  8 10 20 34 36 
 2  9 10 20 34 36 
 4  6 11 20 34 36 
 3  7 11 20 34 36 
 2  8 11 20 34 36 
 1  9 11 20 34 36 
 4  5 12 20 34 36 
 3  6 12 20 34 36 
 2  7 12 20 34 36 
 1  8 12 20 34 36 
 3  5 13 20 34 36 
 2  6 13 20 34 36 
 1  7 13 20 34 36 
 3  4 14 20 34 36 
 2  5 14 20 34 36 
 1  6 14 20 34 36 
 2  4 15 20 34 36 
 1  5 15 20 34 36 
 2  3 16 20 34 36 
 1  4 16 20 34 36 
 1  3 17 20 34 36 
 1  2 18 20 34 36 
 5  7  8 21 34 36 
 5  6  9 21 34 36 
 4  7  9 21 34 36 
 3  8  9 21 34 36 
 4  6 10 21 34 36 
 3  7 10 21 34 36 
 2  8 10 21 34 36 
 1  9 10 21 34 36 
 4  5 11 21 34 36 
 3  6 11 21 34 36 
 2  7 11 21 34 36 
 1  8 11 21 34 36 
 3  5 12 21 34 36 
 2  6 12 21 34 36 
 1  7 12 21 34 36 
 3  4 13 21 34 36 
 2  5 13 21 34 36 
 1  6 13 21 34 36 
 2  4 14 21 34 36 
 1  5 14 21 34 36 
 2  3 15 21 34 36 
 1  4 15 21 34 36 
 1  3 16 21 34 36 
 1  2 17 21 34 36 
 5  6  8 22 34 36 
 4  7  8 22 34 36 
 4  6  9 22 34 36 
 3  7  9 22 34 36 
 2  8  9 22 34 36 
 4  5 10 22 34 36 
 3  6 10 22 34 36 
 2  7 10 22 34 36 
 1  8 10 22 34 36 
 3  5 11 22 34 36 
 2  6 11 22 34 36 
 1  7 11 22 34 36 
 3  4 12 22 34 36 
 2  5 12 22 34 36 
 1  6 12 22 34 36 
 2  4 13 22 34 36 
 1  5 13 22 34 36 
 2  3 14 22 34 36 
 1  4 14 22 34 36 
 1  3 15 22 34 36 
 1  2 16 22 34 36 
 5  6  7 23 34 36 
 4  6  8 23 34 36 
 3  7  8 23 34 36 
 4  5  9 23 34 36 
 3  6  9 23 34 36 
 2  7  9 23 34 36 
 1  8  9 23 34 36 
 3  5 10 23 34 36 
 2  6 10 23 34 36 
 1  7 10 23 34 36 
 3  4 11 23 34 36 
 2  5 11 23 34 36 
 1  6 11 23 34 36 
 2  4 12 23 34 36 
 1  5 12 23 34 36 
 2  3 13 23 34 36 
 1  4 13 23 34 36 
 1  3 14 23 34 36 
 1  2 15 23 34 36 
 4  6  7 24 34 36 
 4  5  8 24 34 36 
 3  6  8 24 34 36 
 2  7  8 24 34 36 
 3  5  9 24 34 36 
 2  6  9 24 34 36 
 1  7  9 24 34 36 
 3  4 10 24 34 36 
 2  5 10 24 34 36 
 1  6 10 24 34 36 
 2  4 11 24 34 36 
 1  5 11 24 34 36 
 2  3 12 24 34 36 
 1  4 12 24 34 36 
 1  3 13 24 34 36 
 1  2 14 24 34 36 
 4  5  7 25 34 36 
 3  6  7 25 34 36 
 3  5  8 25 34 36 
 2  6  8 25 34 36 
 1  7  8 25 34 36 
 3  4  9 25 34 36 
 2  5  9 25 34 36 
 1  6  9 25 34 36 
 2  4 10 25 34 36 
 1  5 10 25 34 36 
 2  3 11 25 34 36 
 1  4 11 25 34 36 
 1  3 12 25 34 36 
 1  2 13 25 34 36 
 4  5  6 26 34 36 
 3  5  7 26 34 36 
 2  6  7 26 34 36 
 3  4  8 26 34 36 
 2  5  8 26 34 36 
 1  6  8 26 34 36 
 2  4  9 26 34 36 
 1  5  9 26 34 36 
 2  3 10 26 34 36 
 1  4 10 26 34 36 
 1  3 11 26 34 36 
 1  2 12 26 34 36 
 3  5  6 27 34 36 
 3  4  7 27 34 36 
 2  5  7 27 34 36 
 1  6  7 27 34 36 
 2  4  8 27 34 36 
 1  5  8 27 34 36 
 2  3  9 27 34 36 
 1  4  9 27 34 36 
 1  3 10 27 34 36 
 1  2 11 27 34 36 
 3  4  6 28 34 36 
 2  5  6 28 34 36 
 2  4  7 28 34 36 
 1  5  7 28 34 36 
 2  3  8 28 34 36 
 1  4  8 28 34 36 
 1  3  9 28 34 36 
 1  2 10 28 34 36 
 3  4  5 29 34 36 
 2  4  6 29 34 36 
 1  5  6 29 34 36 
 2  3  7 29 34 36 
 1  4  7 29 34 36 
 1  3  8 29 34 36 
 1  2  9 29 34 36 
 2  4  5 30 34 36 
 2  3  6 30 34 36 
 1  4  6 30 34 36 
 1  3  7 30 34 36 
 1  2  8 30 34 36 
 2  3  5 31 34 36 
 1  4  5 31 34 36 
 1  3  6 31 34 36 
 1  2  7 31 34 36 
 2  3  4 32 34 36 
 1  3  5 32 34 36 
 1  2  6 32 34 36 
 1  3  4 33 34 36 
 1  2  5 33 34 36 
 8  9 11 12 35 36 
 7 10 11 12 35 36 
 8  9 10 13 35 36 
 7  9 11 13 35 36 
 6 10 11 13 35 36 
 7  8 12 13 35 36 
 6  9 12 13 35 36 
 5 10 12 13 35 36 
 4 11 12 13 35 36 
 7  9 10 14 35 36 
 7  8 11 14 35 36 
 6  9 11 14 35 36 
 5 10 11 14 35 36 
 6  8 12 14 35 36 
 5  9 12 14 35 36 
 4 10 12 14 35 36 
 3 11 12 14 35 36 
 6  7 13 14 35 36 
 5  8 13 14 35 36 
 4  9 13 14 35 36 
 3 10 13 14 35 36 
 2 11 13 14 35 36 
 1 12 13 14 35 36 
 7  8 10 15 35 36 
 6  9 10 15 35 36 
 6  8 11 15 35 36 
 5  9 11 15 35 36 
 4 10 11 15 35 36 
 6  7 12 15 35 36 
 5  8 12 15 35 36 
 4  9 12 15 35 36 
 3 10 12 15 35 36 
 2 11 12 15 35 36 
 5  7 13 15 35 36 
 4  8 13 15 35 36 
 3  9 13 15 35 36 
 2 10 13 15 35 36 
 1 11 13 15 35 36 
 5  6 14 15 35 36 
 4  7 14 15 35 36 
 3  8 14 15 35 36 
 2  9 14 15 35 36 
 1 10 14 15 35 36 
 7  8  9 16 35 36 
 6  8 10 16 35 36 
 5  9 10 16 35 36 
 6  7 11 16 35 36 
 5  8 11 16 35 36 
 4  9 11 16 35 36 
 3 10 11 16 35 36 
 5  7 12 16 35 36 
 4  8 12 16 35 36 
 3  9 12 16 35 36 
 2 10 12 16 35 36 
 1 11 12 16 35 36 
 5  6 13 16 35 36 
 4  7 13 16 35 36 
 3  8 13 16 35 36 
 2  9 13 16 35 36 
 1 10 13 16 35 36 
 4  6 14 16 35 36 
 3  7 14 16 35 36 
 2  8 14 16 35 36 
 1  9 14 16 35 36 
 4  5 15 16 35 36 
 3  6 15 16 35 36 
 2  7 15 16 35 36 
 1  8 15 16 35 36 
 6  8  9 17 35 36 
 6  7 10 17 35 36 
 5  8 10 17 35 36 
 4  9 10 17 35 36 
 5  7 11 17 35 36 
 4  8 11 17 35 36 
 3  9 11 17 35 36 
 2 10 11 17 35 36 
 5  6 12 17 35 36 
 4  7 12 17 35 36 
 3  8 12 17 35 36 
 2  9 12 17 35 36 
 1 10 12 17 35 36 
 4  6 13 17 35 36 
 3  7 13 17 35 36 
 2  8 13 17 35 36 
 1  9 13 17 35 36 
 4  5 14 17 35 36 
 3  6 14 17 35 36 
 2  7 14 17 35 36 
 1  8 14 17 35 36 
 3  5 15 17 35 36 
 2  6 15 17 35 36 
 1  7 15 17 35 36 
 3  4 16 17 35 36 
 2  5 16 17 35 36 
 1  6 16 17 35 36 
 6  7  9 18 35 36 
 5  8  9 18 35 36 
 5  7 10 18 35 36 
 4  8 10 18 35 36 
 3  9 10 18 35 36 
 5  6 11 18 35 36 
 4  7 11 18 35 36 
 3  8 11 18 35 36 
 2  9 11 18 35 36 
 1 10 11 18 35 36 
 4  6 12 18 35 36 
 3  7 12 18 35 36 
 2  8 12 18 35 36 
 1  9 12 18 35 36 
 4  5 13 18 35 36 
 3  6 13 18 35 36 
 2  7 13 18 35 36 
 1  8 13 18 35 36 
 3  5 14 18 35 36 
 2  6 14 18 35 36 
 1  7 14 18 35 36 
 3  4 15 18 35 36 
 2  5 15 18 35 36 
 1  6 15 18 35 36 
 2  4 16 18 35 36 
 1  5 16 18 35 36 
 2  3 17 18 35 36 
 1  4 17 18 35 36 
 6  7  8 19 35 36 
 5  7  9 19 35 36 
 4  8  9 19 35 36 
 5  6 10 19 35 36 
 4  7 10 19 35 36 
 3  8 10 19 35 36 
 2  9 10 19 35 36 
 4  6 11 19 35 36 
 3  7 11 19 35 36 
 2  8 11 19 35 36 
 1  9 11 19 35 36 
 4  5 12 19 35 36 
 3  6 12 19 35 36 
 2  7 12 19 35 36 
 1  8 12 19 35 36 
 3  5 13 19 35 36 
 2  6 13 19 35 36 
 1  7 13 19 35 36 
 3  4 14 19 35 36 
 2  5 14 19 35 36 
 1  6 14 19 35 36 
 2  4 15 19 35 36 
 1  5 15 19 35 36 
 2  3 16 19 35 36 
 1  4 16 19 35 36 
 1  3 17 19 35 36 
 1  2 18 19 35 36 
 5  7  8 20 35 36 
 5  6  9 20 35 36 
 4  7  9 20 35 36 
 3  8  9 20 35 36 
 4  6 10 20 35 36 
 3  7 10 20 35 36 
 2  8 10 20 35 36 
 1  9 10 20 35 36 
 4  5 11 20 35 36 
 3  6 11 20 35 36 
 2  7 11 20 35 36 
 1  8 11 20 35 36 
 3  5 12 20 35 36 
 2  6 12 20 35 36 
 1  7 12 20 35 36 
 3  4 13 20 35 36 
 2  5 13 20 35 36 
 1  6 13 20 35 36 
 2  4 14 20 35 36 
 1  5 14 20 35 36 
 2  3 15 20 35 36 
 1  4 15 20 35 36 
 1  3 16 20 35 36 
 1  2 17 20 35 36 
 5  6  8 21 35 36 
 4  7  8 21 35 36 
 4  6  9 21 35 36 
 3  7  9 21 35 36 
 2  8  9 21 35 36 
 4  5 10 21 35 36 
 3  6 10 21 35 36 
 2  7 10 21 35 36 
 1  8 10 21 35 36 
 3  5 11 21 35 36 
 2  6 11 21 35 36 
 1  7 11 21 35 36 
 3  4 12 21 35 36 
 2  5 12 21 35 36 
 1  6 12 21 35 36 
 2  4 13 21 35 36 
 1  5 13 21 35 36 
 2  3 14 21 35 36 
 1  4 14 21 35 36 
 1  3 15 21 35 36 
 1  2 16 21 35 36 
 5  6  7 22 35 36 
 4  6  8 22 35 36 
 3  7  8 22 35 36 
 4  5  9 22 35 36 
 3  6  9 22 35 36 
 2  7  9 22 35 36 
 1  8  9 22 35 36 
 3  5 10 22 35 36 
 2  6 10 22 35 36 
 1  7 10 22 35 36 
 3  4 11 22 35 36 
 2  5 11 22 35 36 
 1  6 11 22 35 36 
 2  4 12 22 35 36 
 1  5 12 22 35 36 
 2  3 13 22 35 36 
 1  4 13 22 35 36 
 1  3 14 22 35 36 
 1  2 15 22 35 36 
 4  6  7 23 35 36 
 4  5  8 23 35 36 
 3  6  8 23 35 36 
 2  7  8 23 35 36 
 3  5  9 23 35 36 
 2  6  9 23 35 36 
 1  7  9 23 35 36 
 3  4 10 23 35 36 
 2  5 10 23 35 36 
 1  6 10 23 35 36 
 2  4 11 23 35 36 
 1  5 11 23 35 36 
 2  3 12 23 35 36 
 1  4 12 23 35 36 
 1  3 13 23 35 36 
 1  2 14 23 35 36 
 4  5  7 24 35 36 
 3  6  7 24 35 36 
 3  5  8 24 35 36 
 2  6  8 24 35 36 
 1  7  8 24 35 36 
 3  4  9 24 35 36 
 2  5  9 24 35 36 
 1  6  9 24 35 36 
 2  4 10 24 35 36 
 1  5 10 24 35 36 
 2  3 11 24 35 36 
 1  4 11 24 35 36 
 1  3 12 24 35 36 
 1  2 13 24 35 36 
 4  5  6 25 35 36 
 3  5  7 25 35 36 
 2  6  7 25 35 36 
 3  4  8 25 35 36 
 2  5  8 25 35 36 
 1  6  8 25 35 36 
 2  4  9 25 35 36 
 1  5  9 25 35 36 
 2  3 10 25 35 36 
 1  4 10 25 35 36 
 1  3 11 25 35 36 
 1  2 12 25 35 36 
 3  5  6 26 35 36 
 3  4  7 26 35 36 
 2  5  7 26 35 36 
 1  6  7 26 35 36 
 2  4  8 26 35 36 
 1  5  8 26 35 36 
 2  3  9 26 35 36 
 1  4  9 26 35 36 
 1  3 10 26 35 36 
 1  2 11 26 35 36 
 3  4  6 27 35 36 
 2  5  6 27 35 36 
 2  4  7 27 35 36 
 1  5  7 27 35 36 
 2  3  8 27 35 36 
 1  4  8 27 35 36 
 1  3  9 27 35 36 
 1  2 10 27 35 36 
 3  4  5 28 35 36 
 2  4  6 28 35 36 
 1  5  6 28 35 36 
 2  3  7 28 35 36 
 1  4  7 28 35 36 
 1  3  8 28 35 36 
 1  2  9 28 35 36 
 2  4  5 29 35 36 
 2  3  6 29 35 36 
 1  4  6 29 35 36 
 1  3  7 29 35 36 
 1  2  8 29 35 36 
 2  3  5 30 35 36 
 1  4  5 30 35 36 
 1  3  6 30 35 36 
 1  2  7 30 35 36 
 2  3  4 31 35 36 
 1  3  5 31 35 36 
 1  2  6 31 35 36 
 1  3  4 32 35 36 
 1  2  5 32 35 36 
 1  2  4 33 35 36 
 1  2  3 34 35 36 
constex 1
  1   2   3   4   5   6   7   8   9  10  11  12  13  14  15  16  17  18  19  20  21  22  23  24  25  26  27  28  29  30  31  32  33  34  35  36 
  0 297 320 347 371 399 422 451 474 501 524 551 572 599 620 644 663 685 700 723 740 763 780 803 816 836 849 868 880 897 906 922 929 941 946 956 
constex 2
  1   2   3   4   5   6   7   8   9  10  11  12  13  14  15  16  17  18  19  20  21  22  23  24  25  26  27  28  29  30  31  32  33  34  35  36 
297   0 348 371 399 423 452 474 503 525 552 573 600 620 646 664 686 703 724 739 762 778 800 815 834 845 864 875 891 900 915 920 933 937 946 946 
constex 3
  1   2   3   4   5   6   7   8   9  10  11  12  13  14  15  16  17  18  19  20  21  22  23  24  25  26  27  28  29  30  31  32  33  34  35  36 
320 348   0 400 424 452 476 504 526 554 575 600 622 647 665 688 705 724 740 761 776 798 812 831 843 860 870 886 894 907 914 925 927 938 937 941 
constex 4
  1   2   3   4   5   6   7   8   9  10  11  12  13  14  15  16  17  18  19  20  21  22  23  24  25  26  27  28  29  30  31  32  33  34  35  36 
347 371 400   0 453 476 504 527 555 575 602 622 647 666 689 705 727 740 760 775 796 809 829 840 856 865 881 888 902 907 917 920 930 927 933 929 
constex 5
  1   2   3   4   5   6   7   8   9  10  11  12  13  14  15  16  17  18  19  20  21  22  23  24  25  26  27  28  29  30  31  32  33  34  35  36 
371 399 424 453   0 505 528 555 577 603 622 648 667 689 707 728 741 760 774 793 807 825 837 853 862 875 884 896 900 910 913 922 920 925 920 922 
constex 6
  1   2   3   4   5   6   7   8   9  10  11  12  13  14  15  16  17  18  19  20  21  22  23  24  25  26  27  28  29  30  31  32  33  34  35  36 
399 423 452 476 505   0 556 577 603 623 648 666 690 707 728 742 761 772 792 804 822 834 851 858 872 878 890 895 904 906 916 913 917 914 915 906 
constex 7
  1   2   3   4   5   6   7   8   9  10  11  12  13  14  15  16  17  18  19  20  21  22  23  24  25  26  27  28  29  30  31  32  33  34  35  36 
422 452 476 504 528 556   0 604 624 648 667 690 707 729 743 760 772 790 802 820 831 847 856 868 873 886 889 898 901 910 906 910 907 907 900 897 
constex 8
  1   2   3   4   5   6   7   8   9  10  11  12  13  14  15  16  17  18  19  20  21  22  23  24  25  26  27  28  29  30  31  32  33  34  35  36 
451 474 504 527 555 577 604   0 649 666 689 707 729 742 761 773 789 801 818 827 844 853 864 870 881 884 894 896 904 901 904 900 902 894 891 880 
constex 9
  1   2   3   4   5   6   7   8   9  10  11  12  13  14  15  16  17  18  19  20  21  22  23  24  25  26  27  28  29  30  31  32  33  34  35  36 
474 503 526 555 577 603 624 649   0 689 707 728 744 762 773 790 800 815 825 840 848 862 867 876 880 890 891 900 896 898 895 896 888 886 875 868 
constex 10
  1   2   3   4   5   6   7   8   9  10  11  12  13  14  15  16  17  18  19  20  21  22  23  24  25  26  27  28  29  30  31  32  33  34  35  36 
501 525 554 575 603 623 648 666 689   0 729 744 762 774 790 799 814 823 836 845 859 864 874 877 885 888 896 891 894 889 890 884 881 870 864 849 
constex 11
  1   2   3   4   5   6   7   8   9  10  11  12  13  14  15  16  17  18  19  20  21  22  23  24  25  26  27  28  29  30  31  32  33  34  35  36 
524 552 575 602 622 648 667 689 707 729   0 763 775 789 799 812 820 834 842 856 862 872 874 883 885 892 888 890 884 886 878 875 865 860 845 836 
constex 12
  1   2   3   4   5   6   7   8   9  10  11  12  13  14  15  16  17  18  19  20  21  22  23  24  25  26  27  28  29  30  31  32  33  34  35  36 
551 573 600 622 648 666 690 707 728 744 763   0 790 798 811 819 832 839 853 859 870 873 881 881 890 885 885 880 881 873 872 862 856 843 834 816 
constex 13
  1   2   3   4   5   6   7   8   9  10  11  12  13  14  15  16  17  18  19  20  21  22  23  24  25  26  27  28  29  30  31  32  33  34  35  36 
572 600 622 647 667 690 707 729 744 762 775 790   0 811 819 831 838 850 856 869 872 879 879 886 881 883 877 876 870 868 858 853 840 831 815 803 
constex 14
  1   2   3   4   5   6   7   8   9  10  11  12  13  14  15  16  17  18  19  20  21  22  23  24  25  26  27  28  29  30  31  32  33  34  35  36 
599 620 647 666 689 707 729 742 762 774 789 798 811   0 832 837 848 855 866 870 878 878 884 879 881 874 874 867 864 856 851 837 829 812 800 780 
constex 15
  1   2   3   4   5   6   7   8   9  10  11  12  13  14  15  16  17  18  19  20  21  22  23  24  25  26  27  28  29  30  31  32  33  34  35  36 
620 646 665 689 707 728 743 761 773 790 799 811 819 832   0 847 853 864 869 878 877 884 878 879 873 872 864 862 853 847 834 825 809 798 778 763 
constex 16
  1   2   3   4   5   6   7   8   9  10  11  12  13  14  15  16  17  18  19  20  21  22  23  24  25  26  27  28  29  30  31  32  33  34  35  36 
644 664 688 705 728 742 760 773 790 799 812 819 831 837 847   0 864 868 878 878 884 877 878 872 870 862 859 848 844 831 822 807 796 776 762 740 
constex 17
  1   2   3   4   5   6   7   8   9  10  11  12  13  14  15  16  17  18  19  20  21  22  23  24  25  26  27  28  29  30  31  32  33  34  35  36 
663 686 705 727 741 761 772 789 800 814 820 832 838 848 853 864   0 877 879 884 878 878 870 869 859 856 845 840 827 820 804 793 775 761 739 723 
constex 18
  1   2   3   4   5   6   7   8   9  10  11  12  13  14  15  16  17  18  19  20  21  22  23  24  25  26  27  28  29  30  31  32  33  34  35  36 
685 703 724 740 760 772 790 801 815 823 834 839 850 855 864 868 877   0 886 879 878 869 866 856 853 842 836 825 818 802 792 774 760 740 724 700 
constex 19
  1   2   3   4   5   6   7   8   9  10  11  12  13  14  15  16  17  18  19  20  21  22  23  24  25  26  27  28  29  30  31  32  33  34  35  36 
700 724 740 760 774 792 802 818 825 836 842 853 856 866 869 878 879 886   0 877 868 864 855 850 839 834 823 815 801 790 772 760 740 724 703 685 
constex 20
  1   2   3   4   5   6   7   8   9  10  11  12  13  14  15  16  17  18  19  20  21  22  23  24  25  26  27  28  29  30  31  32  33  34  35  36 
723 739 761 775 793 804 820 827 840 845 856 859 869 870 878 878 884 879 877   0 864 853 848 838 832 820 814 800 789 772 761 741 727 705 686 663 
constex 21
  1   2   3   4   5   6   7   8   9  10  11  12  13  14  15  16  17  18  19  20  21  22  23  24  25  26  27  28  29  30  31  32  33  34  35  36 
740 762 776 796 807 822 831 844 848 859 862 870 872 878 877 884 878 878 868 864   0 847 837 831 819 812 799 790 773 760 742 728 705 688 664 644 
constex 22
  1   2   3   4   5   6   7   8   9  10  11  12  13  14  15  16  17  18  19  20  21  22  23  24  25  26  27  28  29  30  31  32  33  34  35  36 
763 778 798 809 825 834 847 853 862 864 872 873 879 878 884 877 878 869 864 853 847   0 832 819 811 799 790 773 761 743 728 707 689 665 646 620 
constex 23
  1   2   3   4   5   6   7   8   9  10  11  12  13  14  15  16  17  18  19  20  21  22  23  24  25  26  27  28  29  30  31  32  33  34  35  36 
780 800 812 829 837 851 856 864 867 874 874 881 879 884 878 878 870 866 855 848 837 832   0 811 798 789 774 762 742 729 707 689 666 647 620 599 
constex 24
  1   2   3   4   5   6   7   8   9  10  11  12  13  14  15  16  17  18  19  20  21  22  23  24  25  26  27  28  29  30  31  32  33  34  35  36 
803 815 831 840 853 858 868 870 876 877 883 881 886 879 879 872 869 856 850 838 831 819 811   0 790 775 762 744 729 707 690 667 647 622 600 572 
constex 25
  1   2   3   4   5   6   7   8   9  10  11  12  13  14  15  16  17  18  19  20  21  22  23  24  25  26  27  28  29  30  31  32  33  34  35  36 
816 834 843 856 862 872 873 881 880 885 885 890 881 881 873 870 859 853 839 832 819 811 798 790   0 763 744 728 707 690 666 648 622 600 573 551 
constex 26
  1   2   3   4   5   6   7   8   9  10  11  12  13  14  15  16  17  18  19  20  21  22  23  24  25  26  27  28  29  30  31  32  33  34  35  36 
836 845 860 865 875 878 886 884 890 888 892 885 883 874 872 862 856 842 834 820 812 799 789 775 763   0 729 707 689 667 648 622 602 575 552 524 
constex 27
  1   2   3   4   5   6   7   8   9  10  11  12  13  14  15  16  17  18  19  20  21  22  23  24  25  26  27  28  29  30  31  32  33  34  35  36 
849 864 870 881 884 890 889 894 891 896 888 885 877 874 864 859 845 836 823 814 799 790 774 762 744 729   0 689 666 648 623 603 575 554 525 501 
constex 28
  1   2   3   4   5   6   7   8   9  10  11  12  13  14  15  16  17  18  19  20  21  22  23  24  25  26  27  28  29  30  31  32  33  34  35  36 
868 875 886 888 896 895 898 896 900 891 890 880 876 867 862 848 840 825 815 800 790 773 762 744 728 707 689   0 649 624 603 577 555 526 503 474 
constex 29
  1   2   3   4   5   6   7   8   9  10  11  12  13  14  15  16  17  18  19  20  21  22  23  24  25  26  27  28  29  30  31  32  33  34  35  36 
880 891 894 902 900 904 901 904 896 894 884 881 870 864 853 844 827 818 801 789 773 761 742 729 707 689 666 649   0 604 577 555 527 504 474 451 
constex 30
  1   2   3   4   5   6   7   8   9  10  11  12  13  14  15  16  17  18  19  20  21  22  23  24  25  26  27  28  29  30  31  32  33  34  35  36 
897 900 907 907 910 906 910 901 898 889 886 873 868 856 847 831 820 802 790 772 760 743 729 707 690 667 648 624 604   0 556 528 504 476 452 422 
constex 31
  1   2   3   4   5   6   7   8   9  10  11  12  13  14  15  16  17  18  19  20  21  22  23  24  25  26  27  28  29  30  31  32  33  34  35  36 
906 915 914 917 913 916 906 904 895 890 878 872 858 851 834 822 804 792 772 761 742 728 707 690 666 648 623 603 577 556   0 505 476 452 423 399 
constex 32
  1   2   3   4   5   6   7   8   9  10  11  12  13  14  15  16  17  18  19  20  21  22  23  24  25  26  27  28  29  30  31  32  33  34  35  36 
922 920 925 920 922 913 910 900 896 884 875 862 853 837 825 807 793 774 760 741 728 707 689 667 648 622 603 577 555 528 505   0 453 424 399 371 
constex 33
  1   2   3   4   5   6   7   8   9  10  11  12  13  14  15  16  17  18  19  20  21  22  23  24  25  26  27  28  29  30  31  32  33  34  35  36 
929 933 927 930 920 917 907 902 888 881 865 856 840 829 809 796 775 760 740 727 705 689 666 647 622 602 575 555 527 504 476 453   0 400 371 347 
constex 34
  1   2   3   4   5   6   7   8   9  10  11  12  13  14  15  16  17  18  19  20  21  22  23  24  25  26  27  28  29  30  31  32  33  34  35  36 
941 937 938 927 925 914 907 894 886 870 860 843 831 812 798 776 761 740 724 705 688 665 647 622 600 575 554 526 504 476 452 424 400   0 348 320 
constex 35
  1   2   3   4   5   6   7   8   9  10  11  12  13  14  15  16  17  18  19  20  21  22  23  24  25  26  27  28  29  30  31  32  33  34  35  36 
946 946 937 933 920 915 900 891 875 864 845 834 815 800 778 762 739 724 703 686 664 646 620 600 573 552 525 503 474 452 423 399 371 348   0 297 
constex 36
  1   2   3   4   5   6   7   8   9  10  11  12  13  14  15  16  17  18  19  20  21  22  23  24  25  26  27  28  29  30  31  32  33  34  35  36 
956 946 941 929 922 906 897 880 868 849 836 816 803 780 763 740 723 700 685 663 644 620 599 572 551 524 501 474 451 422 399 371 347 320 297   0 
